Policy,Subscript 1,Subscript 2,Subscript 3,2020,2021,2022,2023,2024,2025,2026,2027,2028,2029,2030,2031,2032,2033,2034,2035,2036,2037,2038,2039,2040,2041,2042,2043,2044,2045,2046,2047,2048,2049,2050,2051,2052,2053,2054,2055,2056,2057,2058,2059,2060,2061,2062,2063,2064,2065,2066,2067,2068,2069,2070,2071,2072,2073,2074,2075,2076,2077,2078,2079,2080,2081,2082,2083,2084,2085,2086,2087,2088,2089,2090,2091,2092,2093,2094,2095,2096,2097,2098,2099,2100
trans fuel economy standards,passenger,LDVs,,0,0.03,0.06,0.09,0.12,0.15,0.18,0.21,0.24,0.27,0.3,0.33,0.36,0.39,0.42,0.45,0.48,0.51,0.54,0.57,0.6,0.6,0.6,0.6,0.6,0.6,0.6,0.6,0.6,0.6,0.6,0.6,0.6,0.6,0.6,0.6,0.6,0.6,0.6,0.6,0.6,0.6,0.6,0.6,0.6,0.6,0.6,0.6,0.6,0.6,0.6,0.6,0.6,0.6,0.6,0.6,0.6,0.6,0.6,0.6,0.6,0.6,0.6,0.6,0.6,0.6,0.6,0.6,0.6,0.6,0.6,0.6,0.6,0.6,0.6,0.6,0.6,0.6,0.6,0.6,0.6
trans fuel economy standards,passenger,HDVs,,0,0.012,0.024,0.036,0.048,0.06,0.072,0.084,0.096,0.108,0.12,0.134,0.148,0.162,0.176,0.19,0.198,0.206,0.214,0.222,0.23,0.23,0.23,0.23,0.23,0.23,0.23,0.23,0.23,0.23,0.23,0.23,0.23,0.23,0.23,0.23,0.23,0.23,0.23,0.23,0.23,0.23,0.23,0.23,0.23,0.23,0.23,0.23,0.23,0.23,0.23,0.23,0.23,0.23,0.23,0.23,0.23,0.23,0.23,0.23,0.23,0.23,0.23,0.23,0.23,0.23,0.23,0.23,0.23,0.23,0.23,0.23,0.23,0.23,0.23,0.23,0.23,0.23,0.23,0.23,0.23
trans fuel economy standards,passenger,aircraft,,0,0,0,0,0,0,0,0,0,0,0,0,0,0,0,0,0,0,0,0,0,0,0,0,0,0,0,0,0,0,0,0,0,0,0,0,0,0,0,0,0,0,0,0,0,0,0,0,0,0,0,0,0,0,0,0,0,0,0,0,0,0,0,0,0,0,0,0,0,0,0,0,0,0,0,0,0,0,0,0,0
trans fuel economy standards,passenger,rail,,0,0,0,0.035714,0.071429,0.107143,0.142857,0.178571,0.214286,0.25,0.285714,0.321429,0.357143,0.392857,0.428571,0.464286,0.5,0.535714,0.571429,0.607143,0.642857,0.678571,0.714286,0.75,0.785714,0.821429,0.857143,0.892857,0.928571,0.964286,1,1,1,1,1,1,1,1,1,1,1,1,1,1,1,1,1,1,1,1,1,1,1,1,1,1,1,1,1,1,1,1,1,1,1,1,1,1,1,1,1,1,1,1,1,1,1,1,1,1,1
trans fuel economy standards,passenger,ships,,0,0.056667,0.113333,0.17,0.226667,0.283333,0.34,0.396667,0.453333,0.51,0.566667,0.623333,0.68,0.736667,0.793333,0.85,0.84,0.83,0.82,0.81,0.8,0.79,0.78,0.77,0.76,0.75,0.74,0.73,0.72,0.71,0.7,0.69,0.68,0.67,0.66,0.65,0.64,0.63,0.62,0.61,0.6,0.6,0.6,0.6,0.6,0.6,0.6,0.6,0.6,0.6,0.6,0.6,0.6,0.6,0.6,0.6,0.6,0.6,0.6,0.6,0.6,0.6,0.6,0.6,0.6,0.6,0.6,0.6,0.6,0.6,0.6,0.6,0.6,0.6,0.6,0.6,0.6,0.6,0.6,0.6,0.6
trans fuel economy standards,passenger,motorbikes,,0,0,0,0.026316,0.052632,0.078947,0.105263,0.131579,0.157895,0.184211,0.210526,0.236842,0.263158,0.289474,0.315789,0.342105,0.368421,0.394737,0.421053,0.447368,0.473684,0.5,0.526316,0.552632,0.578947,0.605263,0.631579,0.657895,0.684211,0.710526,0.736842,0.763158,0.789474,0.815789,0.842105,0.868421,0.894737,0.921053,0.947368,0.973684,1,1,1,1,1,1,1,1,1,1,1,1,1,1,1,1,1,1,1,1,1,1,1,1,1,1,1,1,1,1,1,1,1,1,1,1,1,1,1,1,1
trans fuel economy standards,freight,LDVs,,0,0.01,0.02,0.03,0.04,0.05,0.06,0.07,0.08,0.09,0.1,0.11,0.12,0.13,0.14,0.15,0.16,0.17,0.18,0.19,0.2,0.2,0.2,0.2,0.2,0.2,0.2,0.2,0.2,0.2,0.2,0.2,0.2,0.2,0.2,0.2,0.2,0.2,0.2,0.2,0.2,0.2,0.2,0.2,0.2,0.2,0.2,0.2,0.2,0.2,0.2,0.2,0.2,0.2,0.2,0.2,0.2,0.2,0.2,0.2,0.2,0.2,0.2,0.2,0.2,0.2,0.2,0.2,0.2,0.2,0.2,0.2,0.2,0.2,0.2,0.2,0.2,0.2,0.2,0.2,0.2
trans fuel economy standards,freight,HDVs,,0,0.013,0.026,0.039,0.052,0.065,0.078,0.091,0.104,0.117,0.13,0.148,0.166,0.184,0.202,0.22,0.23,0.24,0.25,0.26,0.27,0.27,0.27,0.27,0.27,0.27,0.27,0.27,0.27,0.27,0.27,0.27,0.27,0.27,0.27,0.27,0.27,0.27,0.27,0.27,0.27,0.27,0.27,0.27,0.27,0.27,0.27,0.27,0.27,0.27,0.27,0.27,0.27,0.27,0.27,0.27,0.27,0.27,0.27,0.27,0.27,0.27,0.27,0.27,0.27,0.27,0.27,0.27,0.27,0.27,0.27,0.27,0.27,0.27,0.27,0.27,0.27,0.27,0.27,0.27,0.27
trans fuel economy standards,freight,aircraft,,0,0,0,0.026316,0.052632,0.078947,0.105263,0.131579,0.157895,0.184211,0.210526,0.236842,0.263158,0.289474,0.315789,0.342105,0.368421,0.394737,0.421053,0.447368,0.473684,0.5,0.526316,0.552632,0.578947,0.605263,0.631579,0.657895,0.684211,0.710526,0.736842,0.763158,0.789474,0.815789,0.842105,0.868421,0.894737,0.921053,0.947368,0.973684,1,1,1,1,1,1,1,1,1,1,1,1,1,1,1,1,1,1,1,1,1,1,1,1,1,1,1,1,1,1,1,1,1,1,1,1,1,1,1,1,1
trans fuel economy standards,freight,rail,,0,0,0,0.035714,0.071429,0.107143,0.142857,0.178571,0.214286,0.25,0.285714,0.321429,0.357143,0.392857,0.428571,0.464286,0.5,0.535714,0.571429,0.607143,0.642857,0.678571,0.714286,0.75,0.785714,0.821429,0.857143,0.892857,0.928571,0.964286,1,1,1,1,1,1,1,1,1,1,1,1,1,1,1,1,1,1,1,1,1,1,1,1,1,1,1,1,1,1,1,1,1,1,1,1,1,1,1,1,1,1,1,1,1,1,1,1,1,1,1
trans fuel economy standards,freight,ships,,0,0.056667,0.113333,0.17,0.226667,0.283333,0.34,0.396667,0.453333,0.51,0.566667,0.623333,0.68,0.736667,0.793333,0.85,0.84,0.83,0.82,0.81,0.8,0.79,0.78,0.77,0.76,0.75,0.74,0.73,0.72,0.71,0.7,0.69,0.68,0.67,0.66,0.65,0.64,0.63,0.62,0.61,0.6,0.6,0.6,0.6,0.6,0.6,0.6,0.6,0.6,0.6,0.6,0.6,0.6,0.6,0.6,0.6,0.6,0.6,0.6,0.6,0.6,0.6,0.6,0.6,0.6,0.6,0.6,0.6,0.6,0.6,0.6,0.6,0.6,0.6,0.6,0.6,0.6,0.6,0.6,0.6,0.6
trans fuel economy standards,freight,motorbikes,,0,0,0,0.026316,0.052632,0.078947,0.105263,0.131579,0.157895,0.184211,0.210526,0.236842,0.263158,0.289474,0.315789,0.342105,0.368421,0.394737,0.421053,0.447368,0.473684,0.5,0.526316,0.552632,0.578947,0.605263,0.631579,0.657895,0.684211,0.710526,0.736842,0.763158,0.789474,0.815789,0.842105,0.868421,0.894737,0.921053,0.947368,0.973684,1,1,1,1,1,1,1,1,1,1,1,1,1,1,1,1,1,1,1,1,1,1,1,1,1,1,1,1,1,1,1,1,1,1,1,1,1,1,1,1,1
trans LDVs feebate,,,,0,0,0,0.026316,0.052632,0.078947,0.105263,0.131579,0.157895,0.184211,0.210526,0.236842,0.263158,0.289474,0.315789,0.342105,0.368421,0.394737,0.421053,0.447368,0.473684,0.5,0.526316,0.552632,0.578947,0.605263,0.631579,0.657895,0.684211,0.710526,0.736842,0.763158,0.789474,0.815789,0.842105,0.868421,0.894737,0.921053,0.947368,0.973684,1,1,1,1,1,1,1,1,1,1,1,1,1,1,1,1,1,1,1,1,1,1,1,1,1,1,1,1,1,1,1,1,1,1,1,1,1,1,1,1,1
trans mode shifting,passenger,LDVs,,0,0,0,0.026316,0.052632,0.078947,0.105263,0.131579,0.157895,0.184211,0.210526,0.236842,0.263158,0.289474,0.315789,0.342105,0.368421,0.394737,0.421053,0.447368,0.473684,0.5,0.526316,0.552632,0.578947,0.605263,0.631579,0.657895,0.684211,0.710526,0.736842,0.763158,0.789474,0.815789,0.842105,0.868421,0.894737,0.921053,0.947368,0.973684,1,1,1,1,1,1,1,1,1,1,1,1,1,1,1,1,1,1,1,1,1,1,1,1,1,1,1,1,1,1,1,1,1,1,1,1,1,1,1,1,1
trans mode shifting,passenger,HDVs,,0,0,0,0.026316,0.052632,0.078947,0.105263,0.131579,0.157895,0.184211,0.210526,0.236842,0.263158,0.289474,0.315789,0.342105,0.368421,0.394737,0.421053,0.447368,0.473684,0.5,0.526316,0.552632,0.578947,0.605263,0.631579,0.657895,0.684211,0.710526,0.736842,0.763158,0.789474,0.815789,0.842105,0.868421,0.894737,0.921053,0.947368,0.973684,1,1,1,1,1,1,1,1,1,1,1,1,1,1,1,1,1,1,1,1,1,1,1,1,1,1,1,1,1,1,1,1,1,1,1,1,1,1,1,1,1
trans mode shifting,passenger,aircraft,,0,0,0,0.026316,0.052632,0.078947,0.105263,0.131579,0.157895,0.184211,0.210526,0.236842,0.263158,0.289474,0.315789,0.342105,0.368421,0.394737,0.421053,0.447368,0.473684,0.5,0.526316,0.552632,0.578947,0.605263,0.631579,0.657895,0.684211,0.710526,0.736842,0.763158,0.789474,0.815789,0.842105,0.868421,0.894737,0.921053,0.947368,0.973684,1,1,1,1,1,1,1,1,1,1,1,1,1,1,1,1,1,1,1,1,1,1,1,1,1,1,1,1,1,1,1,1,1,1,1,1,1,1,1,1,1
trans mode shifting,passenger,rail,,0,0,0,0.026316,0.052632,0.078947,0.105263,0.131579,0.157895,0.184211,0.210526,0.236842,0.263158,0.289474,0.315789,0.342105,0.368421,0.394737,0.421053,0.447368,0.473684,0.5,0.526316,0.552632,0.578947,0.605263,0.631579,0.657895,0.684211,0.710526,0.736842,0.763158,0.789474,0.815789,0.842105,0.868421,0.894737,0.921053,0.947368,0.973684,1,1,1,1,1,1,1,1,1,1,1,1,1,1,1,1,1,1,1,1,1,1,1,1,1,1,1,1,1,1,1,1,1,1,1,1,1,1,1,1,1
trans mode shifting,passenger,ships,,0,0,0,0.026316,0.052632,0.078947,0.105263,0.131579,0.157895,0.184211,0.210526,0.236842,0.263158,0.289474,0.315789,0.342105,0.368421,0.394737,0.421053,0.447368,0.473684,0.5,0.526316,0.552632,0.578947,0.605263,0.631579,0.657895,0.684211,0.710526,0.736842,0.763158,0.789474,0.815789,0.842105,0.868421,0.894737,0.921053,0.947368,0.973684,1,1,1,1,1,1,1,1,1,1,1,1,1,1,1,1,1,1,1,1,1,1,1,1,1,1,1,1,1,1,1,1,1,1,1,1,1,1,1,1,1
trans mode shifting,passenger,motorbikes,,0,0,0,0.026316,0.052632,0.078947,0.105263,0.131579,0.157895,0.184211,0.210526,0.236842,0.263158,0.289474,0.315789,0.342105,0.368421,0.394737,0.421053,0.447368,0.473684,0.5,0.526316,0.552632,0.578947,0.605263,0.631579,0.657895,0.684211,0.710526,0.736842,0.763158,0.789474,0.815789,0.842105,0.868421,0.894737,0.921053,0.947368,0.973684,1,1,1,1,1,1,1,1,1,1,1,1,1,1,1,1,1,1,1,1,1,1,1,1,1,1,1,1,1,1,1,1,1,1,1,1,1,1,1,1,1
trans mode shifting,freight,LDVs,,0,0,0,0.026316,0.052632,0.078947,0.105263,0.131579,0.157895,0.184211,0.210526,0.236842,0.263158,0.289474,0.315789,0.342105,0.368421,0.394737,0.421053,0.447368,0.473684,0.5,0.526316,0.552632,0.578947,0.605263,0.631579,0.657895,0.684211,0.710526,0.736842,0.763158,0.789474,0.815789,0.842105,0.868421,0.894737,0.921053,0.947368,0.973684,1,1,1,1,1,1,1,1,1,1,1,1,1,1,1,1,1,1,1,1,1,1,1,1,1,1,1,1,1,1,1,1,1,1,1,1,1,1,1,1,1
trans mode shifting,freight,HDVs,,0,0,0,0.026316,0.052632,0.078947,0.105263,0.131579,0.157895,0.184211,0.210526,0.236842,0.263158,0.289474,0.315789,0.342105,0.368421,0.394737,0.421053,0.447368,0.473684,0.5,0.526316,0.552632,0.578947,0.605263,0.631579,0.657895,0.684211,0.710526,0.736842,0.763158,0.789474,0.815789,0.842105,0.868421,0.894737,0.921053,0.947368,0.973684,1,1,1,1,1,1,1,1,1,1,1,1,1,1,1,1,1,1,1,1,1,1,1,1,1,1,1,1,1,1,1,1,1,1,1,1,1,1,1,1,1
trans mode shifting,freight,aircraft,,0,0,0,0.026316,0.052632,0.078947,0.105263,0.131579,0.157895,0.184211,0.210526,0.236842,0.263158,0.289474,0.315789,0.342105,0.368421,0.394737,0.421053,0.447368,0.473684,0.5,0.526316,0.552632,0.578947,0.605263,0.631579,0.657895,0.684211,0.710526,0.736842,0.763158,0.789474,0.815789,0.842105,0.868421,0.894737,0.921053,0.947368,0.973684,1,1,1,1,1,1,1,1,1,1,1,1,1,1,1,1,1,1,1,1,1,1,1,1,1,1,1,1,1,1,1,1,1,1,1,1,1,1,1,1,1
trans mode shifting,freight,rail,,0,0,0,0.026316,0.052632,0.078947,0.105263,0.131579,0.157895,0.184211,0.210526,0.236842,0.263158,0.289474,0.315789,0.342105,0.368421,0.394737,0.421053,0.447368,0.473684,0.5,0.526316,0.552632,0.578947,0.605263,0.631579,0.657895,0.684211,0.710526,0.736842,0.763158,0.789474,0.815789,0.842105,0.868421,0.894737,0.921053,0.947368,0.973684,1,1,1,1,1,1,1,1,1,1,1,1,1,1,1,1,1,1,1,1,1,1,1,1,1,1,1,1,1,1,1,1,1,1,1,1,1,1,1,1,1
trans mode shifting,freight,ships,,0,0,0,0.026316,0.052632,0.078947,0.105263,0.131579,0.157895,0.184211,0.210526,0.236842,0.263158,0.289474,0.315789,0.342105,0.368421,0.394737,0.421053,0.447368,0.473684,0.5,0.526316,0.552632,0.578947,0.605263,0.631579,0.657895,0.684211,0.710526,0.736842,0.763158,0.789474,0.815789,0.842105,0.868421,0.894737,0.921053,0.947368,0.973684,1,1,1,1,1,1,1,1,1,1,1,1,1,1,1,1,1,1,1,1,1,1,1,1,1,1,1,1,1,1,1,1,1,1,1,1,1,1,1,1,1
trans mode shifting,freight,motorbikes,,0,0,0,0.026316,0.052632,0.078947,0.105263,0.131579,0.157895,0.184211,0.210526,0.236842,0.263158,0.289474,0.315789,0.342105,0.368421,0.394737,0.421053,0.447368,0.473684,0.5,0.526316,0.552632,0.578947,0.605263,0.631579,0.657895,0.684211,0.710526,0.736842,0.763158,0.789474,0.815789,0.842105,0.868421,0.894737,0.921053,0.947368,0.973684,1,1,1,1,1,1,1,1,1,1,1,1,1,1,1,1,1,1,1,1,1,1,1,1,1,1,1,1,1,1,1,1,1,1,1,1,1,1,1,1,1
trans EV subsidy,passenger,LDVs,,0,0,0,0.026316,0.052632,0.078947,0.105263,0.131579,0.157895,0.184211,0.210526,0.236842,0.263158,0.289474,0.315789,0.342105,0.368421,0.394737,0.421053,0.447368,0.473684,0.5,0.526316,0.552632,0.578947,0.605263,0.631579,0.657895,0.684211,0.710526,0.736842,0.763158,0.789474,0.815789,0.842105,0.868421,0.894737,0.921053,0.947368,0.973684,1,1,1,1,1,1,1,1,1,1,1,1,1,1,1,1,1,1,1,1,1,1,1,1,1,1,1,1,1,1,1,1,1,1,1,1,1,1,1,1,1
trans EV subsidy,passenger,HDVs,,0,0,0,0.026316,0.052632,0.078947,0.105263,0.131579,0.157895,0.184211,0.210526,0.236842,0.263158,0.289474,0.315789,0.342105,0.368421,0.394737,0.421053,0.447368,0.473684,0.5,0.526316,0.552632,0.578947,0.605263,0.631579,0.657895,0.684211,0.710526,0.736842,0.763158,0.789474,0.815789,0.842105,0.868421,0.894737,0.921053,0.947368,0.973684,1,1,1,1,1,1,1,1,1,1,1,1,1,1,1,1,1,1,1,1,1,1,1,1,1,1,1,1,1,1,1,1,1,1,1,1,1,1,1,1,1
trans EV subsidy,passenger,aircraft,,0,0,0,0.026316,0.052632,0.078947,0.105263,0.131579,0.157895,0.184211,0.210526,0.236842,0.263158,0.289474,0.315789,0.342105,0.368421,0.394737,0.421053,0.447368,0.473684,0.5,0.526316,0.552632,0.578947,0.605263,0.631579,0.657895,0.684211,0.710526,0.736842,0.763158,0.789474,0.815789,0.842105,0.868421,0.894737,0.921053,0.947368,0.973684,1,1,1,1,1,1,1,1,1,1,1,1,1,1,1,1,1,1,1,1,1,1,1,1,1,1,1,1,1,1,1,1,1,1,1,1,1,1,1,1,1
trans EV subsidy,passenger,rail,,0,0,0,0.026316,0.052632,0.078947,0.105263,0.131579,0.157895,0.184211,0.210526,0.236842,0.263158,0.289474,0.315789,0.342105,0.368421,0.394737,0.421053,0.447368,0.473684,0.5,0.526316,0.552632,0.578947,0.605263,0.631579,0.657895,0.684211,0.710526,0.736842,0.763158,0.789474,0.815789,0.842105,0.868421,0.894737,0.921053,0.947368,0.973684,1,1,1,1,1,1,1,1,1,1,1,1,1,1,1,1,1,1,1,1,1,1,1,1,1,1,1,1,1,1,1,1,1,1,1,1,1,1,1,1,1
trans EV subsidy,passenger,ships,,0,0,0,0.026316,0.052632,0.078947,0.105263,0.131579,0.157895,0.184211,0.210526,0.236842,0.263158,0.289474,0.315789,0.342105,0.368421,0.394737,0.421053,0.447368,0.473684,0.5,0.526316,0.552632,0.578947,0.605263,0.631579,0.657895,0.684211,0.710526,0.736842,0.763158,0.789474,0.815789,0.842105,0.868421,0.894737,0.921053,0.947368,0.973684,1,1,1,1,1,1,1,1,1,1,1,1,1,1,1,1,1,1,1,1,1,1,1,1,1,1,1,1,1,1,1,1,1,1,1,1,1,1,1,1,1
trans EV subsidy,passenger,motorbikes,,0,0,0,0.026316,0.052632,0.078947,0.105263,0.131579,0.157895,0.184211,0.210526,0.236842,0.263158,0.289474,0.315789,0.342105,0.368421,0.394737,0.421053,0.447368,0.473684,0.5,0.526316,0.552632,0.578947,0.605263,0.631579,0.657895,0.684211,0.710526,0.736842,0.763158,0.789474,0.815789,0.842105,0.868421,0.894737,0.921053,0.947368,0.973684,1,1,1,1,1,1,1,1,1,1,1,1,1,1,1,1,1,1,1,1,1,1,1,1,1,1,1,1,1,1,1,1,1,1,1,1,1,1,1,1,1
trans EV subsidy,freight,LDVs,,0,0,0,0.026316,0.052632,0.078947,0.105263,0.131579,0.157895,0.184211,0.210526,0.236842,0.263158,0.289474,0.315789,0.342105,0.368421,0.394737,0.421053,0.447368,0.473684,0.5,0.526316,0.552632,0.578947,0.605263,0.631579,0.657895,0.684211,0.710526,0.736842,0.763158,0.789474,0.815789,0.842105,0.868421,0.894737,0.921053,0.947368,0.973684,1,1,1,1,1,1,1,1,1,1,1,1,1,1,1,1,1,1,1,1,1,1,1,1,1,1,1,1,1,1,1,1,1,1,1,1,1,1,1,1,1
trans EV subsidy,freight,HDVs,,0,0,0,0.026316,0.052632,0.078947,0.105263,0.131579,0.157895,0.184211,0.210526,0.236842,0.263158,0.289474,0.315789,0.342105,0.368421,0.394737,0.421053,0.447368,0.473684,0.5,0.526316,0.552632,0.578947,0.605263,0.631579,0.657895,0.684211,0.710526,0.736842,0.763158,0.789474,0.815789,0.842105,0.868421,0.894737,0.921053,0.947368,0.973684,1,1,1,1,1,1,1,1,1,1,1,1,1,1,1,1,1,1,1,1,1,1,1,1,1,1,1,1,1,1,1,1,1,1,1,1,1,1,1,1,1
trans EV subsidy,freight,aircraft,,0,0,0,0.026316,0.052632,0.078947,0.105263,0.131579,0.157895,0.184211,0.210526,0.236842,0.263158,0.289474,0.315789,0.342105,0.368421,0.394737,0.421053,0.447368,0.473684,0.5,0.526316,0.552632,0.578947,0.605263,0.631579,0.657895,0.684211,0.710526,0.736842,0.763158,0.789474,0.815789,0.842105,0.868421,0.894737,0.921053,0.947368,0.973684,1,1,1,1,1,1,1,1,1,1,1,1,1,1,1,1,1,1,1,1,1,1,1,1,1,1,1,1,1,1,1,1,1,1,1,1,1,1,1,1,1
trans EV subsidy,freight,rail,,0,0,0,0.026316,0.052632,0.078947,0.105263,0.131579,0.157895,0.184211,0.210526,0.236842,0.263158,0.289474,0.315789,0.342105,0.368421,0.394737,0.421053,0.447368,0.473684,0.5,0.526316,0.552632,0.578947,0.605263,0.631579,0.657895,0.684211,0.710526,0.736842,0.763158,0.789474,0.815789,0.842105,0.868421,0.894737,0.921053,0.947368,0.973684,1,1,1,1,1,1,1,1,1,1,1,1,1,1,1,1,1,1,1,1,1,1,1,1,1,1,1,1,1,1,1,1,1,1,1,1,1,1,1,1,1
trans EV subsidy,freight,ships,,0,0,0,0.026316,0.052632,0.078947,0.105263,0.131579,0.157895,0.184211,0.210526,0.236842,0.263158,0.289474,0.315789,0.342105,0.368421,0.394737,0.421053,0.447368,0.473684,0.5,0.526316,0.552632,0.578947,0.605263,0.631579,0.657895,0.684211,0.710526,0.736842,0.763158,0.789474,0.815789,0.842105,0.868421,0.894737,0.921053,0.947368,0.973684,1,1,1,1,1,1,1,1,1,1,1,1,1,1,1,1,1,1,1,1,1,1,1,1,1,1,1,1,1,1,1,1,1,1,1,1,1,1,1,1,1
trans EV subsidy,freight,motorbikes,,0,0,0,0.026316,0.052632,0.078947,0.105263,0.131579,0.157895,0.184211,0.210526,0.236842,0.263158,0.289474,0.315789,0.342105,0.368421,0.394737,0.421053,0.447368,0.473684,0.5,0.526316,0.552632,0.578947,0.605263,0.631579,0.657895,0.684211,0.710526,0.736842,0.763158,0.789474,0.815789,0.842105,0.868421,0.894737,0.921053,0.947368,0.973684,1,1,1,1,1,1,1,1,1,1,1,1,1,1,1,1,1,1,1,1,1,1,1,1,1,1,1,1,1,1,1,1,1,1,1,1,1,1,1,1,1
trans ZEV minimum,passenger,LDVs,,0.04,0.148,0.276,0.345,0.455,0.7,0.74,0.78,0.82,0.86,0.9,0.903333,0.906667,0.91,0.913333,0.916667,0.92,0.923333,0.926667,0.93,0.933333,0.936667,0.94,0.943333,0.946667,0.95,0.953333,0.956667,0.96,0.963333,0.966667,0.97,0.973333,0.976667,0.98,0.983333,0.986667,0.99,0.993333,0.996667,1,1,1,1,1,1,1,1,1,1,1,1,1,1,1,1,1,1,1,1,1,1,1,1,1,1,1,1,1,1,1,1,1,1,1,1,1,1,1,1,1
trans ZEV minimum,passenger,HDVs,,0.44,0.4583,0.4766,0.4949,0.5132,0.525,0.55,0.575,0.6,0.625,0.65,0.67,0.69,0.71,0.73,0.75,0.785,0.82,0.855,0.89,0.925,0.94,0.955,0.97,0.985,1,1,1,1,1,1,1,1,1,1,1,1,1,1,1,1,1,1,1,1,1,1,1,1,1,1,1,1,1,1,1,1,1,1,1,1,1,1,1,1,1,1,1,1,1,1,1,1,1,1,1,1,1,1,1,1
trans ZEV minimum,passenger,aircraft,,0,0,0,0.013333,0.026667,0.04,0.056,0.072,0.088,0.104,0.12,0.149,0.178,0.207,0.236,0.265,0.294,0.323,0.352,0.381,0.41,0.439,0.468,0.497,0.526,0.555,0.584,0.613,0.642,0.671,0.7,0.7,0.7,0.7,0.7,0.7,0.7,0.7,0.7,0.7,0.7,0.7,0.7,0.7,0.7,0.7,0.7,0.7,0.7,0.7,0.7,0.7,0.7,0.7,0.7,0.7,0.7,0.7,0.7,0.7,0.7,0.7,0.7,0.7,0.7,0.7,0.7,0.7,0.7,0.7,0.7,0.7,0.7,0.7,0.7,0.7,0.7,0.7,0.7,0.7,0.7
trans ZEV minimum,passenger,rail,,0.749,0.749,0.749,0.78425,0.8195,0.85475,0.89,0.894583,0.899167,0.90375,0.908333,0.912917,0.9175,0.922083,0.926667,0.93125,0.935833,0.940417,0.945,0.949583,0.954167,0.95875,0.963333,0.967917,0.9725,0.977083,0.981667,0.98625,0.990833,0.995417,1,1,1,1,1,1,1,1,1,1,1,1,1,1,1,1,1,1,1,1,1,1,1,1,1,1,1,1,1,1,1,1,1,1,1,1,1,1,1,1,1,1,1,1,1,1,1,1,1,1,1
trans ZEV minimum,passenger,ships,,0,0.004,0.008,0.012,0.016,0.02,0.0392,0.0584,0.0776,0.0968,0.116,0.1352,0.1544,0.1736,0.1928,0.212,0.2312,0.2504,0.2696,0.2888,0.308,0.3272,0.3464,0.3656,0.3848,0.404,0.4232,0.4424,0.4616,0.4808,0.5,0.5,0.5,0.5,0.5,0.5,0.5,0.5,0.5,0.5,0.5,0.5,0.5,0.5,0.5,0.5,0.5,0.5,0.5,0.5,0.5,0.5,0.5,0.5,0.5,0.5,0.5,0.5,0.5,0.5,0.5,0.5,0.5,0.5,0.5,0.5,0.5,0.5,0.5,0.5,0.5,0.5,0.5,0.5,0.5,0.5,0.5,0.5,0.5,0.5,0.5
trans ZEV minimum,passenger,motorbikes,,0,0,0,0.026316,0.052632,0.078947,0.105263,0.131579,0.157895,0.184211,0.210526,0.236842,0.263158,0.289474,0.315789,0.342105,0.368421,0.394737,0.421053,0.447368,0.473684,0.5,0.526316,0.552632,0.578947,0.605263,0.631579,0.657895,0.684211,0.710526,0.736842,0.763158,0.789474,0.815789,0.842105,0.868421,0.894737,0.921053,0.947368,0.973684,1,1,1,1,1,1,1,1,1,1,1,1,1,1,1,1,1,1,1,1,1,1,1,1,1,1,1,1,1,1,1,1,1,1,1,1,1,1,1,1,1
trans ZEV minimum,freight,LDVs,,0.005,0.016,0.06,0.067,0.124,0.17,0.216,0.262,0.308,0.354,0.4,0.46,0.52,0.58,0.64,0.7,0.75,0.8,0.85,0.9,0.95,0.96,0.97,0.98,0.99,1,1,1,1,1,1,1,1,1,1,1,1,1,1,1,1,1,1,1,1,1,1,1,1,1,1,1,1,1,1,1,1,1,1,1,1,1,1,1,1,1,1,1,1,1,1,1,1,1,1,1,1,1,1,1,1
trans ZEV minimum,freight,HDVs,,0.00254,0.00777,0.04955,0.05327,0.1291,0.17425,0.2194,0.26455,0.3097,0.35485,0.4,0.46,0.52,0.58,0.64,0.7,0.73,0.76,0.79,0.82,0.85,0.88,0.91,0.94,0.97,1,1,1,1,1,1,1,1,1,1,1,1,1,1,1,1,1,1,1,1,1,1,1,1,1,1,1,1,1,1,1,1,1,1,1,1,1,1,1,1,1,1,1,1,1,1,1,1,1,1,1,1,1,1,1,1
trans ZEV minimum,freight,aircraft,,0,0,0,0.013333,0.026667,0.04,0.056,0.072,0.088,0.104,0.12,0.149,0.178,0.207,0.236,0.265,0.294,0.323,0.352,0.381,0.41,0.439,0.468,0.497,0.526,0.555,0.584,0.613,0.642,0.671,0.7,0.7,0.7,0.7,0.7,0.7,0.7,0.7,0.7,0.7,0.7,0.7,0.7,0.7,0.7,0.7,0.7,0.7,0.7,0.7,0.7,0.7,0.7,0.7,0.7,0.7,0.7,0.7,0.7,0.7,0.7,0.7,0.7,0.7,0.7,0.7,0.7,0.7,0.7,0.7,0.7,0.7,0.7,0.7,0.7,0.7,0.7,0.7,0.7,0.7,0.7
trans ZEV minimum,freight,rail,,0.749,0.749,0.749,0.78425,0.8195,0.85475,0.89,0.894583,0.899167,0.90375,0.908333,0.912917,0.9175,0.922083,0.926667,0.93125,0.935833,0.940417,0.945,0.949583,0.954167,0.95875,0.963333,0.967917,0.9725,0.977083,0.981667,0.98625,0.990833,0.995417,1,1,1,1,1,1,1,1,1,1,1,1,1,1,1,1,1,1,1,1,1,1,1,1,1,1,1,1,1,1,1,1,1,1,1,1,1,1,1,1,1,1,1,1,1,1,1,1,1,1,1
trans ZEV minimum,freight,ships,,0,0.004,0.008,0.012,0.016,0.02,0.0392,0.0584,0.0776,0.0968,0.116,0.1352,0.1544,0.1736,0.1928,0.212,0.2312,0.2504,0.2696,0.2888,0.308,0.3272,0.3464,0.3656,0.3848,0.404,0.4232,0.4424,0.4616,0.4808,0.5,0.5,0.5,0.5,0.5,0.5,0.5,0.5,0.5,0.5,0.5,0.5,0.5,0.5,0.5,0.5,0.5,0.5,0.5,0.5,0.5,0.5,0.5,0.5,0.5,0.5,0.5,0.5,0.5,0.5,0.5,0.5,0.5,0.5,0.5,0.5,0.5,0.5,0.5,0.5,0.5,0.5,0.5,0.5,0.5,0.5,0.5,0.5,0.5,0.5,0.5
trans ZEV minimum,freight,motorbikes,,0,0,0,0.026316,0.052632,0.078947,0.105263,0.131579,0.157895,0.184211,0.210526,0.236842,0.263158,0.289474,0.315789,0.342105,0.368421,0.394737,0.421053,0.447368,0.473684,0.5,0.526316,0.552632,0.578947,0.605263,0.631579,0.657895,0.684211,0.710526,0.736842,0.763158,0.789474,0.815789,0.842105,0.868421,0.894737,0.921053,0.947368,0.973684,1,1,1,1,1,1,1,1,1,1,1,1,1,1,1,1,1,1,1,1,1,1,1,1,1,1,1,1,1,1,1,1,1,1,1,1,1,1,1,1,1
trans non BAU ZEV vehicle definitions,,,,0,0,0,0,0,0,0,0,0,0,0,0,0,0,0,1,1,1,1,1,1,1,1,1,1,1,1,1,1,1,1,1,1,1,1,1,1,1,1,1,1,1,1,1,1,1,1,1,1,1,1,1,1,1,1,1,1,1,1,1,1,1,1,1,1,1,1,1,1,1,1,1,1,1,1,1,1,1,1,1,1
trans reduce EV range anxiety and charging time,,,,0,0,0,0.125,0.25,0.375,0.5,0.625,0.75,0.875,1,1,1,1,1,1,1,1,1,1,1,1,1,1,1,1,1,1,1,1,1,1,1,1,1,1,1,1,1,1,1,1,1,1,1,1,1,1,1,1,1,1,1,1,1,1,1,1,1,1,1,1,1,1,1,1,1,1,1,1,1,1,1,1,1,1,1,1,1,1,1
trans EV charger deployment,,,,0,0,0,0.026316,0.052632,0.078947,0.105263,0.131579,0.157895,0.184211,0.210526,0.236842,0.263158,0.289474,0.315789,0.342105,0.368421,0.394737,0.421053,0.447368,0.473684,0.5,0.526316,0.552632,0.578947,0.605263,0.631579,0.657895,0.684211,0.710526,0.736842,0.763158,0.789474,0.815789,0.842105,0.868421,0.894737,0.921053,0.947368,0.973684,1,1,1,1,1,1,1,1,1,1,1,1,1,1,1,1,1,1,1,1,1,1,1,1,1,1,1,1,1,1,1,1,1,1,1,1,1,1,1,1,1
trans LCFS,,,,0,0,0,0.026316,0.052632,0.078947,0.105263,0.131579,0.157895,0.184211,0.210526,0.236842,0.263158,0.289474,0.315789,0.342105,0.368421,0.394737,0.421053,0.447368,0.473684,0.5,0.526316,0.552632,0.578947,0.605263,0.631579,0.657895,0.684211,0.710526,0.736842,0.763158,0.789474,0.815789,0.842105,0.868421,0.894737,0.921053,0.947368,0.973684,1,1,1,1,1,1,1,1,1,1,1,1,1,1,1,1,1,1,1,1,1,1,1,1,1,1,1,1,1,1,1,1,1,1,1,1,1,1,1,1,1
trans reduce regulated pollutants,LDVs,CO2,,0,0,0,0.026316,0.052632,0.078947,0.105263,0.131579,0.157895,0.184211,0.210526,0.236842,0.263158,0.289474,0.315789,0.342105,0.368421,0.394737,0.421053,0.447368,0.473684,0.5,0.526316,0.552632,0.578947,0.605263,0.631579,0.657895,0.684211,0.710526,0.736842,0.763158,0.789474,0.815789,0.842105,0.868421,0.894737,0.921053,0.947368,0.973684,1,1,1,1,1,1,1,1,1,1,1,1,1,1,1,1,1,1,1,1,1,1,1,1,1,1,1,1,1,1,1,1,1,1,1,1,1,1,1,1,1
trans reduce regulated pollutants,LDVs,VOC,,0,0,0,0.076923,0.153846,0.230769,0.307692,0.384615,0.461538,0.538462,0.615385,0.692308,0.769231,0.846154,0.923077,1,1,1,1,1,1,1,1,1,1,1,1,1,1,1,1,1,1,1,1,1,1,1,1,1,1,1,1,1,1,1,1,1,1,1,1,1,1,1,1,1,1,1,1,1,1,1,1,1,1,1,1,1,1,1,1,1,1,1,1,1,1,1,1,1,1
trans reduce regulated pollutants,LDVs,CO,,0,0,0,0.026316,0.052632,0.078947,0.105263,0.131579,0.157895,0.184211,0.210526,0.236842,0.263158,0.289474,0.315789,0.342105,0.368421,0.394737,0.421053,0.447368,0.473684,0.5,0.526316,0.552632,0.578947,0.605263,0.631579,0.657895,0.684211,0.710526,0.736842,0.763158,0.789474,0.815789,0.842105,0.868421,0.894737,0.921053,0.947368,0.973684,1,1,1,1,1,1,1,1,1,1,1,1,1,1,1,1,1,1,1,1,1,1,1,1,1,1,1,1,1,1,1,1,1,1,1,1,1,1,1,1,1
trans reduce regulated pollutants,LDVs,NOx,,0,0,0,0.026316,0.052632,0.078947,0.105263,0.131579,0.157895,0.184211,0.210526,0.236842,0.263158,0.289474,0.315789,0.342105,0.368421,0.394737,0.421053,0.447368,0.473684,0.5,0.526316,0.552632,0.578947,0.605263,0.631579,0.657895,0.684211,0.710526,0.736842,0.763158,0.789474,0.815789,0.842105,0.868421,0.894737,0.921053,0.947368,0.973684,1,1,1,1,1,1,1,1,1,1,1,1,1,1,1,1,1,1,1,1,1,1,1,1,1,1,1,1,1,1,1,1,1,1,1,1,1,1,1,1,1
trans reduce regulated pollutants,LDVs,PM10,,0,0,0,0.026316,0.052632,0.078947,0.105263,0.131579,0.157895,0.184211,0.210526,0.236842,0.263158,0.289474,0.315789,0.342105,0.368421,0.394737,0.421053,0.447368,0.473684,0.5,0.526316,0.552632,0.578947,0.605263,0.631579,0.657895,0.684211,0.710526,0.736842,0.763158,0.789474,0.815789,0.842105,0.868421,0.894737,0.921053,0.947368,0.973684,1,1,1,1,1,1,1,1,1,1,1,1,1,1,1,1,1,1,1,1,1,1,1,1,1,1,1,1,1,1,1,1,1,1,1,1,1,1,1,1,1
trans reduce regulated pollutants,LDVs,PM25,,0,0,0,0.076923,0.153846,0.230769,0.307692,0.384615,0.461538,0.538462,0.615385,0.692308,0.769231,0.846154,0.923077,1,1,1,1,1,1,1,1,1,1,1,1,1,1,1,1,1,1,1,1,1,1,1,1,1,1,1,1,1,1,1,1,1,1,1,1,1,1,1,1,1,1,1,1,1,1,1,1,1,1,1,1,1,1,1,1,1,1,1,1,1,1,1,1,1,1
trans reduce regulated pollutants,LDVs,SOx,,0,0,0,0.026316,0.052632,0.078947,0.105263,0.131579,0.157895,0.184211,0.210526,0.236842,0.263158,0.289474,0.315789,0.342105,0.368421,0.394737,0.421053,0.447368,0.473684,0.5,0.526316,0.552632,0.578947,0.605263,0.631579,0.657895,0.684211,0.710526,0.736842,0.763158,0.789474,0.815789,0.842105,0.868421,0.894737,0.921053,0.947368,0.973684,1,1,1,1,1,1,1,1,1,1,1,1,1,1,1,1,1,1,1,1,1,1,1,1,1,1,1,1,1,1,1,1,1,1,1,1,1,1,1,1,1
trans reduce regulated pollutants,LDVs,BC,,0,0,0,0.026316,0.052632,0.078947,0.105263,0.131579,0.157895,0.184211,0.210526,0.236842,0.263158,0.289474,0.315789,0.342105,0.368421,0.394737,0.421053,0.447368,0.473684,0.5,0.526316,0.552632,0.578947,0.605263,0.631579,0.657895,0.684211,0.710526,0.736842,0.763158,0.789474,0.815789,0.842105,0.868421,0.894737,0.921053,0.947368,0.973684,1,1,1,1,1,1,1,1,1,1,1,1,1,1,1,1,1,1,1,1,1,1,1,1,1,1,1,1,1,1,1,1,1,1,1,1,1,1,1,1,1
trans reduce regulated pollutants,LDVs,OC,,0,0,0,0.026316,0.052632,0.078947,0.105263,0.131579,0.157895,0.184211,0.210526,0.236842,0.263158,0.289474,0.315789,0.342105,0.368421,0.394737,0.421053,0.447368,0.473684,0.5,0.526316,0.552632,0.578947,0.605263,0.631579,0.657895,0.684211,0.710526,0.736842,0.763158,0.789474,0.815789,0.842105,0.868421,0.894737,0.921053,0.947368,0.973684,1,1,1,1,1,1,1,1,1,1,1,1,1,1,1,1,1,1,1,1,1,1,1,1,1,1,1,1,1,1,1,1,1,1,1,1,1,1,1,1,1
trans reduce regulated pollutants,LDVs,CH4,,0,0,0,0.026316,0.052632,0.078947,0.105263,0.131579,0.157895,0.184211,0.210526,0.236842,0.263158,0.289474,0.315789,0.342105,0.368421,0.394737,0.421053,0.447368,0.473684,0.5,0.526316,0.552632,0.578947,0.605263,0.631579,0.657895,0.684211,0.710526,0.736842,0.763158,0.789474,0.815789,0.842105,0.868421,0.894737,0.921053,0.947368,0.973684,1,1,1,1,1,1,1,1,1,1,1,1,1,1,1,1,1,1,1,1,1,1,1,1,1,1,1,1,1,1,1,1,1,1,1,1,1,1,1,1,1
trans reduce regulated pollutants,LDVs,N2O,,0,0,0,0.026316,0.052632,0.078947,0.105263,0.131579,0.157895,0.184211,0.210526,0.236842,0.263158,0.289474,0.315789,0.342105,0.368421,0.394737,0.421053,0.447368,0.473684,0.5,0.526316,0.552632,0.578947,0.605263,0.631579,0.657895,0.684211,0.710526,0.736842,0.763158,0.789474,0.815789,0.842105,0.868421,0.894737,0.921053,0.947368,0.973684,1,1,1,1,1,1,1,1,1,1,1,1,1,1,1,1,1,1,1,1,1,1,1,1,1,1,1,1,1,1,1,1,1,1,1,1,1,1,1,1,1
trans reduce regulated pollutants,LDVs,F gases,,0,0,0,0.026316,0.052632,0.078947,0.105263,0.131579,0.157895,0.184211,0.210526,0.236842,0.263158,0.289474,0.315789,0.342105,0.368421,0.394737,0.421053,0.447368,0.473684,0.5,0.526316,0.552632,0.578947,0.605263,0.631579,0.657895,0.684211,0.710526,0.736842,0.763158,0.789474,0.815789,0.842105,0.868421,0.894737,0.921053,0.947368,0.973684,1,1,1,1,1,1,1,1,1,1,1,1,1,1,1,1,1,1,1,1,1,1,1,1,1,1,1,1,1,1,1,1,1,1,1,1,1,1,1,1,1
trans reduce regulated pollutants,HDVs,CO2,,0,0,0,0.026316,0.052632,0.078947,0.105263,0.131579,0.157895,0.184211,0.210526,0.236842,0.263158,0.289474,0.315789,0.342105,0.368421,0.394737,0.421053,0.447368,0.473684,0.5,0.526316,0.552632,0.578947,0.605263,0.631579,0.657895,0.684211,0.710526,0.736842,0.763158,0.789474,0.815789,0.842105,0.868421,0.894737,0.921053,0.947368,0.973684,1,1,1,1,1,1,1,1,1,1,1,1,1,1,1,1,1,1,1,1,1,1,1,1,1,1,1,1,1,1,1,1,1,1,1,1,1,1,1,1,1
trans reduce regulated pollutants,HDVs,VOC,,0,0,0,0.026316,0.052632,0.078947,0.105263,0.131579,0.157895,0.184211,0.210526,0.236842,0.263158,0.289474,0.315789,0.342105,0.368421,0.394737,0.421053,0.447368,0.473684,0.5,0.526316,0.552632,0.578947,0.605263,0.631579,0.657895,0.684211,0.710526,0.736842,0.763158,0.789474,0.815789,0.842105,0.868421,0.894737,0.921053,0.947368,0.973684,1,1,1,1,1,1,1,1,1,1,1,1,1,1,1,1,1,1,1,1,1,1,1,1,1,1,1,1,1,1,1,1,1,1,1,1,1,1,1,1,1
trans reduce regulated pollutants,HDVs,CO,,0,0,0,0.026316,0.052632,0.078947,0.105263,0.131579,0.157895,0.184211,0.210526,0.236842,0.263158,0.289474,0.315789,0.342105,0.368421,0.394737,0.421053,0.447368,0.473684,0.5,0.526316,0.552632,0.578947,0.605263,0.631579,0.657895,0.684211,0.710526,0.736842,0.763158,0.789474,0.815789,0.842105,0.868421,0.894737,0.921053,0.947368,0.973684,1,1,1,1,1,1,1,1,1,1,1,1,1,1,1,1,1,1,1,1,1,1,1,1,1,1,1,1,1,1,1,1,1,1,1,1,1,1,1,1,1
trans reduce regulated pollutants,HDVs,NOx,,0,0,0,0.076923,0.153846,0.230769,0.307692,0.384615,0.461538,0.538462,0.615385,0.692308,0.769231,0.846154,0.923077,1,1,1,1,1,1,1,1,1,1,1,1,1,1,1,1,1,1,1,1,1,1,1,1,1,1,1,1,1,1,1,1,1,1,1,1,1,1,1,1,1,1,1,1,1,1,1,1,1,1,1,1,1,1,1,1,1,1,1,1,1,1,1,1,1,1
trans reduce regulated pollutants,HDVs,PM10,,0,0,0,0.026316,0.052632,0.078947,0.105263,0.131579,0.157895,0.184211,0.210526,0.236842,0.263158,0.289474,0.315789,0.342105,0.368421,0.394737,0.421053,0.447368,0.473684,0.5,0.526316,0.552632,0.578947,0.605263,0.631579,0.657895,0.684211,0.710526,0.736842,0.763158,0.789474,0.815789,0.842105,0.868421,0.894737,0.921053,0.947368,0.973684,1,1,1,1,1,1,1,1,1,1,1,1,1,1,1,1,1,1,1,1,1,1,1,1,1,1,1,1,1,1,1,1,1,1,1,1,1,1,1,1,1
trans reduce regulated pollutants,HDVs,PM25,,0,0,0,0.076923,0.153846,0.230769,0.307692,0.384615,0.461538,0.538462,0.615385,0.692308,0.769231,0.846154,0.923077,1,1,1,1,1,1,1,1,1,1,1,1,1,1,1,1,1,1,1,1,1,1,1,1,1,1,1,1,1,1,1,1,1,1,1,1,1,1,1,1,1,1,1,1,1,1,1,1,1,1,1,1,1,1,1,1,1,1,1,1,1,1,1,1,1,1
trans reduce regulated pollutants,HDVs,SOx,,0,0,0,0.026316,0.052632,0.078947,0.105263,0.131579,0.157895,0.184211,0.210526,0.236842,0.263158,0.289474,0.315789,0.342105,0.368421,0.394737,0.421053,0.447368,0.473684,0.5,0.526316,0.552632,0.578947,0.605263,0.631579,0.657895,0.684211,0.710526,0.736842,0.763158,0.789474,0.815789,0.842105,0.868421,0.894737,0.921053,0.947368,0.973684,1,1,1,1,1,1,1,1,1,1,1,1,1,1,1,1,1,1,1,1,1,1,1,1,1,1,1,1,1,1,1,1,1,1,1,1,1,1,1,1,1
trans reduce regulated pollutants,HDVs,BC,,0,0,0,0.026316,0.052632,0.078947,0.105263,0.131579,0.157895,0.184211,0.210526,0.236842,0.263158,0.289474,0.315789,0.342105,0.368421,0.394737,0.421053,0.447368,0.473684,0.5,0.526316,0.552632,0.578947,0.605263,0.631579,0.657895,0.684211,0.710526,0.736842,0.763158,0.789474,0.815789,0.842105,0.868421,0.894737,0.921053,0.947368,0.973684,1,1,1,1,1,1,1,1,1,1,1,1,1,1,1,1,1,1,1,1,1,1,1,1,1,1,1,1,1,1,1,1,1,1,1,1,1,1,1,1,1
trans reduce regulated pollutants,HDVs,OC,,0,0,0,0.026316,0.052632,0.078947,0.105263,0.131579,0.157895,0.184211,0.210526,0.236842,0.263158,0.289474,0.315789,0.342105,0.368421,0.394737,0.421053,0.447368,0.473684,0.5,0.526316,0.552632,0.578947,0.605263,0.631579,0.657895,0.684211,0.710526,0.736842,0.763158,0.789474,0.815789,0.842105,0.868421,0.894737,0.921053,0.947368,0.973684,1,1,1,1,1,1,1,1,1,1,1,1,1,1,1,1,1,1,1,1,1,1,1,1,1,1,1,1,1,1,1,1,1,1,1,1,1,1,1,1,1
trans reduce regulated pollutants,HDVs,CH4,,0,0,0,0.026316,0.052632,0.078947,0.105263,0.131579,0.157895,0.184211,0.210526,0.236842,0.263158,0.289474,0.315789,0.342105,0.368421,0.394737,0.421053,0.447368,0.473684,0.5,0.526316,0.552632,0.578947,0.605263,0.631579,0.657895,0.684211,0.710526,0.736842,0.763158,0.789474,0.815789,0.842105,0.868421,0.894737,0.921053,0.947368,0.973684,1,1,1,1,1,1,1,1,1,1,1,1,1,1,1,1,1,1,1,1,1,1,1,1,1,1,1,1,1,1,1,1,1,1,1,1,1,1,1,1,1
trans reduce regulated pollutants,HDVs,N2O,,0,0,0,0.026316,0.052632,0.078947,0.105263,0.131579,0.157895,0.184211,0.210526,0.236842,0.263158,0.289474,0.315789,0.342105,0.368421,0.394737,0.421053,0.447368,0.473684,0.5,0.526316,0.552632,0.578947,0.605263,0.631579,0.657895,0.684211,0.710526,0.736842,0.763158,0.789474,0.815789,0.842105,0.868421,0.894737,0.921053,0.947368,0.973684,1,1,1,1,1,1,1,1,1,1,1,1,1,1,1,1,1,1,1,1,1,1,1,1,1,1,1,1,1,1,1,1,1,1,1,1,1,1,1,1,1
trans reduce regulated pollutants,HDVs,F gases,,0,0,0,0.026316,0.052632,0.078947,0.105263,0.131579,0.157895,0.184211,0.210526,0.236842,0.263158,0.289474,0.315789,0.342105,0.368421,0.394737,0.421053,0.447368,0.473684,0.5,0.526316,0.552632,0.578947,0.605263,0.631579,0.657895,0.684211,0.710526,0.736842,0.763158,0.789474,0.815789,0.842105,0.868421,0.894737,0.921053,0.947368,0.973684,1,1,1,1,1,1,1,1,1,1,1,1,1,1,1,1,1,1,1,1,1,1,1,1,1,1,1,1,1,1,1,1,1,1,1,1,1,1,1,1,1
trans reduce regulated pollutants,aircraft,CO2,,0,0,0,0.026316,0.052632,0.078947,0.105263,0.131579,0.157895,0.184211,0.210526,0.236842,0.263158,0.289474,0.315789,0.342105,0.368421,0.394737,0.421053,0.447368,0.473684,0.5,0.526316,0.552632,0.578947,0.605263,0.631579,0.657895,0.684211,0.710526,0.736842,0.763158,0.789474,0.815789,0.842105,0.868421,0.894737,0.921053,0.947368,0.973684,1,1,1,1,1,1,1,1,1,1,1,1,1,1,1,1,1,1,1,1,1,1,1,1,1,1,1,1,1,1,1,1,1,1,1,1,1,1,1,1,1
trans reduce regulated pollutants,aircraft,VOC,,0,0,0,0.026316,0.052632,0.078947,0.105263,0.131579,0.157895,0.184211,0.210526,0.236842,0.263158,0.289474,0.315789,0.342105,0.368421,0.394737,0.421053,0.447368,0.473684,0.5,0.526316,0.552632,0.578947,0.605263,0.631579,0.657895,0.684211,0.710526,0.736842,0.763158,0.789474,0.815789,0.842105,0.868421,0.894737,0.921053,0.947368,0.973684,1,1,1,1,1,1,1,1,1,1,1,1,1,1,1,1,1,1,1,1,1,1,1,1,1,1,1,1,1,1,1,1,1,1,1,1,1,1,1,1,1
trans reduce regulated pollutants,aircraft,CO,,0,0,0,0.026316,0.052632,0.078947,0.105263,0.131579,0.157895,0.184211,0.210526,0.236842,0.263158,0.289474,0.315789,0.342105,0.368421,0.394737,0.421053,0.447368,0.473684,0.5,0.526316,0.552632,0.578947,0.605263,0.631579,0.657895,0.684211,0.710526,0.736842,0.763158,0.789474,0.815789,0.842105,0.868421,0.894737,0.921053,0.947368,0.973684,1,1,1,1,1,1,1,1,1,1,1,1,1,1,1,1,1,1,1,1,1,1,1,1,1,1,1,1,1,1,1,1,1,1,1,1,1,1,1,1,1
trans reduce regulated pollutants,aircraft,NOx,,0,0,0,0.026316,0.052632,0.078947,0.105263,0.131579,0.157895,0.184211,0.210526,0.236842,0.263158,0.289474,0.315789,0.342105,0.368421,0.394737,0.421053,0.447368,0.473684,0.5,0.526316,0.552632,0.578947,0.605263,0.631579,0.657895,0.684211,0.710526,0.736842,0.763158,0.789474,0.815789,0.842105,0.868421,0.894737,0.921053,0.947368,0.973684,1,1,1,1,1,1,1,1,1,1,1,1,1,1,1,1,1,1,1,1,1,1,1,1,1,1,1,1,1,1,1,1,1,1,1,1,1,1,1,1,1
trans reduce regulated pollutants,aircraft,PM10,,0,0,0,0.026316,0.052632,0.078947,0.105263,0.131579,0.157895,0.184211,0.210526,0.236842,0.263158,0.289474,0.315789,0.342105,0.368421,0.394737,0.421053,0.447368,0.473684,0.5,0.526316,0.552632,0.578947,0.605263,0.631579,0.657895,0.684211,0.710526,0.736842,0.763158,0.789474,0.815789,0.842105,0.868421,0.894737,0.921053,0.947368,0.973684,1,1,1,1,1,1,1,1,1,1,1,1,1,1,1,1,1,1,1,1,1,1,1,1,1,1,1,1,1,1,1,1,1,1,1,1,1,1,1,1,1
trans reduce regulated pollutants,aircraft,PM25,,0,0,0,0.026316,0.052632,0.078947,0.105263,0.131579,0.157895,0.184211,0.210526,0.236842,0.263158,0.289474,0.315789,0.342105,0.368421,0.394737,0.421053,0.447368,0.473684,0.5,0.526316,0.552632,0.578947,0.605263,0.631579,0.657895,0.684211,0.710526,0.736842,0.763158,0.789474,0.815789,0.842105,0.868421,0.894737,0.921053,0.947368,0.973684,1,1,1,1,1,1,1,1,1,1,1,1,1,1,1,1,1,1,1,1,1,1,1,1,1,1,1,1,1,1,1,1,1,1,1,1,1,1,1,1,1
trans reduce regulated pollutants,aircraft,SOx,,0,0,0,0.026316,0.052632,0.078947,0.105263,0.131579,0.157895,0.184211,0.210526,0.236842,0.263158,0.289474,0.315789,0.342105,0.368421,0.394737,0.421053,0.447368,0.473684,0.5,0.526316,0.552632,0.578947,0.605263,0.631579,0.657895,0.684211,0.710526,0.736842,0.763158,0.789474,0.815789,0.842105,0.868421,0.894737,0.921053,0.947368,0.973684,1,1,1,1,1,1,1,1,1,1,1,1,1,1,1,1,1,1,1,1,1,1,1,1,1,1,1,1,1,1,1,1,1,1,1,1,1,1,1,1,1
trans reduce regulated pollutants,aircraft,BC,,0,0,0,0.026316,0.052632,0.078947,0.105263,0.131579,0.157895,0.184211,0.210526,0.236842,0.263158,0.289474,0.315789,0.342105,0.368421,0.394737,0.421053,0.447368,0.473684,0.5,0.526316,0.552632,0.578947,0.605263,0.631579,0.657895,0.684211,0.710526,0.736842,0.763158,0.789474,0.815789,0.842105,0.868421,0.894737,0.921053,0.947368,0.973684,1,1,1,1,1,1,1,1,1,1,1,1,1,1,1,1,1,1,1,1,1,1,1,1,1,1,1,1,1,1,1,1,1,1,1,1,1,1,1,1,1
trans reduce regulated pollutants,aircraft,OC,,0,0,0,0.026316,0.052632,0.078947,0.105263,0.131579,0.157895,0.184211,0.210526,0.236842,0.263158,0.289474,0.315789,0.342105,0.368421,0.394737,0.421053,0.447368,0.473684,0.5,0.526316,0.552632,0.578947,0.605263,0.631579,0.657895,0.684211,0.710526,0.736842,0.763158,0.789474,0.815789,0.842105,0.868421,0.894737,0.921053,0.947368,0.973684,1,1,1,1,1,1,1,1,1,1,1,1,1,1,1,1,1,1,1,1,1,1,1,1,1,1,1,1,1,1,1,1,1,1,1,1,1,1,1,1,1
trans reduce regulated pollutants,aircraft,CH4,,0,0,0,0.026316,0.052632,0.078947,0.105263,0.131579,0.157895,0.184211,0.210526,0.236842,0.263158,0.289474,0.315789,0.342105,0.368421,0.394737,0.421053,0.447368,0.473684,0.5,0.526316,0.552632,0.578947,0.605263,0.631579,0.657895,0.684211,0.710526,0.736842,0.763158,0.789474,0.815789,0.842105,0.868421,0.894737,0.921053,0.947368,0.973684,1,1,1,1,1,1,1,1,1,1,1,1,1,1,1,1,1,1,1,1,1,1,1,1,1,1,1,1,1,1,1,1,1,1,1,1,1,1,1,1,1
trans reduce regulated pollutants,aircraft,N2O,,0,0,0,0.026316,0.052632,0.078947,0.105263,0.131579,0.157895,0.184211,0.210526,0.236842,0.263158,0.289474,0.315789,0.342105,0.368421,0.394737,0.421053,0.447368,0.473684,0.5,0.526316,0.552632,0.578947,0.605263,0.631579,0.657895,0.684211,0.710526,0.736842,0.763158,0.789474,0.815789,0.842105,0.868421,0.894737,0.921053,0.947368,0.973684,1,1,1,1,1,1,1,1,1,1,1,1,1,1,1,1,1,1,1,1,1,1,1,1,1,1,1,1,1,1,1,1,1,1,1,1,1,1,1,1,1
trans reduce regulated pollutants,aircraft,F gases,,0,0,0,0.026316,0.052632,0.078947,0.105263,0.131579,0.157895,0.184211,0.210526,0.236842,0.263158,0.289474,0.315789,0.342105,0.368421,0.394737,0.421053,0.447368,0.473684,0.5,0.526316,0.552632,0.578947,0.605263,0.631579,0.657895,0.684211,0.710526,0.736842,0.763158,0.789474,0.815789,0.842105,0.868421,0.894737,0.921053,0.947368,0.973684,1,1,1,1,1,1,1,1,1,1,1,1,1,1,1,1,1,1,1,1,1,1,1,1,1,1,1,1,1,1,1,1,1,1,1,1,1,1,1,1,1
trans reduce regulated pollutants,rail,CO2,,0,0,0,0.026316,0.052632,0.078947,0.105263,0.131579,0.157895,0.184211,0.210526,0.236842,0.263158,0.289474,0.315789,0.342105,0.368421,0.394737,0.421053,0.447368,0.473684,0.5,0.526316,0.552632,0.578947,0.605263,0.631579,0.657895,0.684211,0.710526,0.736842,0.763158,0.789474,0.815789,0.842105,0.868421,0.894737,0.921053,0.947368,0.973684,1,1,1,1,1,1,1,1,1,1,1,1,1,1,1,1,1,1,1,1,1,1,1,1,1,1,1,1,1,1,1,1,1,1,1,1,1,1,1,1,1
trans reduce regulated pollutants,rail,VOC,,0,0,0,0.026316,0.052632,0.078947,0.105263,0.131579,0.157895,0.184211,0.210526,0.236842,0.263158,0.289474,0.315789,0.342105,0.368421,0.394737,0.421053,0.447368,0.473684,0.5,0.526316,0.552632,0.578947,0.605263,0.631579,0.657895,0.684211,0.710526,0.736842,0.763158,0.789474,0.815789,0.842105,0.868421,0.894737,0.921053,0.947368,0.973684,1,1,1,1,1,1,1,1,1,1,1,1,1,1,1,1,1,1,1,1,1,1,1,1,1,1,1,1,1,1,1,1,1,1,1,1,1,1,1,1,1
trans reduce regulated pollutants,rail,CO,,0,0,0,0.026316,0.052632,0.078947,0.105263,0.131579,0.157895,0.184211,0.210526,0.236842,0.263158,0.289474,0.315789,0.342105,0.368421,0.394737,0.421053,0.447368,0.473684,0.5,0.526316,0.552632,0.578947,0.605263,0.631579,0.657895,0.684211,0.710526,0.736842,0.763158,0.789474,0.815789,0.842105,0.868421,0.894737,0.921053,0.947368,0.973684,1,1,1,1,1,1,1,1,1,1,1,1,1,1,1,1,1,1,1,1,1,1,1,1,1,1,1,1,1,1,1,1,1,1,1,1,1,1,1,1,1
trans reduce regulated pollutants,rail,NOx,,0,0,0,0.026316,0.052632,0.078947,0.105263,0.131579,0.157895,0.184211,0.210526,0.236842,0.263158,0.289474,0.315789,0.342105,0.368421,0.394737,0.421053,0.447368,0.473684,0.5,0.526316,0.552632,0.578947,0.605263,0.631579,0.657895,0.684211,0.710526,0.736842,0.763158,0.789474,0.815789,0.842105,0.868421,0.894737,0.921053,0.947368,0.973684,1,1,1,1,1,1,1,1,1,1,1,1,1,1,1,1,1,1,1,1,1,1,1,1,1,1,1,1,1,1,1,1,1,1,1,1,1,1,1,1,1
trans reduce regulated pollutants,rail,PM10,,0,0,0,0.026316,0.052632,0.078947,0.105263,0.131579,0.157895,0.184211,0.210526,0.236842,0.263158,0.289474,0.315789,0.342105,0.368421,0.394737,0.421053,0.447368,0.473684,0.5,0.526316,0.552632,0.578947,0.605263,0.631579,0.657895,0.684211,0.710526,0.736842,0.763158,0.789474,0.815789,0.842105,0.868421,0.894737,0.921053,0.947368,0.973684,1,1,1,1,1,1,1,1,1,1,1,1,1,1,1,1,1,1,1,1,1,1,1,1,1,1,1,1,1,1,1,1,1,1,1,1,1,1,1,1,1
trans reduce regulated pollutants,rail,PM25,,0,0,0,0.026316,0.052632,0.078947,0.105263,0.131579,0.157895,0.184211,0.210526,0.236842,0.263158,0.289474,0.315789,0.342105,0.368421,0.394737,0.421053,0.447368,0.473684,0.5,0.526316,0.552632,0.578947,0.605263,0.631579,0.657895,0.684211,0.710526,0.736842,0.763158,0.789474,0.815789,0.842105,0.868421,0.894737,0.921053,0.947368,0.973684,1,1,1,1,1,1,1,1,1,1,1,1,1,1,1,1,1,1,1,1,1,1,1,1,1,1,1,1,1,1,1,1,1,1,1,1,1,1,1,1,1
trans reduce regulated pollutants,rail,SOx,,0,0,0,0.026316,0.052632,0.078947,0.105263,0.131579,0.157895,0.184211,0.210526,0.236842,0.263158,0.289474,0.315789,0.342105,0.368421,0.394737,0.421053,0.447368,0.473684,0.5,0.526316,0.552632,0.578947,0.605263,0.631579,0.657895,0.684211,0.710526,0.736842,0.763158,0.789474,0.815789,0.842105,0.868421,0.894737,0.921053,0.947368,0.973684,1,1,1,1,1,1,1,1,1,1,1,1,1,1,1,1,1,1,1,1,1,1,1,1,1,1,1,1,1,1,1,1,1,1,1,1,1,1,1,1,1
trans reduce regulated pollutants,rail,BC,,0,0,0,0.026316,0.052632,0.078947,0.105263,0.131579,0.157895,0.184211,0.210526,0.236842,0.263158,0.289474,0.315789,0.342105,0.368421,0.394737,0.421053,0.447368,0.473684,0.5,0.526316,0.552632,0.578947,0.605263,0.631579,0.657895,0.684211,0.710526,0.736842,0.763158,0.789474,0.815789,0.842105,0.868421,0.894737,0.921053,0.947368,0.973684,1,1,1,1,1,1,1,1,1,1,1,1,1,1,1,1,1,1,1,1,1,1,1,1,1,1,1,1,1,1,1,1,1,1,1,1,1,1,1,1,1
trans reduce regulated pollutants,rail,OC,,0,0,0,0.026316,0.052632,0.078947,0.105263,0.131579,0.157895,0.184211,0.210526,0.236842,0.263158,0.289474,0.315789,0.342105,0.368421,0.394737,0.421053,0.447368,0.473684,0.5,0.526316,0.552632,0.578947,0.605263,0.631579,0.657895,0.684211,0.710526,0.736842,0.763158,0.789474,0.815789,0.842105,0.868421,0.894737,0.921053,0.947368,0.973684,1,1,1,1,1,1,1,1,1,1,1,1,1,1,1,1,1,1,1,1,1,1,1,1,1,1,1,1,1,1,1,1,1,1,1,1,1,1,1,1,1
trans reduce regulated pollutants,rail,CH4,,0,0,0,0.026316,0.052632,0.078947,0.105263,0.131579,0.157895,0.184211,0.210526,0.236842,0.263158,0.289474,0.315789,0.342105,0.368421,0.394737,0.421053,0.447368,0.473684,0.5,0.526316,0.552632,0.578947,0.605263,0.631579,0.657895,0.684211,0.710526,0.736842,0.763158,0.789474,0.815789,0.842105,0.868421,0.894737,0.921053,0.947368,0.973684,1,1,1,1,1,1,1,1,1,1,1,1,1,1,1,1,1,1,1,1,1,1,1,1,1,1,1,1,1,1,1,1,1,1,1,1,1,1,1,1,1
trans reduce regulated pollutants,rail,N2O,,0,0,0,0.026316,0.052632,0.078947,0.105263,0.131579,0.157895,0.184211,0.210526,0.236842,0.263158,0.289474,0.315789,0.342105,0.368421,0.394737,0.421053,0.447368,0.473684,0.5,0.526316,0.552632,0.578947,0.605263,0.631579,0.657895,0.684211,0.710526,0.736842,0.763158,0.789474,0.815789,0.842105,0.868421,0.894737,0.921053,0.947368,0.973684,1,1,1,1,1,1,1,1,1,1,1,1,1,1,1,1,1,1,1,1,1,1,1,1,1,1,1,1,1,1,1,1,1,1,1,1,1,1,1,1,1
trans reduce regulated pollutants,rail,F gases,,0,0,0,0.026316,0.052632,0.078947,0.105263,0.131579,0.157895,0.184211,0.210526,0.236842,0.263158,0.289474,0.315789,0.342105,0.368421,0.394737,0.421053,0.447368,0.473684,0.5,0.526316,0.552632,0.578947,0.605263,0.631579,0.657895,0.684211,0.710526,0.736842,0.763158,0.789474,0.815789,0.842105,0.868421,0.894737,0.921053,0.947368,0.973684,1,1,1,1,1,1,1,1,1,1,1,1,1,1,1,1,1,1,1,1,1,1,1,1,1,1,1,1,1,1,1,1,1,1,1,1,1,1,1,1,1
trans reduce regulated pollutants,ships,CO2,,0,0,0,0.026316,0.052632,0.078947,0.105263,0.131579,0.157895,0.184211,0.210526,0.236842,0.263158,0.289474,0.315789,0.342105,0.368421,0.394737,0.421053,0.447368,0.473684,0.5,0.526316,0.552632,0.578947,0.605263,0.631579,0.657895,0.684211,0.710526,0.736842,0.763158,0.789474,0.815789,0.842105,0.868421,0.894737,0.921053,0.947368,0.973684,1,1,1,1,1,1,1,1,1,1,1,1,1,1,1,1,1,1,1,1,1,1,1,1,1,1,1,1,1,1,1,1,1,1,1,1,1,1,1,1,1
trans reduce regulated pollutants,ships,VOC,,0,0,0,0.026316,0.052632,0.078947,0.105263,0.131579,0.157895,0.184211,0.210526,0.236842,0.263158,0.289474,0.315789,0.342105,0.368421,0.394737,0.421053,0.447368,0.473684,0.5,0.526316,0.552632,0.578947,0.605263,0.631579,0.657895,0.684211,0.710526,0.736842,0.763158,0.789474,0.815789,0.842105,0.868421,0.894737,0.921053,0.947368,0.973684,1,1,1,1,1,1,1,1,1,1,1,1,1,1,1,1,1,1,1,1,1,1,1,1,1,1,1,1,1,1,1,1,1,1,1,1,1,1,1,1,1
trans reduce regulated pollutants,ships,CO,,0,0,0,0.026316,0.052632,0.078947,0.105263,0.131579,0.157895,0.184211,0.210526,0.236842,0.263158,0.289474,0.315789,0.342105,0.368421,0.394737,0.421053,0.447368,0.473684,0.5,0.526316,0.552632,0.578947,0.605263,0.631579,0.657895,0.684211,0.710526,0.736842,0.763158,0.789474,0.815789,0.842105,0.868421,0.894737,0.921053,0.947368,0.973684,1,1,1,1,1,1,1,1,1,1,1,1,1,1,1,1,1,1,1,1,1,1,1,1,1,1,1,1,1,1,1,1,1,1,1,1,1,1,1,1,1
trans reduce regulated pollutants,ships,NOx,,0,0,0,0.026316,0.052632,0.078947,0.105263,0.131579,0.157895,0.184211,0.210526,0.236842,0.263158,0.289474,0.315789,0.342105,0.368421,0.394737,0.421053,0.447368,0.473684,0.5,0.526316,0.552632,0.578947,0.605263,0.631579,0.657895,0.684211,0.710526,0.736842,0.763158,0.789474,0.815789,0.842105,0.868421,0.894737,0.921053,0.947368,0.973684,1,1,1,1,1,1,1,1,1,1,1,1,1,1,1,1,1,1,1,1,1,1,1,1,1,1,1,1,1,1,1,1,1,1,1,1,1,1,1,1,1
trans reduce regulated pollutants,ships,PM10,,0,0,0,0.026316,0.052632,0.078947,0.105263,0.131579,0.157895,0.184211,0.210526,0.236842,0.263158,0.289474,0.315789,0.342105,0.368421,0.394737,0.421053,0.447368,0.473684,0.5,0.526316,0.552632,0.578947,0.605263,0.631579,0.657895,0.684211,0.710526,0.736842,0.763158,0.789474,0.815789,0.842105,0.868421,0.894737,0.921053,0.947368,0.973684,1,1,1,1,1,1,1,1,1,1,1,1,1,1,1,1,1,1,1,1,1,1,1,1,1,1,1,1,1,1,1,1,1,1,1,1,1,1,1,1,1
trans reduce regulated pollutants,ships,PM25,,0,0,0,0.026316,0.052632,0.078947,0.105263,0.131579,0.157895,0.184211,0.210526,0.236842,0.263158,0.289474,0.315789,0.342105,0.368421,0.394737,0.421053,0.447368,0.473684,0.5,0.526316,0.552632,0.578947,0.605263,0.631579,0.657895,0.684211,0.710526,0.736842,0.763158,0.789474,0.815789,0.842105,0.868421,0.894737,0.921053,0.947368,0.973684,1,1,1,1,1,1,1,1,1,1,1,1,1,1,1,1,1,1,1,1,1,1,1,1,1,1,1,1,1,1,1,1,1,1,1,1,1,1,1,1,1
trans reduce regulated pollutants,ships,SOx,,0,0,0,0.026316,0.052632,0.078947,0.105263,0.131579,0.157895,0.184211,0.210526,0.236842,0.263158,0.289474,0.315789,0.342105,0.368421,0.394737,0.421053,0.447368,0.473684,0.5,0.526316,0.552632,0.578947,0.605263,0.631579,0.657895,0.684211,0.710526,0.736842,0.763158,0.789474,0.815789,0.842105,0.868421,0.894737,0.921053,0.947368,0.973684,1,1,1,1,1,1,1,1,1,1,1,1,1,1,1,1,1,1,1,1,1,1,1,1,1,1,1,1,1,1,1,1,1,1,1,1,1,1,1,1,1
trans reduce regulated pollutants,ships,BC,,0,0,0,0.026316,0.052632,0.078947,0.105263,0.131579,0.157895,0.184211,0.210526,0.236842,0.263158,0.289474,0.315789,0.342105,0.368421,0.394737,0.421053,0.447368,0.473684,0.5,0.526316,0.552632,0.578947,0.605263,0.631579,0.657895,0.684211,0.710526,0.736842,0.763158,0.789474,0.815789,0.842105,0.868421,0.894737,0.921053,0.947368,0.973684,1,1,1,1,1,1,1,1,1,1,1,1,1,1,1,1,1,1,1,1,1,1,1,1,1,1,1,1,1,1,1,1,1,1,1,1,1,1,1,1,1
trans reduce regulated pollutants,ships,OC,,0,0,0,0.026316,0.052632,0.078947,0.105263,0.131579,0.157895,0.184211,0.210526,0.236842,0.263158,0.289474,0.315789,0.342105,0.368421,0.394737,0.421053,0.447368,0.473684,0.5,0.526316,0.552632,0.578947,0.605263,0.631579,0.657895,0.684211,0.710526,0.736842,0.763158,0.789474,0.815789,0.842105,0.868421,0.894737,0.921053,0.947368,0.973684,1,1,1,1,1,1,1,1,1,1,1,1,1,1,1,1,1,1,1,1,1,1,1,1,1,1,1,1,1,1,1,1,1,1,1,1,1,1,1,1,1
trans reduce regulated pollutants,ships,CH4,,0,0,0,0.026316,0.052632,0.078947,0.105263,0.131579,0.157895,0.184211,0.210526,0.236842,0.263158,0.289474,0.315789,0.342105,0.368421,0.394737,0.421053,0.447368,0.473684,0.5,0.526316,0.552632,0.578947,0.605263,0.631579,0.657895,0.684211,0.710526,0.736842,0.763158,0.789474,0.815789,0.842105,0.868421,0.894737,0.921053,0.947368,0.973684,1,1,1,1,1,1,1,1,1,1,1,1,1,1,1,1,1,1,1,1,1,1,1,1,1,1,1,1,1,1,1,1,1,1,1,1,1,1,1,1,1
trans reduce regulated pollutants,ships,N2O,,0,0,0,0.026316,0.052632,0.078947,0.105263,0.131579,0.157895,0.184211,0.210526,0.236842,0.263158,0.289474,0.315789,0.342105,0.368421,0.394737,0.421053,0.447368,0.473684,0.5,0.526316,0.552632,0.578947,0.605263,0.631579,0.657895,0.684211,0.710526,0.736842,0.763158,0.789474,0.815789,0.842105,0.868421,0.894737,0.921053,0.947368,0.973684,1,1,1,1,1,1,1,1,1,1,1,1,1,1,1,1,1,1,1,1,1,1,1,1,1,1,1,1,1,1,1,1,1,1,1,1,1,1,1,1,1
trans reduce regulated pollutants,ships,F gases,,0,0,0,0.026316,0.052632,0.078947,0.105263,0.131579,0.157895,0.184211,0.210526,0.236842,0.263158,0.289474,0.315789,0.342105,0.368421,0.394737,0.421053,0.447368,0.473684,0.5,0.526316,0.552632,0.578947,0.605263,0.631579,0.657895,0.684211,0.710526,0.736842,0.763158,0.789474,0.815789,0.842105,0.868421,0.894737,0.921053,0.947368,0.973684,1,1,1,1,1,1,1,1,1,1,1,1,1,1,1,1,1,1,1,1,1,1,1,1,1,1,1,1,1,1,1,1,1,1,1,1,1,1,1,1,1
trans reduce regulated pollutants,motorbikes,CO2,,0,0,0,0.026316,0.052632,0.078947,0.105263,0.131579,0.157895,0.184211,0.210526,0.236842,0.263158,0.289474,0.315789,0.342105,0.368421,0.394737,0.421053,0.447368,0.473684,0.5,0.526316,0.552632,0.578947,0.605263,0.631579,0.657895,0.684211,0.710526,0.736842,0.763158,0.789474,0.815789,0.842105,0.868421,0.894737,0.921053,0.947368,0.973684,1,1,1,1,1,1,1,1,1,1,1,1,1,1,1,1,1,1,1,1,1,1,1,1,1,1,1,1,1,1,1,1,1,1,1,1,1,1,1,1,1
trans reduce regulated pollutants,motorbikes,VOC,,0,0,0,0.026316,0.052632,0.078947,0.105263,0.131579,0.157895,0.184211,0.210526,0.236842,0.263158,0.289474,0.315789,0.342105,0.368421,0.394737,0.421053,0.447368,0.473684,0.5,0.526316,0.552632,0.578947,0.605263,0.631579,0.657895,0.684211,0.710526,0.736842,0.763158,0.789474,0.815789,0.842105,0.868421,0.894737,0.921053,0.947368,0.973684,1,1,1,1,1,1,1,1,1,1,1,1,1,1,1,1,1,1,1,1,1,1,1,1,1,1,1,1,1,1,1,1,1,1,1,1,1,1,1,1,1
trans reduce regulated pollutants,motorbikes,CO,,0,0,0,0.026316,0.052632,0.078947,0.105263,0.131579,0.157895,0.184211,0.210526,0.236842,0.263158,0.289474,0.315789,0.342105,0.368421,0.394737,0.421053,0.447368,0.473684,0.5,0.526316,0.552632,0.578947,0.605263,0.631579,0.657895,0.684211,0.710526,0.736842,0.763158,0.789474,0.815789,0.842105,0.868421,0.894737,0.921053,0.947368,0.973684,1,1,1,1,1,1,1,1,1,1,1,1,1,1,1,1,1,1,1,1,1,1,1,1,1,1,1,1,1,1,1,1,1,1,1,1,1,1,1,1,1
trans reduce regulated pollutants,motorbikes,NOx,,0,0,0,0.026316,0.052632,0.078947,0.105263,0.131579,0.157895,0.184211,0.210526,0.236842,0.263158,0.289474,0.315789,0.342105,0.368421,0.394737,0.421053,0.447368,0.473684,0.5,0.526316,0.552632,0.578947,0.605263,0.631579,0.657895,0.684211,0.710526,0.736842,0.763158,0.789474,0.815789,0.842105,0.868421,0.894737,0.921053,0.947368,0.973684,1,1,1,1,1,1,1,1,1,1,1,1,1,1,1,1,1,1,1,1,1,1,1,1,1,1,1,1,1,1,1,1,1,1,1,1,1,1,1,1,1
trans reduce regulated pollutants,motorbikes,PM10,,0,0,0,0.026316,0.052632,0.078947,0.105263,0.131579,0.157895,0.184211,0.210526,0.236842,0.263158,0.289474,0.315789,0.342105,0.368421,0.394737,0.421053,0.447368,0.473684,0.5,0.526316,0.552632,0.578947,0.605263,0.631579,0.657895,0.684211,0.710526,0.736842,0.763158,0.789474,0.815789,0.842105,0.868421,0.894737,0.921053,0.947368,0.973684,1,1,1,1,1,1,1,1,1,1,1,1,1,1,1,1,1,1,1,1,1,1,1,1,1,1,1,1,1,1,1,1,1,1,1,1,1,1,1,1,1
trans reduce regulated pollutants,motorbikes,PM25,,0,0,0,0.026316,0.052632,0.078947,0.105263,0.131579,0.157895,0.184211,0.210526,0.236842,0.263158,0.289474,0.315789,0.342105,0.368421,0.394737,0.421053,0.447368,0.473684,0.5,0.526316,0.552632,0.578947,0.605263,0.631579,0.657895,0.684211,0.710526,0.736842,0.763158,0.789474,0.815789,0.842105,0.868421,0.894737,0.921053,0.947368,0.973684,1,1,1,1,1,1,1,1,1,1,1,1,1,1,1,1,1,1,1,1,1,1,1,1,1,1,1,1,1,1,1,1,1,1,1,1,1,1,1,1,1
trans reduce regulated pollutants,motorbikes,SOx,,0,0,0,0.026316,0.052632,0.078947,0.105263,0.131579,0.157895,0.184211,0.210526,0.236842,0.263158,0.289474,0.315789,0.342105,0.368421,0.394737,0.421053,0.447368,0.473684,0.5,0.526316,0.552632,0.578947,0.605263,0.631579,0.657895,0.684211,0.710526,0.736842,0.763158,0.789474,0.815789,0.842105,0.868421,0.894737,0.921053,0.947368,0.973684,1,1,1,1,1,1,1,1,1,1,1,1,1,1,1,1,1,1,1,1,1,1,1,1,1,1,1,1,1,1,1,1,1,1,1,1,1,1,1,1,1
trans reduce regulated pollutants,motorbikes,BC,,0,0,0,0.026316,0.052632,0.078947,0.105263,0.131579,0.157895,0.184211,0.210526,0.236842,0.263158,0.289474,0.315789,0.342105,0.368421,0.394737,0.421053,0.447368,0.473684,0.5,0.526316,0.552632,0.578947,0.605263,0.631579,0.657895,0.684211,0.710526,0.736842,0.763158,0.789474,0.815789,0.842105,0.868421,0.894737,0.921053,0.947368,0.973684,1,1,1,1,1,1,1,1,1,1,1,1,1,1,1,1,1,1,1,1,1,1,1,1,1,1,1,1,1,1,1,1,1,1,1,1,1,1,1,1,1
trans reduce regulated pollutants,motorbikes,OC,,0,0,0,0.026316,0.052632,0.078947,0.105263,0.131579,0.157895,0.184211,0.210526,0.236842,0.263158,0.289474,0.315789,0.342105,0.368421,0.394737,0.421053,0.447368,0.473684,0.5,0.526316,0.552632,0.578947,0.605263,0.631579,0.657895,0.684211,0.710526,0.736842,0.763158,0.789474,0.815789,0.842105,0.868421,0.894737,0.921053,0.947368,0.973684,1,1,1,1,1,1,1,1,1,1,1,1,1,1,1,1,1,1,1,1,1,1,1,1,1,1,1,1,1,1,1,1,1,1,1,1,1,1,1,1,1
trans reduce regulated pollutants,motorbikes,CH4,,0,0,0,0.026316,0.052632,0.078947,0.105263,0.131579,0.157895,0.184211,0.210526,0.236842,0.263158,0.289474,0.315789,0.342105,0.368421,0.394737,0.421053,0.447368,0.473684,0.5,0.526316,0.552632,0.578947,0.605263,0.631579,0.657895,0.684211,0.710526,0.736842,0.763158,0.789474,0.815789,0.842105,0.868421,0.894737,0.921053,0.947368,0.973684,1,1,1,1,1,1,1,1,1,1,1,1,1,1,1,1,1,1,1,1,1,1,1,1,1,1,1,1,1,1,1,1,1,1,1,1,1,1,1,1,1
trans reduce regulated pollutants,motorbikes,N2O,,0,0,0,0.026316,0.052632,0.078947,0.105263,0.131579,0.157895,0.184211,0.210526,0.236842,0.263158,0.289474,0.315789,0.342105,0.368421,0.394737,0.421053,0.447368,0.473684,0.5,0.526316,0.552632,0.578947,0.605263,0.631579,0.657895,0.684211,0.710526,0.736842,0.763158,0.789474,0.815789,0.842105,0.868421,0.894737,0.921053,0.947368,0.973684,1,1,1,1,1,1,1,1,1,1,1,1,1,1,1,1,1,1,1,1,1,1,1,1,1,1,1,1,1,1,1,1,1,1,1,1,1,1,1,1,1
trans reduce regulated pollutants,motorbikes,F gases,,0,0,0,0.026316,0.052632,0.078947,0.105263,0.131579,0.157895,0.184211,0.210526,0.236842,0.263158,0.289474,0.315789,0.342105,0.368421,0.394737,0.421053,0.447368,0.473684,0.5,0.526316,0.552632,0.578947,0.605263,0.631579,0.657895,0.684211,0.710526,0.736842,0.763158,0.789474,0.815789,0.842105,0.868421,0.894737,0.921053,0.947368,0.973684,1,1,1,1,1,1,1,1,1,1,1,1,1,1,1,1,1,1,1,1,1,1,1,1,1,1,1,1,1,1,1,1,1,1,1,1,1,1,1,1,1
elec renewable portfolio standards,,,,0.561957,0.579565,0.597174,0.614783,0.632391,0.65,0.686667,0.723333,0.76,0.796667,0.833333,0.866667,0.9,0.933333,0.966667,1,1,1,1,1,1,1,1,1,1,1,1,1,1,1,1,1,1,1,1,1,1,1,1,1,1,1,1,1,1,1,1,1,1,1,1,1,1,1,1,1,1,1,1,1,1,1,1,1,1,1,1,1,1,1,1,1,1,1,1,1,1,1,1,1,1
elec ban new power plants,hard coal es,,,1,1,1,1,1,1,1,1,1,1,1,1,1,1,1,1,1,1,1,1,1,1,1,1,1,1,1,1,1,1,1,1,1,1,1,1,1,1,1,1,1,1,1,1,1,1,1,1,1,1,1,1,1,1,1,1,1,1,1,1,1,1,1,1,1,1,1,1,1,1,1,1,1,1,1,1,1,1,1,1,1
elec ban new power plants,natural gas nonpeaker es,,,0,0,0,0.026316,0.052632,0.078947,0.105263,0.131579,0.157895,0.184211,0.210526,0.236842,0.263158,0.289474,0.315789,0.342105,0.368421,0.394737,0.421053,0.447368,0.473684,0.5,0.526316,0.552632,0.578947,0.605263,0.631579,0.657895,0.684211,0.710526,0.736842,0.763158,0.789474,0.815789,0.842105,0.868421,0.894737,0.921053,0.947368,0.973684,1,1,1,1,1,1,1,1,1,1,1,1,1,1,1,1,1,1,1,1,1,1,1,1,1,1,1,1,1,1,1,1,1,1,1,1,1,1,1,1,1
elec ban new power plants,nuclear es,,,0,0,0,0.026316,0.052632,0.078947,0.105263,0.131579,0.157895,0.184211,0.210526,0.236842,0.263158,0.289474,0.315789,0.342105,0.368421,0.394737,0.421053,0.447368,0.473684,0.5,0.526316,0.552632,0.578947,0.605263,0.631579,0.657895,0.684211,0.710526,0.736842,0.763158,0.789474,0.815789,0.842105,0.868421,0.894737,0.921053,0.947368,0.973684,1,1,1,1,1,1,1,1,1,1,1,1,1,1,1,1,1,1,1,1,1,1,1,1,1,1,1,1,1,1,1,1,1,1,1,1,1,1,1,1,1
elec ban new power plants,hydro es,,,0,0,0,0.026316,0.052632,0.078947,0.105263,0.131579,0.157895,0.184211,0.210526,0.236842,0.263158,0.289474,0.315789,0.342105,0.368421,0.394737,0.421053,0.447368,0.473684,0.5,0.526316,0.552632,0.578947,0.605263,0.631579,0.657895,0.684211,0.710526,0.736842,0.763158,0.789474,0.815789,0.842105,0.868421,0.894737,0.921053,0.947368,0.973684,1,1,1,1,1,1,1,1,1,1,1,1,1,1,1,1,1,1,1,1,1,1,1,1,1,1,1,1,1,1,1,1,1,1,1,1,1,1,1,1,1
elec ban new power plants,onshore wind es,,,0,0,0,0.026316,0.052632,0.078947,0.105263,0.131579,0.157895,0.184211,0.210526,0.236842,0.263158,0.289474,0.315789,0.342105,0.368421,0.394737,0.421053,0.447368,0.473684,0.5,0.526316,0.552632,0.578947,0.605263,0.631579,0.657895,0.684211,0.710526,0.736842,0.763158,0.789474,0.815789,0.842105,0.868421,0.894737,0.921053,0.947368,0.973684,1,1,1,1,1,1,1,1,1,1,1,1,1,1,1,1,1,1,1,1,1,1,1,1,1,1,1,1,1,1,1,1,1,1,1,1,1,1,1,1,1
elec ban new power plants,solar PV es,,,0,0,0,0.026316,0.052632,0.078947,0.105263,0.131579,0.157895,0.184211,0.210526,0.236842,0.263158,0.289474,0.315789,0.342105,0.368421,0.394737,0.421053,0.447368,0.473684,0.5,0.526316,0.552632,0.578947,0.605263,0.631579,0.657895,0.684211,0.710526,0.736842,0.763158,0.789474,0.815789,0.842105,0.868421,0.894737,0.921053,0.947368,0.973684,1,1,1,1,1,1,1,1,1,1,1,1,1,1,1,1,1,1,1,1,1,1,1,1,1,1,1,1,1,1,1,1,1,1,1,1,1,1,1,1,1
elec ban new power plants,solar thermal es,,,0,0,0,0.026316,0.052632,0.078947,0.105263,0.131579,0.157895,0.184211,0.210526,0.236842,0.263158,0.289474,0.315789,0.342105,0.368421,0.394737,0.421053,0.447368,0.473684,0.5,0.526316,0.552632,0.578947,0.605263,0.631579,0.657895,0.684211,0.710526,0.736842,0.763158,0.789474,0.815789,0.842105,0.868421,0.894737,0.921053,0.947368,0.973684,1,1,1,1,1,1,1,1,1,1,1,1,1,1,1,1,1,1,1,1,1,1,1,1,1,1,1,1,1,1,1,1,1,1,1,1,1,1,1,1,1
elec ban new power plants,biomass es,,,0,0,0,0.026316,0.052632,0.078947,0.105263,0.131579,0.157895,0.184211,0.210526,0.236842,0.263158,0.289474,0.315789,0.342105,0.368421,0.394737,0.421053,0.447368,0.473684,0.5,0.526316,0.552632,0.578947,0.605263,0.631579,0.657895,0.684211,0.710526,0.736842,0.763158,0.789474,0.815789,0.842105,0.868421,0.894737,0.921053,0.947368,0.973684,1,1,1,1,1,1,1,1,1,1,1,1,1,1,1,1,1,1,1,1,1,1,1,1,1,1,1,1,1,1,1,1,1,1,1,1,1,1,1,1,1
elec ban new power plants,geothermal es,,,1,1,1,1,1,1,1,1,1,1,1,1,1,1,1,1,1,1,1,1,1,1,1,1,1,1,1,1,1,1,1,1,1,1,1,1,1,1,1,1,1,1,1,1,1,1,1,1,1,1,1,1,1,1,1,1,1,1,1,1,1,1,1,1,1,1,1,1,1,1,1,1,1,1,1,1,1,1,1,1,1
elec ban new power plants,petroleum es,,,1,1,1,1,1,1,1,1,1,1,1,1,1,1,1,1,1,1,1,1,1,1,1,1,1,1,1,1,1,1,1,1,1,1,1,1,1,1,1,1,1,1,1,1,1,1,1,1,1,1,1,1,1,1,1,1,1,1,1,1,1,1,1,1,1,1,1,1,1,1,1,1,1,1,1,1,1,1,1,1,1
elec ban new power plants,natural gas peaker es,,,0,0,0,0.026316,0.052632,0.078947,0.105263,0.131579,0.157895,0.184211,0.210526,0.236842,0.263158,0.289474,0.315789,0.342105,0.368421,0.394737,0.421053,0.447368,0.473684,0.5,0.526316,0.552632,0.578947,0.605263,0.631579,0.657895,0.684211,0.710526,0.736842,0.763158,0.789474,0.815789,0.842105,0.868421,0.894737,0.921053,0.947368,0.973684,1,1,1,1,1,1,1,1,1,1,1,1,1,1,1,1,1,1,1,1,1,1,1,1,1,1,1,1,1,1,1,1,1,1,1,1,1,1,1,1,1
elec ban new power plants,lignite es,,,1,1,1,1,1,1,1,1,1,1,1,1,1,1,1,1,1,1,1,1,1,1,1,1,1,1,1,1,1,1,1,1,1,1,1,1,1,1,1,1,1,1,1,1,1,1,1,1,1,1,1,1,1,1,1,1,1,1,1,1,1,1,1,1,1,1,1,1,1,1,1,1,1,1,1,1,1,1,1,1,1
elec ban new power plants,offshore wind es,,,0,0,0,0.026316,0.052632,0.078947,0.105263,0.131579,0.157895,0.184211,0.210526,0.236842,0.263158,0.289474,0.315789,0.342105,0.368421,0.394737,0.421053,0.447368,0.473684,0.5,0.526316,0.552632,0.578947,0.605263,0.631579,0.657895,0.684211,0.710526,0.736842,0.763158,0.789474,0.815789,0.842105,0.868421,0.894737,0.921053,0.947368,0.973684,1,1,1,1,1,1,1,1,1,1,1,1,1,1,1,1,1,1,1,1,1,1,1,1,1,1,1,1,1,1,1,1,1,1,1,1,1,1,1,1,1
elec ban new power plants,crude oil es,,,1,1,1,1,1,1,1,1,1,1,1,1,1,1,1,1,1,1,1,1,1,1,1,1,1,1,1,1,1,1,1,1,1,1,1,1,1,1,1,1,1,1,1,1,1,1,1,1,1,1,1,1,1,1,1,1,1,1,1,1,1,1,1,1,1,1,1,1,1,1,1,1,1,1,1,1,1,1,1,1,1
elec ban new power plants,heavy or residual fuel oil es,,,1,1,1,1,1,1,1,1,1,1,1,1,1,1,1,1,1,1,1,1,1,1,1,1,1,1,1,1,1,1,1,1,1,1,1,1,1,1,1,1,1,1,1,1,1,1,1,1,1,1,1,1,1,1,1,1,1,1,1,1,1,1,1,1,1,1,1,1,1,1,1,1,1,1,1,1,1,1,1,1,1
elec ban new power plants,municipal solid waste es,,,0,0,0,0.026316,0.052632,0.078947,0.105263,0.131579,0.157895,0.184211,0.210526,0.236842,0.263158,0.289474,0.315789,0.342105,0.368421,0.394737,0.421053,0.447368,0.473684,0.5,0.526316,0.552632,0.578947,0.605263,0.631579,0.657895,0.684211,0.710526,0.736842,0.763158,0.789474,0.815789,0.842105,0.868421,0.894737,0.921053,0.947368,0.973684,1,1,1,1,1,1,1,1,1,1,1,1,1,1,1,1,1,1,1,1,1,1,1,1,1,1,1,1,1,1,1,1,1,1,1,1,1,1,1,1,1
elec generation subsidy,hard coal es,preexisting retiring,,0,0,0,0.026316,0.052632,0.078947,0.105263,0.131579,0.157895,0.184211,0.210526,0.236842,0.263158,0.289474,0.315789,0.342105,0.368421,0.394737,0.421053,0.447368,0.473684,0.5,0.526316,0.552632,0.578947,0.605263,0.631579,0.657895,0.684211,0.710526,0.736842,0.763158,0.789474,0.815789,0.842105,0.868421,0.894737,0.921053,0.947368,0.973684,1,1,1,1,1,1,1,1,1,1,1,1,1,1,1,1,1,1,1,1,1,1,1,1,1,1,1,1,1,1,1,1,1,1,1,1,1,1,1,1,1
elec generation subsidy,hard coal es,preexisting nonretiring,,0,0,0,0.026316,0.052632,0.078947,0.105263,0.131579,0.157895,0.184211,0.210526,0.236842,0.263158,0.289474,0.315789,0.342105,0.368421,0.394737,0.421053,0.447368,0.473684,0.5,0.526316,0.552632,0.578947,0.605263,0.631579,0.657895,0.684211,0.710526,0.736842,0.763158,0.789474,0.815789,0.842105,0.868421,0.894737,0.921053,0.947368,0.973684,1,1,1,1,1,1,1,1,1,1,1,1,1,1,1,1,1,1,1,1,1,1,1,1,1,1,1,1,1,1,1,1,1,1,1,1,1,1,1,1,1
elec generation subsidy,hard coal es,newly built,,0,0,0,0.026316,0.052632,0.078947,0.105263,0.131579,0.157895,0.184211,0.210526,0.236842,0.263158,0.289474,0.315789,0.342105,0.368421,0.394737,0.421053,0.447368,0.473684,0.5,0.526316,0.552632,0.578947,0.605263,0.631579,0.657895,0.684211,0.710526,0.736842,0.763158,0.789474,0.815789,0.842105,0.868421,0.894737,0.921053,0.947368,0.973684,1,1,1,1,1,1,1,1,1,1,1,1,1,1,1,1,1,1,1,1,1,1,1,1,1,1,1,1,1,1,1,1,1,1,1,1,1,1,1,1,1
elec generation subsidy,natural gas nonpeaker es,preexisting retiring,,0,0,0,0.026316,0.052632,0.078947,0.105263,0.131579,0.157895,0.184211,0.210526,0.236842,0.263158,0.289474,0.315789,0.342105,0.368421,0.394737,0.421053,0.447368,0.473684,0.5,0.526316,0.552632,0.578947,0.605263,0.631579,0.657895,0.684211,0.710526,0.736842,0.763158,0.789474,0.815789,0.842105,0.868421,0.894737,0.921053,0.947368,0.973684,1,1,1,1,1,1,1,1,1,1,1,1,1,1,1,1,1,1,1,1,1,1,1,1,1,1,1,1,1,1,1,1,1,1,1,1,1,1,1,1,1
elec generation subsidy,natural gas nonpeaker es,preexisting nonretiring,,0,0,0,0.026316,0.052632,0.078947,0.105263,0.131579,0.157895,0.184211,0.210526,0.236842,0.263158,0.289474,0.315789,0.342105,0.368421,0.394737,0.421053,0.447368,0.473684,0.5,0.526316,0.552632,0.578947,0.605263,0.631579,0.657895,0.684211,0.710526,0.736842,0.763158,0.789474,0.815789,0.842105,0.868421,0.894737,0.921053,0.947368,0.973684,1,1,1,1,1,1,1,1,1,1,1,1,1,1,1,1,1,1,1,1,1,1,1,1,1,1,1,1,1,1,1,1,1,1,1,1,1,1,1,1,1
elec generation subsidy,natural gas nonpeaker es,newly built,,0,0,0,0.026316,0.052632,0.078947,0.105263,0.131579,0.157895,0.184211,0.210526,0.236842,0.263158,0.289474,0.315789,0.342105,0.368421,0.394737,0.421053,0.447368,0.473684,0.5,0.526316,0.552632,0.578947,0.605263,0.631579,0.657895,0.684211,0.710526,0.736842,0.763158,0.789474,0.815789,0.842105,0.868421,0.894737,0.921053,0.947368,0.973684,1,1,1,1,1,1,1,1,1,1,1,1,1,1,1,1,1,1,1,1,1,1,1,1,1,1,1,1,1,1,1,1,1,1,1,1,1,1,1,1,1
elec generation subsidy,nuclear es,preexisting retiring,,0,0,0,0.026316,0.052632,0.078947,0.105263,0.131579,0.157895,0.184211,0.210526,0.236842,0.263158,0.289474,0.315789,0.342105,0.368421,0.394737,0.421053,0.447368,0.473684,0.5,0.526316,0.552632,0.578947,0.605263,0.631579,0.657895,0.684211,0.710526,0.736842,0.763158,0.789474,0.815789,0.842105,0.868421,0.894737,0.921053,0.947368,0.973684,1,1,1,1,1,1,1,1,1,1,1,1,1,1,1,1,1,1,1,1,1,1,1,1,1,1,1,1,1,1,1,1,1,1,1,1,1,1,1,1,1
elec generation subsidy,nuclear es,preexisting nonretiring,,0,0,0,0.026316,0.052632,0.078947,0.105263,0.131579,0.157895,0.184211,0.210526,0.236842,0.263158,0.289474,0.315789,0.342105,0.368421,0.394737,0.421053,0.447368,0.473684,0.5,0.526316,0.552632,0.578947,0.605263,0.631579,0.657895,0.684211,0.710526,0.736842,0.763158,0.789474,0.815789,0.842105,0.868421,0.894737,0.921053,0.947368,0.973684,1,1,1,1,1,1,1,1,1,1,1,1,1,1,1,1,1,1,1,1,1,1,1,1,1,1,1,1,1,1,1,1,1,1,1,1,1,1,1,1,1
elec generation subsidy,nuclear es,newly built,,0,0,0,0.026316,0.052632,0.078947,0.105263,0.131579,0.157895,0.184211,0.210526,0.236842,0.263158,0.289474,0.315789,0.342105,0.368421,0.394737,0.421053,0.447368,0.473684,0.5,0.526316,0.552632,0.578947,0.605263,0.631579,0.657895,0.684211,0.710526,0.736842,0.763158,0.789474,0.815789,0.842105,0.868421,0.894737,0.921053,0.947368,0.973684,1,1,1,1,1,1,1,1,1,1,1,1,1,1,1,1,1,1,1,1,1,1,1,1,1,1,1,1,1,1,1,1,1,1,1,1,1,1,1,1,1
elec generation subsidy,hydro es,preexisting retiring,,0,0,0,0.026316,0.052632,0.078947,0.105263,0.131579,0.157895,0.184211,0.210526,0.236842,0.263158,0.289474,0.315789,0.342105,0.368421,0.394737,0.421053,0.447368,0.473684,0.5,0.526316,0.552632,0.578947,0.605263,0.631579,0.657895,0.684211,0.710526,0.736842,0.763158,0.789474,0.815789,0.842105,0.868421,0.894737,0.921053,0.947368,0.973684,1,1,1,1,1,1,1,1,1,1,1,1,1,1,1,1,1,1,1,1,1,1,1,1,1,1,1,1,1,1,1,1,1,1,1,1,1,1,1,1,1
elec generation subsidy,hydro es,preexisting nonretiring,,0,0,0,0.026316,0.052632,0.078947,0.105263,0.131579,0.157895,0.184211,0.210526,0.236842,0.263158,0.289474,0.315789,0.342105,0.368421,0.394737,0.421053,0.447368,0.473684,0.5,0.526316,0.552632,0.578947,0.605263,0.631579,0.657895,0.684211,0.710526,0.736842,0.763158,0.789474,0.815789,0.842105,0.868421,0.894737,0.921053,0.947368,0.973684,1,1,1,1,1,1,1,1,1,1,1,1,1,1,1,1,1,1,1,1,1,1,1,1,1,1,1,1,1,1,1,1,1,1,1,1,1,1,1,1,1
elec generation subsidy,hydro es,newly built,,0,0,0,0.026316,0.052632,0.078947,0.105263,0.131579,0.157895,0.184211,0.210526,0.236842,0.263158,0.289474,0.315789,0.342105,0.368421,0.394737,0.421053,0.447368,0.473684,0.5,0.526316,0.552632,0.578947,0.605263,0.631579,0.657895,0.684211,0.710526,0.736842,0.763158,0.789474,0.815789,0.842105,0.868421,0.894737,0.921053,0.947368,0.973684,1,1,1,1,1,1,1,1,1,1,1,1,1,1,1,1,1,1,1,1,1,1,1,1,1,1,1,1,1,1,1,1,1,1,1,1,1,1,1,1,1
elec generation subsidy,onshore wind es,preexisting retiring,,0,0,0,0.026316,0.052632,0.078947,0.105263,0.131579,0.157895,0.184211,0.210526,0.236842,0.263158,0.289474,0.315789,0.342105,0.368421,0.394737,0.421053,0.447368,0.473684,0.5,0.526316,0.552632,0.578947,0.605263,0.631579,0.657895,0.684211,0.710526,0.736842,0.763158,0.789474,0.815789,0.842105,0.868421,0.894737,0.921053,0.947368,0.973684,1,1,1,1,1,1,1,1,1,1,1,1,1,1,1,1,1,1,1,1,1,1,1,1,1,1,1,1,1,1,1,1,1,1,1,1,1,1,1,1,1
elec generation subsidy,onshore wind es,preexisting nonretiring,,0,0,0,0.026316,0.052632,0.078947,0.105263,0.131579,0.157895,0.184211,0.210526,0.236842,0.263158,0.289474,0.315789,0.342105,0.368421,0.394737,0.421053,0.447368,0.473684,0.5,0.526316,0.552632,0.578947,0.605263,0.631579,0.657895,0.684211,0.710526,0.736842,0.763158,0.789474,0.815789,0.842105,0.868421,0.894737,0.921053,0.947368,0.973684,1,1,1,1,1,1,1,1,1,1,1,1,1,1,1,1,1,1,1,1,1,1,1,1,1,1,1,1,1,1,1,1,1,1,1,1,1,1,1,1,1
elec generation subsidy,onshore wind es,newly built,,0,0,0,0.026316,0.052632,0.078947,0.105263,0.131579,0.157895,0.184211,0.210526,0.236842,0.263158,0.289474,0.315789,0.342105,0.368421,0.394737,0.421053,0.447368,0.473684,0.5,0.526316,0.552632,0.578947,0.605263,0.631579,0.657895,0.684211,0.710526,0.736842,0.763158,0.789474,0.815789,0.842105,0.868421,0.894737,0.921053,0.947368,0.973684,1,1,1,1,1,1,1,1,1,1,1,1,1,1,1,1,1,1,1,1,1,1,1,1,1,1,1,1,1,1,1,1,1,1,1,1,1,1,1,1,1
elec generation subsidy,solar PV es,preexisting retiring,,0,0,0,0.026316,0.052632,0.078947,0.105263,0.131579,0.157895,0.184211,0.210526,0.236842,0.263158,0.289474,0.315789,0.342105,0.368421,0.394737,0.421053,0.447368,0.473684,0.5,0.526316,0.552632,0.578947,0.605263,0.631579,0.657895,0.684211,0.710526,0.736842,0.763158,0.789474,0.815789,0.842105,0.868421,0.894737,0.921053,0.947368,0.973684,1,1,1,1,1,1,1,1,1,1,1,1,1,1,1,1,1,1,1,1,1,1,1,1,1,1,1,1,1,1,1,1,1,1,1,1,1,1,1,1,1
elec generation subsidy,solar PV es,preexisting nonretiring,,0,0,0,0.026316,0.052632,0.078947,0.105263,0.131579,0.157895,0.184211,0.210526,0.236842,0.263158,0.289474,0.315789,0.342105,0.368421,0.394737,0.421053,0.447368,0.473684,0.5,0.526316,0.552632,0.578947,0.605263,0.631579,0.657895,0.684211,0.710526,0.736842,0.763158,0.789474,0.815789,0.842105,0.868421,0.894737,0.921053,0.947368,0.973684,1,1,1,1,1,1,1,1,1,1,1,1,1,1,1,1,1,1,1,1,1,1,1,1,1,1,1,1,1,1,1,1,1,1,1,1,1,1,1,1,1
elec generation subsidy,solar PV es,newly built,,0,0,0,0.026316,0.052632,0.078947,0.105263,0.131579,0.157895,0.184211,0.210526,0.236842,0.263158,0.289474,0.315789,0.342105,0.368421,0.394737,0.421053,0.447368,0.473684,0.5,0.526316,0.552632,0.578947,0.605263,0.631579,0.657895,0.684211,0.710526,0.736842,0.763158,0.789474,0.815789,0.842105,0.868421,0.894737,0.921053,0.947368,0.973684,1,1,1,1,1,1,1,1,1,1,1,1,1,1,1,1,1,1,1,1,1,1,1,1,1,1,1,1,1,1,1,1,1,1,1,1,1,1,1,1,1
elec generation subsidy,solar thermal es,preexisting retiring,,0,0,0,0.026316,0.052632,0.078947,0.105263,0.131579,0.157895,0.184211,0.210526,0.236842,0.263158,0.289474,0.315789,0.342105,0.368421,0.394737,0.421053,0.447368,0.473684,0.5,0.526316,0.552632,0.578947,0.605263,0.631579,0.657895,0.684211,0.710526,0.736842,0.763158,0.789474,0.815789,0.842105,0.868421,0.894737,0.921053,0.947368,0.973684,1,1,1,1,1,1,1,1,1,1,1,1,1,1,1,1,1,1,1,1,1,1,1,1,1,1,1,1,1,1,1,1,1,1,1,1,1,1,1,1,1
elec generation subsidy,solar thermal es,preexisting nonretiring,,0,0,0,0.026316,0.052632,0.078947,0.105263,0.131579,0.157895,0.184211,0.210526,0.236842,0.263158,0.289474,0.315789,0.342105,0.368421,0.394737,0.421053,0.447368,0.473684,0.5,0.526316,0.552632,0.578947,0.605263,0.631579,0.657895,0.684211,0.710526,0.736842,0.763158,0.789474,0.815789,0.842105,0.868421,0.894737,0.921053,0.947368,0.973684,1,1,1,1,1,1,1,1,1,1,1,1,1,1,1,1,1,1,1,1,1,1,1,1,1,1,1,1,1,1,1,1,1,1,1,1,1,1,1,1,1
elec generation subsidy,solar thermal es,newly built,,0,0,0,0.026316,0.052632,0.078947,0.105263,0.131579,0.157895,0.184211,0.210526,0.236842,0.263158,0.289474,0.315789,0.342105,0.368421,0.394737,0.421053,0.447368,0.473684,0.5,0.526316,0.552632,0.578947,0.605263,0.631579,0.657895,0.684211,0.710526,0.736842,0.763158,0.789474,0.815789,0.842105,0.868421,0.894737,0.921053,0.947368,0.973684,1,1,1,1,1,1,1,1,1,1,1,1,1,1,1,1,1,1,1,1,1,1,1,1,1,1,1,1,1,1,1,1,1,1,1,1,1,1,1,1,1
elec generation subsidy,biomass es,preexisting retiring,,0,0,0,0.026316,0.052632,0.078947,0.105263,0.131579,0.157895,0.184211,0.210526,0.236842,0.263158,0.289474,0.315789,0.342105,0.368421,0.394737,0.421053,0.447368,0.473684,0.5,0.526316,0.552632,0.578947,0.605263,0.631579,0.657895,0.684211,0.710526,0.736842,0.763158,0.789474,0.815789,0.842105,0.868421,0.894737,0.921053,0.947368,0.973684,1,1,1,1,1,1,1,1,1,1,1,1,1,1,1,1,1,1,1,1,1,1,1,1,1,1,1,1,1,1,1,1,1,1,1,1,1,1,1,1,1
elec generation subsidy,biomass es,preexisting nonretiring,,0,0,0,0.026316,0.052632,0.078947,0.105263,0.131579,0.157895,0.184211,0.210526,0.236842,0.263158,0.289474,0.315789,0.342105,0.368421,0.394737,0.421053,0.447368,0.473684,0.5,0.526316,0.552632,0.578947,0.605263,0.631579,0.657895,0.684211,0.710526,0.736842,0.763158,0.789474,0.815789,0.842105,0.868421,0.894737,0.921053,0.947368,0.973684,1,1,1,1,1,1,1,1,1,1,1,1,1,1,1,1,1,1,1,1,1,1,1,1,1,1,1,1,1,1,1,1,1,1,1,1,1,1,1,1,1
elec generation subsidy,biomass es,newly built,,0,0,0,0.026316,0.052632,0.078947,0.105263,0.131579,0.157895,0.184211,0.210526,0.236842,0.263158,0.289474,0.315789,0.342105,0.368421,0.394737,0.421053,0.447368,0.473684,0.5,0.526316,0.552632,0.578947,0.605263,0.631579,0.657895,0.684211,0.710526,0.736842,0.763158,0.789474,0.815789,0.842105,0.868421,0.894737,0.921053,0.947368,0.973684,1,1,1,1,1,1,1,1,1,1,1,1,1,1,1,1,1,1,1,1,1,1,1,1,1,1,1,1,1,1,1,1,1,1,1,1,1,1,1,1,1
elec generation subsidy,geothermal es,preexisting retiring,,0,0,0,0.026316,0.052632,0.078947,0.105263,0.131579,0.157895,0.184211,0.210526,0.236842,0.263158,0.289474,0.315789,0.342105,0.368421,0.394737,0.421053,0.447368,0.473684,0.5,0.526316,0.552632,0.578947,0.605263,0.631579,0.657895,0.684211,0.710526,0.736842,0.763158,0.789474,0.815789,0.842105,0.868421,0.894737,0.921053,0.947368,0.973684,1,1,1,1,1,1,1,1,1,1,1,1,1,1,1,1,1,1,1,1,1,1,1,1,1,1,1,1,1,1,1,1,1,1,1,1,1,1,1,1,1
elec generation subsidy,geothermal es,preexisting nonretiring,,0,0,0,0.026316,0.052632,0.078947,0.105263,0.131579,0.157895,0.184211,0.210526,0.236842,0.263158,0.289474,0.315789,0.342105,0.368421,0.394737,0.421053,0.447368,0.473684,0.5,0.526316,0.552632,0.578947,0.605263,0.631579,0.657895,0.684211,0.710526,0.736842,0.763158,0.789474,0.815789,0.842105,0.868421,0.894737,0.921053,0.947368,0.973684,1,1,1,1,1,1,1,1,1,1,1,1,1,1,1,1,1,1,1,1,1,1,1,1,1,1,1,1,1,1,1,1,1,1,1,1,1,1,1,1,1
elec generation subsidy,geothermal es,newly built,,0,0,0,0.026316,0.052632,0.078947,0.105263,0.131579,0.157895,0.184211,0.210526,0.236842,0.263158,0.289474,0.315789,0.342105,0.368421,0.394737,0.421053,0.447368,0.473684,0.5,0.526316,0.552632,0.578947,0.605263,0.631579,0.657895,0.684211,0.710526,0.736842,0.763158,0.789474,0.815789,0.842105,0.868421,0.894737,0.921053,0.947368,0.973684,1,1,1,1,1,1,1,1,1,1,1,1,1,1,1,1,1,1,1,1,1,1,1,1,1,1,1,1,1,1,1,1,1,1,1,1,1,1,1,1,1
elec generation subsidy,petroleum es,preexisting retiring,,0,0,0,0.026316,0.052632,0.078947,0.105263,0.131579,0.157895,0.184211,0.210526,0.236842,0.263158,0.289474,0.315789,0.342105,0.368421,0.394737,0.421053,0.447368,0.473684,0.5,0.526316,0.552632,0.578947,0.605263,0.631579,0.657895,0.684211,0.710526,0.736842,0.763158,0.789474,0.815789,0.842105,0.868421,0.894737,0.921053,0.947368,0.973684,1,1,1,1,1,1,1,1,1,1,1,1,1,1,1,1,1,1,1,1,1,1,1,1,1,1,1,1,1,1,1,1,1,1,1,1,1,1,1,1,1
elec generation subsidy,petroleum es,preexisting nonretiring,,0,0,0,0.026316,0.052632,0.078947,0.105263,0.131579,0.157895,0.184211,0.210526,0.236842,0.263158,0.289474,0.315789,0.342105,0.368421,0.394737,0.421053,0.447368,0.473684,0.5,0.526316,0.552632,0.578947,0.605263,0.631579,0.657895,0.684211,0.710526,0.736842,0.763158,0.789474,0.815789,0.842105,0.868421,0.894737,0.921053,0.947368,0.973684,1,1,1,1,1,1,1,1,1,1,1,1,1,1,1,1,1,1,1,1,1,1,1,1,1,1,1,1,1,1,1,1,1,1,1,1,1,1,1,1,1
elec generation subsidy,petroleum es,newly built,,0,0,0,0.026316,0.052632,0.078947,0.105263,0.131579,0.157895,0.184211,0.210526,0.236842,0.263158,0.289474,0.315789,0.342105,0.368421,0.394737,0.421053,0.447368,0.473684,0.5,0.526316,0.552632,0.578947,0.605263,0.631579,0.657895,0.684211,0.710526,0.736842,0.763158,0.789474,0.815789,0.842105,0.868421,0.894737,0.921053,0.947368,0.973684,1,1,1,1,1,1,1,1,1,1,1,1,1,1,1,1,1,1,1,1,1,1,1,1,1,1,1,1,1,1,1,1,1,1,1,1,1,1,1,1,1
elec generation subsidy,natural gas peaker es,preexisting retiring,,0,0,0,0.026316,0.052632,0.078947,0.105263,0.131579,0.157895,0.184211,0.210526,0.236842,0.263158,0.289474,0.315789,0.342105,0.368421,0.394737,0.421053,0.447368,0.473684,0.5,0.526316,0.552632,0.578947,0.605263,0.631579,0.657895,0.684211,0.710526,0.736842,0.763158,0.789474,0.815789,0.842105,0.868421,0.894737,0.921053,0.947368,0.973684,1,1,1,1,1,1,1,1,1,1,1,1,1,1,1,1,1,1,1,1,1,1,1,1,1,1,1,1,1,1,1,1,1,1,1,1,1,1,1,1,1
elec generation subsidy,natural gas peaker es,preexisting nonretiring,,0,0,0,0.026316,0.052632,0.078947,0.105263,0.131579,0.157895,0.184211,0.210526,0.236842,0.263158,0.289474,0.315789,0.342105,0.368421,0.394737,0.421053,0.447368,0.473684,0.5,0.526316,0.552632,0.578947,0.605263,0.631579,0.657895,0.684211,0.710526,0.736842,0.763158,0.789474,0.815789,0.842105,0.868421,0.894737,0.921053,0.947368,0.973684,1,1,1,1,1,1,1,1,1,1,1,1,1,1,1,1,1,1,1,1,1,1,1,1,1,1,1,1,1,1,1,1,1,1,1,1,1,1,1,1,1
elec generation subsidy,natural gas peaker es,newly built,,0,0,0,0.026316,0.052632,0.078947,0.105263,0.131579,0.157895,0.184211,0.210526,0.236842,0.263158,0.289474,0.315789,0.342105,0.368421,0.394737,0.421053,0.447368,0.473684,0.5,0.526316,0.552632,0.578947,0.605263,0.631579,0.657895,0.684211,0.710526,0.736842,0.763158,0.789474,0.815789,0.842105,0.868421,0.894737,0.921053,0.947368,0.973684,1,1,1,1,1,1,1,1,1,1,1,1,1,1,1,1,1,1,1,1,1,1,1,1,1,1,1,1,1,1,1,1,1,1,1,1,1,1,1,1,1
elec generation subsidy,lignite es,preexisting retiring,,0,0,0,0.026316,0.052632,0.078947,0.105263,0.131579,0.157895,0.184211,0.210526,0.236842,0.263158,0.289474,0.315789,0.342105,0.368421,0.394737,0.421053,0.447368,0.473684,0.5,0.526316,0.552632,0.578947,0.605263,0.631579,0.657895,0.684211,0.710526,0.736842,0.763158,0.789474,0.815789,0.842105,0.868421,0.894737,0.921053,0.947368,0.973684,1,1,1,1,1,1,1,1,1,1,1,1,1,1,1,1,1,1,1,1,1,1,1,1,1,1,1,1,1,1,1,1,1,1,1,1,1,1,1,1,1
elec generation subsidy,lignite es,preexisting nonretiring,,0,0,0,0.026316,0.052632,0.078947,0.105263,0.131579,0.157895,0.184211,0.210526,0.236842,0.263158,0.289474,0.315789,0.342105,0.368421,0.394737,0.421053,0.447368,0.473684,0.5,0.526316,0.552632,0.578947,0.605263,0.631579,0.657895,0.684211,0.710526,0.736842,0.763158,0.789474,0.815789,0.842105,0.868421,0.894737,0.921053,0.947368,0.973684,1,1,1,1,1,1,1,1,1,1,1,1,1,1,1,1,1,1,1,1,1,1,1,1,1,1,1,1,1,1,1,1,1,1,1,1,1,1,1,1,1
elec generation subsidy,lignite es,newly built,,0,0,0,0.026316,0.052632,0.078947,0.105263,0.131579,0.157895,0.184211,0.210526,0.236842,0.263158,0.289474,0.315789,0.342105,0.368421,0.394737,0.421053,0.447368,0.473684,0.5,0.526316,0.552632,0.578947,0.605263,0.631579,0.657895,0.684211,0.710526,0.736842,0.763158,0.789474,0.815789,0.842105,0.868421,0.894737,0.921053,0.947368,0.973684,1,1,1,1,1,1,1,1,1,1,1,1,1,1,1,1,1,1,1,1,1,1,1,1,1,1,1,1,1,1,1,1,1,1,1,1,1,1,1,1,1
elec generation subsidy,offshore wind es,preexisting retiring,,0,0,0,0.026316,0.052632,0.078947,0.105263,0.131579,0.157895,0.184211,0.210526,0.236842,0.263158,0.289474,0.315789,0.342105,0.368421,0.394737,0.421053,0.447368,0.473684,0.5,0.526316,0.552632,0.578947,0.605263,0.631579,0.657895,0.684211,0.710526,0.736842,0.763158,0.789474,0.815789,0.842105,0.868421,0.894737,0.921053,0.947368,0.973684,1,1,1,1,1,1,1,1,1,1,1,1,1,1,1,1,1,1,1,1,1,1,1,1,1,1,1,1,1,1,1,1,1,1,1,1,1,1,1,1,1
elec generation subsidy,offshore wind es,preexisting nonretiring,,0,0,0,0.026316,0.052632,0.078947,0.105263,0.131579,0.157895,0.184211,0.210526,0.236842,0.263158,0.289474,0.315789,0.342105,0.368421,0.394737,0.421053,0.447368,0.473684,0.5,0.526316,0.552632,0.578947,0.605263,0.631579,0.657895,0.684211,0.710526,0.736842,0.763158,0.789474,0.815789,0.842105,0.868421,0.894737,0.921053,0.947368,0.973684,1,1,1,1,1,1,1,1,1,1,1,1,1,1,1,1,1,1,1,1,1,1,1,1,1,1,1,1,1,1,1,1,1,1,1,1,1,1,1,1,1
elec generation subsidy,offshore wind es,newly built,,0,0,0,0.026316,0.052632,0.078947,0.105263,0.131579,0.157895,0.184211,0.210526,0.236842,0.263158,0.289474,0.315789,0.342105,0.368421,0.394737,0.421053,0.447368,0.473684,0.5,0.526316,0.552632,0.578947,0.605263,0.631579,0.657895,0.684211,0.710526,0.736842,0.763158,0.789474,0.815789,0.842105,0.868421,0.894737,0.921053,0.947368,0.973684,1,1,1,1,1,1,1,1,1,1,1,1,1,1,1,1,1,1,1,1,1,1,1,1,1,1,1,1,1,1,1,1,1,1,1,1,1,1,1,1,1
elec generation subsidy,crude oil es,preexisting retiring,,0,0,0,0.026316,0.052632,0.078947,0.105263,0.131579,0.157895,0.184211,0.210526,0.236842,0.263158,0.289474,0.315789,0.342105,0.368421,0.394737,0.421053,0.447368,0.473684,0.5,0.526316,0.552632,0.578947,0.605263,0.631579,0.657895,0.684211,0.710526,0.736842,0.763158,0.789474,0.815789,0.842105,0.868421,0.894737,0.921053,0.947368,0.973684,1,1,1,1,1,1,1,1,1,1,1,1,1,1,1,1,1,1,1,1,1,1,1,1,1,1,1,1,1,1,1,1,1,1,1,1,1,1,1,1,1
elec generation subsidy,crude oil es,preexisting nonretiring,,0,0,0,0.026316,0.052632,0.078947,0.105263,0.131579,0.157895,0.184211,0.210526,0.236842,0.263158,0.289474,0.315789,0.342105,0.368421,0.394737,0.421053,0.447368,0.473684,0.5,0.526316,0.552632,0.578947,0.605263,0.631579,0.657895,0.684211,0.710526,0.736842,0.763158,0.789474,0.815789,0.842105,0.868421,0.894737,0.921053,0.947368,0.973684,1,1,1,1,1,1,1,1,1,1,1,1,1,1,1,1,1,1,1,1,1,1,1,1,1,1,1,1,1,1,1,1,1,1,1,1,1,1,1,1,1
elec generation subsidy,crude oil es,newly built,,0,0,0,0.026316,0.052632,0.078947,0.105263,0.131579,0.157895,0.184211,0.210526,0.236842,0.263158,0.289474,0.315789,0.342105,0.368421,0.394737,0.421053,0.447368,0.473684,0.5,0.526316,0.552632,0.578947,0.605263,0.631579,0.657895,0.684211,0.710526,0.736842,0.763158,0.789474,0.815789,0.842105,0.868421,0.894737,0.921053,0.947368,0.973684,1,1,1,1,1,1,1,1,1,1,1,1,1,1,1,1,1,1,1,1,1,1,1,1,1,1,1,1,1,1,1,1,1,1,1,1,1,1,1,1,1
elec generation subsidy,heavy or residual fuel oil es,preexisting retiring,,0,0,0,0.026316,0.052632,0.078947,0.105263,0.131579,0.157895,0.184211,0.210526,0.236842,0.263158,0.289474,0.315789,0.342105,0.368421,0.394737,0.421053,0.447368,0.473684,0.5,0.526316,0.552632,0.578947,0.605263,0.631579,0.657895,0.684211,0.710526,0.736842,0.763158,0.789474,0.815789,0.842105,0.868421,0.894737,0.921053,0.947368,0.973684,1,1,1,1,1,1,1,1,1,1,1,1,1,1,1,1,1,1,1,1,1,1,1,1,1,1,1,1,1,1,1,1,1,1,1,1,1,1,1,1,1
elec generation subsidy,heavy or residual fuel oil es,preexisting nonretiring,,0,0,0,0.026316,0.052632,0.078947,0.105263,0.131579,0.157895,0.184211,0.210526,0.236842,0.263158,0.289474,0.315789,0.342105,0.368421,0.394737,0.421053,0.447368,0.473684,0.5,0.526316,0.552632,0.578947,0.605263,0.631579,0.657895,0.684211,0.710526,0.736842,0.763158,0.789474,0.815789,0.842105,0.868421,0.894737,0.921053,0.947368,0.973684,1,1,1,1,1,1,1,1,1,1,1,1,1,1,1,1,1,1,1,1,1,1,1,1,1,1,1,1,1,1,1,1,1,1,1,1,1,1,1,1,1
elec generation subsidy,heavy or residual fuel oil es,newly built,,0,0,0,0.026316,0.052632,0.078947,0.105263,0.131579,0.157895,0.184211,0.210526,0.236842,0.263158,0.289474,0.315789,0.342105,0.368421,0.394737,0.421053,0.447368,0.473684,0.5,0.526316,0.552632,0.578947,0.605263,0.631579,0.657895,0.684211,0.710526,0.736842,0.763158,0.789474,0.815789,0.842105,0.868421,0.894737,0.921053,0.947368,0.973684,1,1,1,1,1,1,1,1,1,1,1,1,1,1,1,1,1,1,1,1,1,1,1,1,1,1,1,1,1,1,1,1,1,1,1,1,1,1,1,1,1
elec generation subsidy,municipal solid waste es,preexisting retiring,,0,0,0,0.026316,0.052632,0.078947,0.105263,0.131579,0.157895,0.184211,0.210526,0.236842,0.263158,0.289474,0.315789,0.342105,0.368421,0.394737,0.421053,0.447368,0.473684,0.5,0.526316,0.552632,0.578947,0.605263,0.631579,0.657895,0.684211,0.710526,0.736842,0.763158,0.789474,0.815789,0.842105,0.868421,0.894737,0.921053,0.947368,0.973684,1,1,1,1,1,1,1,1,1,1,1,1,1,1,1,1,1,1,1,1,1,1,1,1,1,1,1,1,1,1,1,1,1,1,1,1,1,1,1,1,1
elec generation subsidy,municipal solid waste es,preexisting nonretiring,,0,0,0,0.026316,0.052632,0.078947,0.105263,0.131579,0.157895,0.184211,0.210526,0.236842,0.263158,0.289474,0.315789,0.342105,0.368421,0.394737,0.421053,0.447368,0.473684,0.5,0.526316,0.552632,0.578947,0.605263,0.631579,0.657895,0.684211,0.710526,0.736842,0.763158,0.789474,0.815789,0.842105,0.868421,0.894737,0.921053,0.947368,0.973684,1,1,1,1,1,1,1,1,1,1,1,1,1,1,1,1,1,1,1,1,1,1,1,1,1,1,1,1,1,1,1,1,1,1,1,1,1,1,1,1,1
elec generation subsidy,municipal solid waste es,newly built,,0,0,0,0.026316,0.052632,0.078947,0.105263,0.131579,0.157895,0.184211,0.210526,0.236842,0.263158,0.289474,0.315789,0.342105,0.368421,0.394737,0.421053,0.447368,0.473684,0.5,0.526316,0.552632,0.578947,0.605263,0.631579,0.657895,0.684211,0.710526,0.736842,0.763158,0.789474,0.815789,0.842105,0.868421,0.894737,0.921053,0.947368,0.973684,1,1,1,1,1,1,1,1,1,1,1,1,1,1,1,1,1,1,1,1,1,1,1,1,1,1,1,1,1,1,1,1,1,1,1,1,1,1,1,1,1
elec early retirement,hard coal es,,,0,0,0,0.026316,0.052632,0.078947,0.105263,0.131579,0.157895,0.184211,0.210526,0.236842,0.263158,0.289474,0.315789,0.342105,0.368421,0.394737,0.421053,0.447368,0.473684,0.5,0.526316,0.552632,0.578947,0.605263,0.631579,0.657895,0.684211,0.710526,0.736842,0.763158,0.789474,0.815789,0.842105,0.868421,0.894737,0.921053,0.947368,0.973684,1,1,1,1,1,1,1,1,1,1,1,1,1,1,1,1,1,1,1,1,1,1,1,1,1,1,1,1,1,1,1,1,1,1,1,1,1,1,1,1,1
elec early retirement,natural gas nonpeaker es,,,0,0,0,0.026316,0.052632,0.078947,0.105263,0.131579,0.157895,0.184211,0.210526,0.236842,0.263158,0.289474,0.315789,0.342105,0.368421,0.394737,0.421053,0.447368,0.473684,0.5,0.526316,0.552632,0.578947,0.605263,0.631579,0.657895,0.684211,0.710526,0.736842,0.763158,0.789474,0.815789,0.842105,0.868421,0.894737,0.921053,0.947368,0.973684,1,1,1,1,1,1,1,1,1,1,1,1,1,1,1,1,1,1,1,1,1,1,1,1,1,1,1,1,1,1,1,1,1,1,1,1,1,1,1,1,1
elec early retirement,nuclear es,,,0,0,0,0.026316,0.052632,0.078947,0.105263,0.131579,0.157895,0.184211,0.210526,0.236842,0.263158,0.289474,0.315789,0.342105,0.368421,0.394737,0.421053,0.447368,0.473684,0.5,0.526316,0.552632,0.578947,0.605263,0.631579,0.657895,0.684211,0.710526,0.736842,0.763158,0.789474,0.815789,0.842105,0.868421,0.894737,0.921053,0.947368,0.973684,1,1,1,1,1,1,1,1,1,1,1,1,1,1,1,1,1,1,1,1,1,1,1,1,1,1,1,1,1,1,1,1,1,1,1,1,1,1,1,1,1
elec early retirement,hydro es,,,0,0,0,0.026316,0.052632,0.078947,0.105263,0.131579,0.157895,0.184211,0.210526,0.236842,0.263158,0.289474,0.315789,0.342105,0.368421,0.394737,0.421053,0.447368,0.473684,0.5,0.526316,0.552632,0.578947,0.605263,0.631579,0.657895,0.684211,0.710526,0.736842,0.763158,0.789474,0.815789,0.842105,0.868421,0.894737,0.921053,0.947368,0.973684,1,1,1,1,1,1,1,1,1,1,1,1,1,1,1,1,1,1,1,1,1,1,1,1,1,1,1,1,1,1,1,1,1,1,1,1,1,1,1,1,1
elec early retirement,onshore wind es,,,0,0,0,0.026316,0.052632,0.078947,0.105263,0.131579,0.157895,0.184211,0.210526,0.236842,0.263158,0.289474,0.315789,0.342105,0.368421,0.394737,0.421053,0.447368,0.473684,0.5,0.526316,0.552632,0.578947,0.605263,0.631579,0.657895,0.684211,0.710526,0.736842,0.763158,0.789474,0.815789,0.842105,0.868421,0.894737,0.921053,0.947368,0.973684,1,1,1,1,1,1,1,1,1,1,1,1,1,1,1,1,1,1,1,1,1,1,1,1,1,1,1,1,1,1,1,1,1,1,1,1,1,1,1,1,1
elec early retirement,solar PV es,,,0,0,0,0.026316,0.052632,0.078947,0.105263,0.131579,0.157895,0.184211,0.210526,0.236842,0.263158,0.289474,0.315789,0.342105,0.368421,0.394737,0.421053,0.447368,0.473684,0.5,0.526316,0.552632,0.578947,0.605263,0.631579,0.657895,0.684211,0.710526,0.736842,0.763158,0.789474,0.815789,0.842105,0.868421,0.894737,0.921053,0.947368,0.973684,1,1,1,1,1,1,1,1,1,1,1,1,1,1,1,1,1,1,1,1,1,1,1,1,1,1,1,1,1,1,1,1,1,1,1,1,1,1,1,1,1
elec early retirement,solar thermal es,,,0,0,0,0.026316,0.052632,0.078947,0.105263,0.131579,0.157895,0.184211,0.210526,0.236842,0.263158,0.289474,0.315789,0.342105,0.368421,0.394737,0.421053,0.447368,0.473684,0.5,0.526316,0.552632,0.578947,0.605263,0.631579,0.657895,0.684211,0.710526,0.736842,0.763158,0.789474,0.815789,0.842105,0.868421,0.894737,0.921053,0.947368,0.973684,1,1,1,1,1,1,1,1,1,1,1,1,1,1,1,1,1,1,1,1,1,1,1,1,1,1,1,1,1,1,1,1,1,1,1,1,1,1,1,1,1
elec early retirement,biomass es,,,0,0,0,0.026316,0.052632,0.078947,0.105263,0.131579,0.157895,0.184211,0.210526,0.236842,0.263158,0.289474,0.315789,0.342105,0.368421,0.394737,0.421053,0.447368,0.473684,0.5,0.526316,0.552632,0.578947,0.605263,0.631579,0.657895,0.684211,0.710526,0.736842,0.763158,0.789474,0.815789,0.842105,0.868421,0.894737,0.921053,0.947368,0.973684,1,1,1,1,1,1,1,1,1,1,1,1,1,1,1,1,1,1,1,1,1,1,1,1,1,1,1,1,1,1,1,1,1,1,1,1,1,1,1,1,1
elec early retirement,geothermal es,,,0,0,0,0.026316,0.052632,0.078947,0.105263,0.131579,0.157895,0.184211,0.210526,0.236842,0.263158,0.289474,0.315789,0.342105,0.368421,0.394737,0.421053,0.447368,0.473684,0.5,0.526316,0.552632,0.578947,0.605263,0.631579,0.657895,0.684211,0.710526,0.736842,0.763158,0.789474,0.815789,0.842105,0.868421,0.894737,0.921053,0.947368,0.973684,1,1,1,1,1,1,1,1,1,1,1,1,1,1,1,1,1,1,1,1,1,1,1,1,1,1,1,1,1,1,1,1,1,1,1,1,1,1,1,1,1
elec early retirement,petroleum es,,,0,0,0,0.026316,0.052632,0.078947,0.105263,0.131579,0.157895,0.184211,0.210526,0.236842,0.263158,0.289474,0.315789,0.342105,0.368421,0.394737,0.421053,0.447368,0.473684,0.5,0.526316,0.552632,0.578947,0.605263,0.631579,0.657895,0.684211,0.710526,0.736842,0.763158,0.789474,0.815789,0.842105,0.868421,0.894737,0.921053,0.947368,0.973684,1,1,1,1,1,1,1,1,1,1,1,1,1,1,1,1,1,1,1,1,1,1,1,1,1,1,1,1,1,1,1,1,1,1,1,1,1,1,1,1,1
elec early retirement,natural gas peaker es,,,0,0,0,0.026316,0.052632,0.078947,0.105263,0.131579,0.157895,0.184211,0.210526,0.236842,0.263158,0.289474,0.315789,0.342105,0.368421,0.394737,0.421053,0.447368,0.473684,0.5,0.526316,0.552632,0.578947,0.605263,0.631579,0.657895,0.684211,0.710526,0.736842,0.763158,0.789474,0.815789,0.842105,0.868421,0.894737,0.921053,0.947368,0.973684,1,1,1,1,1,1,1,1,1,1,1,1,1,1,1,1,1,1,1,1,1,1,1,1,1,1,1,1,1,1,1,1,1,1,1,1,1,1,1,1,1
elec early retirement,lignite es,,,0,0,0,0.026316,0.052632,0.078947,0.105263,0.131579,0.157895,0.184211,0.210526,0.236842,0.263158,0.289474,0.315789,0.342105,0.368421,0.394737,0.421053,0.447368,0.473684,0.5,0.526316,0.552632,0.578947,0.605263,0.631579,0.657895,0.684211,0.710526,0.736842,0.763158,0.789474,0.815789,0.842105,0.868421,0.894737,0.921053,0.947368,0.973684,1,1,1,1,1,1,1,1,1,1,1,1,1,1,1,1,1,1,1,1,1,1,1,1,1,1,1,1,1,1,1,1,1,1,1,1,1,1,1,1,1
elec early retirement,offshore wind es,,,0,0,0,0.026316,0.052632,0.078947,0.105263,0.131579,0.157895,0.184211,0.210526,0.236842,0.263158,0.289474,0.315789,0.342105,0.368421,0.394737,0.421053,0.447368,0.473684,0.5,0.526316,0.552632,0.578947,0.605263,0.631579,0.657895,0.684211,0.710526,0.736842,0.763158,0.789474,0.815789,0.842105,0.868421,0.894737,0.921053,0.947368,0.973684,1,1,1,1,1,1,1,1,1,1,1,1,1,1,1,1,1,1,1,1,1,1,1,1,1,1,1,1,1,1,1,1,1,1,1,1,1,1,1,1,1
elec early retirement,crude oil es,,,0,0,0,0.026316,0.052632,0.078947,0.105263,0.131579,0.157895,0.184211,0.210526,0.236842,0.263158,0.289474,0.315789,0.342105,0.368421,0.394737,0.421053,0.447368,0.473684,0.5,0.526316,0.552632,0.578947,0.605263,0.631579,0.657895,0.684211,0.710526,0.736842,0.763158,0.789474,0.815789,0.842105,0.868421,0.894737,0.921053,0.947368,0.973684,1,1,1,1,1,1,1,1,1,1,1,1,1,1,1,1,1,1,1,1,1,1,1,1,1,1,1,1,1,1,1,1,1,1,1,1,1,1,1,1,1
elec early retirement,heavy or residual fuel oil es,,,0,0,0,0.026316,0.052632,0.078947,0.105263,0.131579,0.157895,0.184211,0.210526,0.236842,0.263158,0.289474,0.315789,0.342105,0.368421,0.394737,0.421053,0.447368,0.473684,0.5,0.526316,0.552632,0.578947,0.605263,0.631579,0.657895,0.684211,0.710526,0.736842,0.763158,0.789474,0.815789,0.842105,0.868421,0.894737,0.921053,0.947368,0.973684,1,1,1,1,1,1,1,1,1,1,1,1,1,1,1,1,1,1,1,1,1,1,1,1,1,1,1,1,1,1,1,1,1,1,1,1,1,1,1,1,1
elec early retirement,municipal solid waste es,,,0,0,0,0.026316,0.052632,0.078947,0.105263,0.131579,0.157895,0.184211,0.210526,0.236842,0.263158,0.289474,0.315789,0.342105,0.368421,0.394737,0.421053,0.447368,0.473684,0.5,0.526316,0.552632,0.578947,0.605263,0.631579,0.657895,0.684211,0.710526,0.736842,0.763158,0.789474,0.815789,0.842105,0.868421,0.894737,0.921053,0.947368,0.973684,1,1,1,1,1,1,1,1,1,1,1,1,1,1,1,1,1,1,1,1,1,1,1,1,1,1,1,1,1,1,1,1,1,1,1,1,1,1,1,1,1
elec lifetime extension,,,,1,1,1,1,1,1,1,1,1,1,1,1,1,1,1,1,1,1,1,1,1,1,1,1,1,1,1,1,1,1,1,1,1,1,1,1,1,1,1,1,1,1,1,1,1,1,1,1,1,1,1,1,1,1,1,1,1,1,1,1,1,1,1,1,1,1,1,1,1,1,1,1,1,1,1,1,1,1,1,1,1
elec demand response,,,,0,0,0,0,0,0,0.118012,0.208791,0.280788,0.339286,0.387755,0.542857,0.678571,0.798319,0.904762,1,1,1,1,1,1,1,1,1,1,1,1,1,1,1,1,1,1,1,1,1,1,1,1,1,1,1,1,1,1,1,1,1,1,1,1,1,1,1,1,1,1,1,1,1,1,1,1,1,1,1,1,1,1,1,1,1,1,1,1,1,1,1,1,1,1
elec storage growth,,,,0.097634,0,0.166802,0.339118,0.650639,1,0.852819,0.719613,0.681335,0.681274,0.663559,0.701082,0.737496,0.768146,0.793538,0.81414,0.81414,0.81414,0.81414,0.81414,0.81414,0.81414,0.81414,0.81414,0.81414,0.81414,0.81414,0.81414,0.81414,0.81414,0.81414,0.81414,0.81414,0.81414,0.81414,0.81414,0.81414,0.81414,0.81414,0.81414,0.81414,0.81414,0.81414,0.81414,0.81414,0.81414,0.81414,0.81414,0.81414,0.81414,0.81414,0.81414,0.81414,0.81414,0.81414,0.81414,0.81414,0.81414,0.81414,0.81414,0.81414,0.81414,0.81414,0.81414,0.81414,0.81414,0.81414,0.81414,0.81414,0.81414,0.81414,0.81414,0.81414,0.81414,0.81414,0.81414,0.81414,0.81414,0.81414,0.81414,0.81414
elec transmission growth,,,,0,0,0,0.026316,0.052632,0.078947,0.105263,0.131579,0.157895,0.184211,0.210526,0.236842,0.263158,0.289474,0.315789,0.342105,0.368421,0.394737,0.421053,0.447368,0.473684,0.5,0.526316,0.552632,0.578947,0.605263,0.631579,0.657895,0.684211,0.710526,0.736842,0.763158,0.789474,0.815789,0.842105,0.868421,0.894737,0.921053,0.947368,0.973684,1,1,1,1,1,1,1,1,1,1,1,1,1,1,1,1,1,1,1,1,1,1,1,1,1,1,1,1,1,1,1,1,1,1,1,1,1,1,1,1,1
elec avoid TND loss,,,,0,0,0,0.026316,0.052632,0.078947,0.105263,0.131579,0.157895,0.184211,0.210526,0.236842,0.263158,0.289474,0.315789,0.342105,0.368421,0.394737,0.421053,0.447368,0.473684,0.5,0.526316,0.552632,0.578947,0.605263,0.631579,0.657895,0.684211,0.710526,0.736842,0.763158,0.789474,0.815789,0.842105,0.868421,0.894737,0.921053,0.947368,0.973684,1,1,1,1,1,1,1,1,1,1,1,1,1,1,1,1,1,1,1,1,1,1,1,1,1,1,1,1,1,1,1,1,1,1,1,1,1,1,1,1,1
elec reduce plant downtime,hard coal es,preexisting retiring,,0,0,0,0.026316,0.052632,0.078947,0.105263,0.131579,0.157895,0.184211,0.210526,0.236842,0.263158,0.289474,0.315789,0.342105,0.368421,0.394737,0.421053,0.447368,0.473684,0.5,0.526316,0.552632,0.578947,0.605263,0.631579,0.657895,0.684211,0.710526,0.736842,0.763158,0.789474,0.815789,0.842105,0.868421,0.894737,0.921053,0.947368,0.973684,1,1,1,1,1,1,1,1,1,1,1,1,1,1,1,1,1,1,1,1,1,1,1,1,1,1,1,1,1,1,1,1,1,1,1,1,1,1,1,1,1
elec reduce plant downtime,hard coal es,preexisting nonretiring,,0,0,0,0.026316,0.052632,0.078947,0.105263,0.131579,0.157895,0.184211,0.210526,0.236842,0.263158,0.289474,0.315789,0.342105,0.368421,0.394737,0.421053,0.447368,0.473684,0.5,0.526316,0.552632,0.578947,0.605263,0.631579,0.657895,0.684211,0.710526,0.736842,0.763158,0.789474,0.815789,0.842105,0.868421,0.894737,0.921053,0.947368,0.973684,1,1,1,1,1,1,1,1,1,1,1,1,1,1,1,1,1,1,1,1,1,1,1,1,1,1,1,1,1,1,1,1,1,1,1,1,1,1,1,1,1
elec reduce plant downtime,hard coal es,newly built,,0,0,0,0.026316,0.052632,0.078947,0.105263,0.131579,0.157895,0.184211,0.210526,0.236842,0.263158,0.289474,0.315789,0.342105,0.368421,0.394737,0.421053,0.447368,0.473684,0.5,0.526316,0.552632,0.578947,0.605263,0.631579,0.657895,0.684211,0.710526,0.736842,0.763158,0.789474,0.815789,0.842105,0.868421,0.894737,0.921053,0.947368,0.973684,1,1,1,1,1,1,1,1,1,1,1,1,1,1,1,1,1,1,1,1,1,1,1,1,1,1,1,1,1,1,1,1,1,1,1,1,1,1,1,1,1
elec reduce plant downtime,natural gas nonpeaker es,preexisting retiring,,0,0,0,0.026316,0.052632,0.078947,0.105263,0.131579,0.157895,0.184211,0.210526,0.236842,0.263158,0.289474,0.315789,0.342105,0.368421,0.394737,0.421053,0.447368,0.473684,0.5,0.526316,0.552632,0.578947,0.605263,0.631579,0.657895,0.684211,0.710526,0.736842,0.763158,0.789474,0.815789,0.842105,0.868421,0.894737,0.921053,0.947368,0.973684,1,1,1,1,1,1,1,1,1,1,1,1,1,1,1,1,1,1,1,1,1,1,1,1,1,1,1,1,1,1,1,1,1,1,1,1,1,1,1,1,1
elec reduce plant downtime,natural gas nonpeaker es,preexisting nonretiring,,0,0,0,0.026316,0.052632,0.078947,0.105263,0.131579,0.157895,0.184211,0.210526,0.236842,0.263158,0.289474,0.315789,0.342105,0.368421,0.394737,0.421053,0.447368,0.473684,0.5,0.526316,0.552632,0.578947,0.605263,0.631579,0.657895,0.684211,0.710526,0.736842,0.763158,0.789474,0.815789,0.842105,0.868421,0.894737,0.921053,0.947368,0.973684,1,1,1,1,1,1,1,1,1,1,1,1,1,1,1,1,1,1,1,1,1,1,1,1,1,1,1,1,1,1,1,1,1,1,1,1,1,1,1,1,1
elec reduce plant downtime,natural gas nonpeaker es,newly built,,0,0,0,0.026316,0.052632,0.078947,0.105263,0.131579,0.157895,0.184211,0.210526,0.236842,0.263158,0.289474,0.315789,0.342105,0.368421,0.394737,0.421053,0.447368,0.473684,0.5,0.526316,0.552632,0.578947,0.605263,0.631579,0.657895,0.684211,0.710526,0.736842,0.763158,0.789474,0.815789,0.842105,0.868421,0.894737,0.921053,0.947368,0.973684,1,1,1,1,1,1,1,1,1,1,1,1,1,1,1,1,1,1,1,1,1,1,1,1,1,1,1,1,1,1,1,1,1,1,1,1,1,1,1,1,1
elec reduce plant downtime,nuclear es,preexisting retiring,,0,0,0,0.026316,0.052632,0.078947,0.105263,0.131579,0.157895,0.184211,0.210526,0.236842,0.263158,0.289474,0.315789,0.342105,0.368421,0.394737,0.421053,0.447368,0.473684,0.5,0.526316,0.552632,0.578947,0.605263,0.631579,0.657895,0.684211,0.710526,0.736842,0.763158,0.789474,0.815789,0.842105,0.868421,0.894737,0.921053,0.947368,0.973684,1,1,1,1,1,1,1,1,1,1,1,1,1,1,1,1,1,1,1,1,1,1,1,1,1,1,1,1,1,1,1,1,1,1,1,1,1,1,1,1,1
elec reduce plant downtime,nuclear es,preexisting nonretiring,,0,0,0,0.026316,0.052632,0.078947,0.105263,0.131579,0.157895,0.184211,0.210526,0.236842,0.263158,0.289474,0.315789,0.342105,0.368421,0.394737,0.421053,0.447368,0.473684,0.5,0.526316,0.552632,0.578947,0.605263,0.631579,0.657895,0.684211,0.710526,0.736842,0.763158,0.789474,0.815789,0.842105,0.868421,0.894737,0.921053,0.947368,0.973684,1,1,1,1,1,1,1,1,1,1,1,1,1,1,1,1,1,1,1,1,1,1,1,1,1,1,1,1,1,1,1,1,1,1,1,1,1,1,1,1,1
elec reduce plant downtime,nuclear es,newly built,,0,0,0,0.026316,0.052632,0.078947,0.105263,0.131579,0.157895,0.184211,0.210526,0.236842,0.263158,0.289474,0.315789,0.342105,0.368421,0.394737,0.421053,0.447368,0.473684,0.5,0.526316,0.552632,0.578947,0.605263,0.631579,0.657895,0.684211,0.710526,0.736842,0.763158,0.789474,0.815789,0.842105,0.868421,0.894737,0.921053,0.947368,0.973684,1,1,1,1,1,1,1,1,1,1,1,1,1,1,1,1,1,1,1,1,1,1,1,1,1,1,1,1,1,1,1,1,1,1,1,1,1,1,1,1,1
elec reduce plant downtime,hydro es,preexisting retiring,,0,0,0,0.026316,0.052632,0.078947,0.105263,0.131579,0.157895,0.184211,0.210526,0.236842,0.263158,0.289474,0.315789,0.342105,0.368421,0.394737,0.421053,0.447368,0.473684,0.5,0.526316,0.552632,0.578947,0.605263,0.631579,0.657895,0.684211,0.710526,0.736842,0.763158,0.789474,0.815789,0.842105,0.868421,0.894737,0.921053,0.947368,0.973684,1,1,1,1,1,1,1,1,1,1,1,1,1,1,1,1,1,1,1,1,1,1,1,1,1,1,1,1,1,1,1,1,1,1,1,1,1,1,1,1,1
elec reduce plant downtime,hydro es,preexisting nonretiring,,0,0,0,0.026316,0.052632,0.078947,0.105263,0.131579,0.157895,0.184211,0.210526,0.236842,0.263158,0.289474,0.315789,0.342105,0.368421,0.394737,0.421053,0.447368,0.473684,0.5,0.526316,0.552632,0.578947,0.605263,0.631579,0.657895,0.684211,0.710526,0.736842,0.763158,0.789474,0.815789,0.842105,0.868421,0.894737,0.921053,0.947368,0.973684,1,1,1,1,1,1,1,1,1,1,1,1,1,1,1,1,1,1,1,1,1,1,1,1,1,1,1,1,1,1,1,1,1,1,1,1,1,1,1,1,1
elec reduce plant downtime,hydro es,newly built,,0,0,0,0.026316,0.052632,0.078947,0.105263,0.131579,0.157895,0.184211,0.210526,0.236842,0.263158,0.289474,0.315789,0.342105,0.368421,0.394737,0.421053,0.447368,0.473684,0.5,0.526316,0.552632,0.578947,0.605263,0.631579,0.657895,0.684211,0.710526,0.736842,0.763158,0.789474,0.815789,0.842105,0.868421,0.894737,0.921053,0.947368,0.973684,1,1,1,1,1,1,1,1,1,1,1,1,1,1,1,1,1,1,1,1,1,1,1,1,1,1,1,1,1,1,1,1,1,1,1,1,1,1,1,1,1
elec reduce plant downtime,onshore wind es,preexisting retiring,,0,0,0,0.026316,0.052632,0.078947,0.105263,0.131579,0.157895,0.184211,0.210526,0.236842,0.263158,0.289474,0.315789,0.342105,0.368421,0.394737,0.421053,0.447368,0.473684,0.5,0.526316,0.552632,0.578947,0.605263,0.631579,0.657895,0.684211,0.710526,0.736842,0.763158,0.789474,0.815789,0.842105,0.868421,0.894737,0.921053,0.947368,0.973684,1,1,1,1,1,1,1,1,1,1,1,1,1,1,1,1,1,1,1,1,1,1,1,1,1,1,1,1,1,1,1,1,1,1,1,1,1,1,1,1,1
elec reduce plant downtime,onshore wind es,preexisting nonretiring,,0,0,0,0.026316,0.052632,0.078947,0.105263,0.131579,0.157895,0.184211,0.210526,0.236842,0.263158,0.289474,0.315789,0.342105,0.368421,0.394737,0.421053,0.447368,0.473684,0.5,0.526316,0.552632,0.578947,0.605263,0.631579,0.657895,0.684211,0.710526,0.736842,0.763158,0.789474,0.815789,0.842105,0.868421,0.894737,0.921053,0.947368,0.973684,1,1,1,1,1,1,1,1,1,1,1,1,1,1,1,1,1,1,1,1,1,1,1,1,1,1,1,1,1,1,1,1,1,1,1,1,1,1,1,1,1
elec reduce plant downtime,onshore wind es,newly built,,0,0,0,0.026316,0.052632,0.078947,0.105263,0.131579,0.157895,0.184211,0.210526,0.236842,0.263158,0.289474,0.315789,0.342105,0.368421,0.394737,0.421053,0.447368,0.473684,0.5,0.526316,0.552632,0.578947,0.605263,0.631579,0.657895,0.684211,0.710526,0.736842,0.763158,0.789474,0.815789,0.842105,0.868421,0.894737,0.921053,0.947368,0.973684,1,1,1,1,1,1,1,1,1,1,1,1,1,1,1,1,1,1,1,1,1,1,1,1,1,1,1,1,1,1,1,1,1,1,1,1,1,1,1,1,1
elec reduce plant downtime,solar PV es,preexisting retiring,,0,0,0,0.026316,0.052632,0.078947,0.105263,0.131579,0.157895,0.184211,0.210526,0.236842,0.263158,0.289474,0.315789,0.342105,0.368421,0.394737,0.421053,0.447368,0.473684,0.5,0.526316,0.552632,0.578947,0.605263,0.631579,0.657895,0.684211,0.710526,0.736842,0.763158,0.789474,0.815789,0.842105,0.868421,0.894737,0.921053,0.947368,0.973684,1,1,1,1,1,1,1,1,1,1,1,1,1,1,1,1,1,1,1,1,1,1,1,1,1,1,1,1,1,1,1,1,1,1,1,1,1,1,1,1,1
elec reduce plant downtime,solar PV es,preexisting nonretiring,,0,0,0,0.026316,0.052632,0.078947,0.105263,0.131579,0.157895,0.184211,0.210526,0.236842,0.263158,0.289474,0.315789,0.342105,0.368421,0.394737,0.421053,0.447368,0.473684,0.5,0.526316,0.552632,0.578947,0.605263,0.631579,0.657895,0.684211,0.710526,0.736842,0.763158,0.789474,0.815789,0.842105,0.868421,0.894737,0.921053,0.947368,0.973684,1,1,1,1,1,1,1,1,1,1,1,1,1,1,1,1,1,1,1,1,1,1,1,1,1,1,1,1,1,1,1,1,1,1,1,1,1,1,1,1,1
elec reduce plant downtime,solar PV es,newly built,,0,0,0,0.026316,0.052632,0.078947,0.105263,0.131579,0.157895,0.184211,0.210526,0.236842,0.263158,0.289474,0.315789,0.342105,0.368421,0.394737,0.421053,0.447368,0.473684,0.5,0.526316,0.552632,0.578947,0.605263,0.631579,0.657895,0.684211,0.710526,0.736842,0.763158,0.789474,0.815789,0.842105,0.868421,0.894737,0.921053,0.947368,0.973684,1,1,1,1,1,1,1,1,1,1,1,1,1,1,1,1,1,1,1,1,1,1,1,1,1,1,1,1,1,1,1,1,1,1,1,1,1,1,1,1,1
elec reduce plant downtime,solar thermal es,preexisting retiring,,0,0,0,0.026316,0.052632,0.078947,0.105263,0.131579,0.157895,0.184211,0.210526,0.236842,0.263158,0.289474,0.315789,0.342105,0.368421,0.394737,0.421053,0.447368,0.473684,0.5,0.526316,0.552632,0.578947,0.605263,0.631579,0.657895,0.684211,0.710526,0.736842,0.763158,0.789474,0.815789,0.842105,0.868421,0.894737,0.921053,0.947368,0.973684,1,1,1,1,1,1,1,1,1,1,1,1,1,1,1,1,1,1,1,1,1,1,1,1,1,1,1,1,1,1,1,1,1,1,1,1,1,1,1,1,1
elec reduce plant downtime,solar thermal es,preexisting nonretiring,,0,0,0,0.026316,0.052632,0.078947,0.105263,0.131579,0.157895,0.184211,0.210526,0.236842,0.263158,0.289474,0.315789,0.342105,0.368421,0.394737,0.421053,0.447368,0.473684,0.5,0.526316,0.552632,0.578947,0.605263,0.631579,0.657895,0.684211,0.710526,0.736842,0.763158,0.789474,0.815789,0.842105,0.868421,0.894737,0.921053,0.947368,0.973684,1,1,1,1,1,1,1,1,1,1,1,1,1,1,1,1,1,1,1,1,1,1,1,1,1,1,1,1,1,1,1,1,1,1,1,1,1,1,1,1,1
elec reduce plant downtime,solar thermal es,newly built,,0,0,0,0.026316,0.052632,0.078947,0.105263,0.131579,0.157895,0.184211,0.210526,0.236842,0.263158,0.289474,0.315789,0.342105,0.368421,0.394737,0.421053,0.447368,0.473684,0.5,0.526316,0.552632,0.578947,0.605263,0.631579,0.657895,0.684211,0.710526,0.736842,0.763158,0.789474,0.815789,0.842105,0.868421,0.894737,0.921053,0.947368,0.973684,1,1,1,1,1,1,1,1,1,1,1,1,1,1,1,1,1,1,1,1,1,1,1,1,1,1,1,1,1,1,1,1,1,1,1,1,1,1,1,1,1
elec reduce plant downtime,biomass es,preexisting retiring,,0,0,0,0.026316,0.052632,0.078947,0.105263,0.131579,0.157895,0.184211,0.210526,0.236842,0.263158,0.289474,0.315789,0.342105,0.368421,0.394737,0.421053,0.447368,0.473684,0.5,0.526316,0.552632,0.578947,0.605263,0.631579,0.657895,0.684211,0.710526,0.736842,0.763158,0.789474,0.815789,0.842105,0.868421,0.894737,0.921053,0.947368,0.973684,1,1,1,1,1,1,1,1,1,1,1,1,1,1,1,1,1,1,1,1,1,1,1,1,1,1,1,1,1,1,1,1,1,1,1,1,1,1,1,1,1
elec reduce plant downtime,biomass es,preexisting nonretiring,,0,0,0,0.026316,0.052632,0.078947,0.105263,0.131579,0.157895,0.184211,0.210526,0.236842,0.263158,0.289474,0.315789,0.342105,0.368421,0.394737,0.421053,0.447368,0.473684,0.5,0.526316,0.552632,0.578947,0.605263,0.631579,0.657895,0.684211,0.710526,0.736842,0.763158,0.789474,0.815789,0.842105,0.868421,0.894737,0.921053,0.947368,0.973684,1,1,1,1,1,1,1,1,1,1,1,1,1,1,1,1,1,1,1,1,1,1,1,1,1,1,1,1,1,1,1,1,1,1,1,1,1,1,1,1,1
elec reduce plant downtime,biomass es,newly built,,0,0,0,0.026316,0.052632,0.078947,0.105263,0.131579,0.157895,0.184211,0.210526,0.236842,0.263158,0.289474,0.315789,0.342105,0.368421,0.394737,0.421053,0.447368,0.473684,0.5,0.526316,0.552632,0.578947,0.605263,0.631579,0.657895,0.684211,0.710526,0.736842,0.763158,0.789474,0.815789,0.842105,0.868421,0.894737,0.921053,0.947368,0.973684,1,1,1,1,1,1,1,1,1,1,1,1,1,1,1,1,1,1,1,1,1,1,1,1,1,1,1,1,1,1,1,1,1,1,1,1,1,1,1,1,1
elec reduce plant downtime,geothermal es,preexisting retiring,,0,0,0,0.026316,0.052632,0.078947,0.105263,0.131579,0.157895,0.184211,0.210526,0.236842,0.263158,0.289474,0.315789,0.342105,0.368421,0.394737,0.421053,0.447368,0.473684,0.5,0.526316,0.552632,0.578947,0.605263,0.631579,0.657895,0.684211,0.710526,0.736842,0.763158,0.789474,0.815789,0.842105,0.868421,0.894737,0.921053,0.947368,0.973684,1,1,1,1,1,1,1,1,1,1,1,1,1,1,1,1,1,1,1,1,1,1,1,1,1,1,1,1,1,1,1,1,1,1,1,1,1,1,1,1,1
elec reduce plant downtime,geothermal es,preexisting nonretiring,,0,0,0,0.026316,0.052632,0.078947,0.105263,0.131579,0.157895,0.184211,0.210526,0.236842,0.263158,0.289474,0.315789,0.342105,0.368421,0.394737,0.421053,0.447368,0.473684,0.5,0.526316,0.552632,0.578947,0.605263,0.631579,0.657895,0.684211,0.710526,0.736842,0.763158,0.789474,0.815789,0.842105,0.868421,0.894737,0.921053,0.947368,0.973684,1,1,1,1,1,1,1,1,1,1,1,1,1,1,1,1,1,1,1,1,1,1,1,1,1,1,1,1,1,1,1,1,1,1,1,1,1,1,1,1,1
elec reduce plant downtime,geothermal es,newly built,,0,0,0,0.026316,0.052632,0.078947,0.105263,0.131579,0.157895,0.184211,0.210526,0.236842,0.263158,0.289474,0.315789,0.342105,0.368421,0.394737,0.421053,0.447368,0.473684,0.5,0.526316,0.552632,0.578947,0.605263,0.631579,0.657895,0.684211,0.710526,0.736842,0.763158,0.789474,0.815789,0.842105,0.868421,0.894737,0.921053,0.947368,0.973684,1,1,1,1,1,1,1,1,1,1,1,1,1,1,1,1,1,1,1,1,1,1,1,1,1,1,1,1,1,1,1,1,1,1,1,1,1,1,1,1,1
elec reduce plant downtime,petroleum es,preexisting retiring,,0,0,0,0.026316,0.052632,0.078947,0.105263,0.131579,0.157895,0.184211,0.210526,0.236842,0.263158,0.289474,0.315789,0.342105,0.368421,0.394737,0.421053,0.447368,0.473684,0.5,0.526316,0.552632,0.578947,0.605263,0.631579,0.657895,0.684211,0.710526,0.736842,0.763158,0.789474,0.815789,0.842105,0.868421,0.894737,0.921053,0.947368,0.973684,1,1,1,1,1,1,1,1,1,1,1,1,1,1,1,1,1,1,1,1,1,1,1,1,1,1,1,1,1,1,1,1,1,1,1,1,1,1,1,1,1
elec reduce plant downtime,petroleum es,preexisting nonretiring,,0,0,0,0.026316,0.052632,0.078947,0.105263,0.131579,0.157895,0.184211,0.210526,0.236842,0.263158,0.289474,0.315789,0.342105,0.368421,0.394737,0.421053,0.447368,0.473684,0.5,0.526316,0.552632,0.578947,0.605263,0.631579,0.657895,0.684211,0.710526,0.736842,0.763158,0.789474,0.815789,0.842105,0.868421,0.894737,0.921053,0.947368,0.973684,1,1,1,1,1,1,1,1,1,1,1,1,1,1,1,1,1,1,1,1,1,1,1,1,1,1,1,1,1,1,1,1,1,1,1,1,1,1,1,1,1
elec reduce plant downtime,petroleum es,newly built,,0,0,0,0.026316,0.052632,0.078947,0.105263,0.131579,0.157895,0.184211,0.210526,0.236842,0.263158,0.289474,0.315789,0.342105,0.368421,0.394737,0.421053,0.447368,0.473684,0.5,0.526316,0.552632,0.578947,0.605263,0.631579,0.657895,0.684211,0.710526,0.736842,0.763158,0.789474,0.815789,0.842105,0.868421,0.894737,0.921053,0.947368,0.973684,1,1,1,1,1,1,1,1,1,1,1,1,1,1,1,1,1,1,1,1,1,1,1,1,1,1,1,1,1,1,1,1,1,1,1,1,1,1,1,1,1
elec reduce plant downtime,natural gas peaker es,preexisting retiring,,0,0,0,0.026316,0.052632,0.078947,0.105263,0.131579,0.157895,0.184211,0.210526,0.236842,0.263158,0.289474,0.315789,0.342105,0.368421,0.394737,0.421053,0.447368,0.473684,0.5,0.526316,0.552632,0.578947,0.605263,0.631579,0.657895,0.684211,0.710526,0.736842,0.763158,0.789474,0.815789,0.842105,0.868421,0.894737,0.921053,0.947368,0.973684,1,1,1,1,1,1,1,1,1,1,1,1,1,1,1,1,1,1,1,1,1,1,1,1,1,1,1,1,1,1,1,1,1,1,1,1,1,1,1,1,1
elec reduce plant downtime,natural gas peaker es,preexisting nonretiring,,0,0,0,0.026316,0.052632,0.078947,0.105263,0.131579,0.157895,0.184211,0.210526,0.236842,0.263158,0.289474,0.315789,0.342105,0.368421,0.394737,0.421053,0.447368,0.473684,0.5,0.526316,0.552632,0.578947,0.605263,0.631579,0.657895,0.684211,0.710526,0.736842,0.763158,0.789474,0.815789,0.842105,0.868421,0.894737,0.921053,0.947368,0.973684,1,1,1,1,1,1,1,1,1,1,1,1,1,1,1,1,1,1,1,1,1,1,1,1,1,1,1,1,1,1,1,1,1,1,1,1,1,1,1,1,1
elec reduce plant downtime,natural gas peaker es,newly built,,0,0,0,0.026316,0.052632,0.078947,0.105263,0.131579,0.157895,0.184211,0.210526,0.236842,0.263158,0.289474,0.315789,0.342105,0.368421,0.394737,0.421053,0.447368,0.473684,0.5,0.526316,0.552632,0.578947,0.605263,0.631579,0.657895,0.684211,0.710526,0.736842,0.763158,0.789474,0.815789,0.842105,0.868421,0.894737,0.921053,0.947368,0.973684,1,1,1,1,1,1,1,1,1,1,1,1,1,1,1,1,1,1,1,1,1,1,1,1,1,1,1,1,1,1,1,1,1,1,1,1,1,1,1,1,1
elec reduce plant downtime,lignite es,preexisting retiring,,0,0,0,0.026316,0.052632,0.078947,0.105263,0.131579,0.157895,0.184211,0.210526,0.236842,0.263158,0.289474,0.315789,0.342105,0.368421,0.394737,0.421053,0.447368,0.473684,0.5,0.526316,0.552632,0.578947,0.605263,0.631579,0.657895,0.684211,0.710526,0.736842,0.763158,0.789474,0.815789,0.842105,0.868421,0.894737,0.921053,0.947368,0.973684,1,1,1,1,1,1,1,1,1,1,1,1,1,1,1,1,1,1,1,1,1,1,1,1,1,1,1,1,1,1,1,1,1,1,1,1,1,1,1,1,1
elec reduce plant downtime,lignite es,preexisting nonretiring,,0,0,0,0.026316,0.052632,0.078947,0.105263,0.131579,0.157895,0.184211,0.210526,0.236842,0.263158,0.289474,0.315789,0.342105,0.368421,0.394737,0.421053,0.447368,0.473684,0.5,0.526316,0.552632,0.578947,0.605263,0.631579,0.657895,0.684211,0.710526,0.736842,0.763158,0.789474,0.815789,0.842105,0.868421,0.894737,0.921053,0.947368,0.973684,1,1,1,1,1,1,1,1,1,1,1,1,1,1,1,1,1,1,1,1,1,1,1,1,1,1,1,1,1,1,1,1,1,1,1,1,1,1,1,1,1
elec reduce plant downtime,lignite es,newly built,,0,0,0,0.026316,0.052632,0.078947,0.105263,0.131579,0.157895,0.184211,0.210526,0.236842,0.263158,0.289474,0.315789,0.342105,0.368421,0.394737,0.421053,0.447368,0.473684,0.5,0.526316,0.552632,0.578947,0.605263,0.631579,0.657895,0.684211,0.710526,0.736842,0.763158,0.789474,0.815789,0.842105,0.868421,0.894737,0.921053,0.947368,0.973684,1,1,1,1,1,1,1,1,1,1,1,1,1,1,1,1,1,1,1,1,1,1,1,1,1,1,1,1,1,1,1,1,1,1,1,1,1,1,1,1,1
elec reduce plant downtime,offshore wind es,preexisting retiring,,0,0,0,0.026316,0.052632,0.078947,0.105263,0.131579,0.157895,0.184211,0.210526,0.236842,0.263158,0.289474,0.315789,0.342105,0.368421,0.394737,0.421053,0.447368,0.473684,0.5,0.526316,0.552632,0.578947,0.605263,0.631579,0.657895,0.684211,0.710526,0.736842,0.763158,0.789474,0.815789,0.842105,0.868421,0.894737,0.921053,0.947368,0.973684,1,1,1,1,1,1,1,1,1,1,1,1,1,1,1,1,1,1,1,1,1,1,1,1,1,1,1,1,1,1,1,1,1,1,1,1,1,1,1,1,1
elec reduce plant downtime,offshore wind es,preexisting nonretiring,,0,0,0,0.026316,0.052632,0.078947,0.105263,0.131579,0.157895,0.184211,0.210526,0.236842,0.263158,0.289474,0.315789,0.342105,0.368421,0.394737,0.421053,0.447368,0.473684,0.5,0.526316,0.552632,0.578947,0.605263,0.631579,0.657895,0.684211,0.710526,0.736842,0.763158,0.789474,0.815789,0.842105,0.868421,0.894737,0.921053,0.947368,0.973684,1,1,1,1,1,1,1,1,1,1,1,1,1,1,1,1,1,1,1,1,1,1,1,1,1,1,1,1,1,1,1,1,1,1,1,1,1,1,1,1,1
elec reduce plant downtime,offshore wind es,newly built,,0,0,0,0.026316,0.052632,0.078947,0.105263,0.131579,0.157895,0.184211,0.210526,0.236842,0.263158,0.289474,0.315789,0.342105,0.368421,0.394737,0.421053,0.447368,0.473684,0.5,0.526316,0.552632,0.578947,0.605263,0.631579,0.657895,0.684211,0.710526,0.736842,0.763158,0.789474,0.815789,0.842105,0.868421,0.894737,0.921053,0.947368,0.973684,1,1,1,1,1,1,1,1,1,1,1,1,1,1,1,1,1,1,1,1,1,1,1,1,1,1,1,1,1,1,1,1,1,1,1,1,1,1,1,1,1
elec reduce plant downtime,crude oil es,preexisting retiring,,0,0,0,0.026316,0.052632,0.078947,0.105263,0.131579,0.157895,0.184211,0.210526,0.236842,0.263158,0.289474,0.315789,0.342105,0.368421,0.394737,0.421053,0.447368,0.473684,0.5,0.526316,0.552632,0.578947,0.605263,0.631579,0.657895,0.684211,0.710526,0.736842,0.763158,0.789474,0.815789,0.842105,0.868421,0.894737,0.921053,0.947368,0.973684,1,1,1,1,1,1,1,1,1,1,1,1,1,1,1,1,1,1,1,1,1,1,1,1,1,1,1,1,1,1,1,1,1,1,1,1,1,1,1,1,1
elec reduce plant downtime,crude oil es,preexisting nonretiring,,0,0,0,0.026316,0.052632,0.078947,0.105263,0.131579,0.157895,0.184211,0.210526,0.236842,0.263158,0.289474,0.315789,0.342105,0.368421,0.394737,0.421053,0.447368,0.473684,0.5,0.526316,0.552632,0.578947,0.605263,0.631579,0.657895,0.684211,0.710526,0.736842,0.763158,0.789474,0.815789,0.842105,0.868421,0.894737,0.921053,0.947368,0.973684,1,1,1,1,1,1,1,1,1,1,1,1,1,1,1,1,1,1,1,1,1,1,1,1,1,1,1,1,1,1,1,1,1,1,1,1,1,1,1,1,1
elec reduce plant downtime,crude oil es,newly built,,0,0,0,0.026316,0.052632,0.078947,0.105263,0.131579,0.157895,0.184211,0.210526,0.236842,0.263158,0.289474,0.315789,0.342105,0.368421,0.394737,0.421053,0.447368,0.473684,0.5,0.526316,0.552632,0.578947,0.605263,0.631579,0.657895,0.684211,0.710526,0.736842,0.763158,0.789474,0.815789,0.842105,0.868421,0.894737,0.921053,0.947368,0.973684,1,1,1,1,1,1,1,1,1,1,1,1,1,1,1,1,1,1,1,1,1,1,1,1,1,1,1,1,1,1,1,1,1,1,1,1,1,1,1,1,1
elec reduce plant downtime,heavy or residual fuel oil es,preexisting retiring,,0,0,0,0.026316,0.052632,0.078947,0.105263,0.131579,0.157895,0.184211,0.210526,0.236842,0.263158,0.289474,0.315789,0.342105,0.368421,0.394737,0.421053,0.447368,0.473684,0.5,0.526316,0.552632,0.578947,0.605263,0.631579,0.657895,0.684211,0.710526,0.736842,0.763158,0.789474,0.815789,0.842105,0.868421,0.894737,0.921053,0.947368,0.973684,1,1,1,1,1,1,1,1,1,1,1,1,1,1,1,1,1,1,1,1,1,1,1,1,1,1,1,1,1,1,1,1,1,1,1,1,1,1,1,1,1
elec reduce plant downtime,heavy or residual fuel oil es,preexisting nonretiring,,0,0,0,0.026316,0.052632,0.078947,0.105263,0.131579,0.157895,0.184211,0.210526,0.236842,0.263158,0.289474,0.315789,0.342105,0.368421,0.394737,0.421053,0.447368,0.473684,0.5,0.526316,0.552632,0.578947,0.605263,0.631579,0.657895,0.684211,0.710526,0.736842,0.763158,0.789474,0.815789,0.842105,0.868421,0.894737,0.921053,0.947368,0.973684,1,1,1,1,1,1,1,1,1,1,1,1,1,1,1,1,1,1,1,1,1,1,1,1,1,1,1,1,1,1,1,1,1,1,1,1,1,1,1,1,1
elec reduce plant downtime,heavy or residual fuel oil es,newly built,,0,0,0,0.026316,0.052632,0.078947,0.105263,0.131579,0.157895,0.184211,0.210526,0.236842,0.263158,0.289474,0.315789,0.342105,0.368421,0.394737,0.421053,0.447368,0.473684,0.5,0.526316,0.552632,0.578947,0.605263,0.631579,0.657895,0.684211,0.710526,0.736842,0.763158,0.789474,0.815789,0.842105,0.868421,0.894737,0.921053,0.947368,0.973684,1,1,1,1,1,1,1,1,1,1,1,1,1,1,1,1,1,1,1,1,1,1,1,1,1,1,1,1,1,1,1,1,1,1,1,1,1,1,1,1,1
elec reduce plant downtime,municipal solid waste es,preexisting retiring,,0,0,0,0.026316,0.052632,0.078947,0.105263,0.131579,0.157895,0.184211,0.210526,0.236842,0.263158,0.289474,0.315789,0.342105,0.368421,0.394737,0.421053,0.447368,0.473684,0.5,0.526316,0.552632,0.578947,0.605263,0.631579,0.657895,0.684211,0.710526,0.736842,0.763158,0.789474,0.815789,0.842105,0.868421,0.894737,0.921053,0.947368,0.973684,1,1,1,1,1,1,1,1,1,1,1,1,1,1,1,1,1,1,1,1,1,1,1,1,1,1,1,1,1,1,1,1,1,1,1,1,1,1,1,1,1
elec reduce plant downtime,municipal solid waste es,preexisting nonretiring,,0,0,0,0.026316,0.052632,0.078947,0.105263,0.131579,0.157895,0.184211,0.210526,0.236842,0.263158,0.289474,0.315789,0.342105,0.368421,0.394737,0.421053,0.447368,0.473684,0.5,0.526316,0.552632,0.578947,0.605263,0.631579,0.657895,0.684211,0.710526,0.736842,0.763158,0.789474,0.815789,0.842105,0.868421,0.894737,0.921053,0.947368,0.973684,1,1,1,1,1,1,1,1,1,1,1,1,1,1,1,1,1,1,1,1,1,1,1,1,1,1,1,1,1,1,1,1,1,1,1,1,1,1,1,1,1
elec reduce plant downtime,municipal solid waste es,newly built,,0,0,0,0.026316,0.052632,0.078947,0.105263,0.131579,0.157895,0.184211,0.210526,0.236842,0.263158,0.289474,0.315789,0.342105,0.368421,0.394737,0.421053,0.447368,0.473684,0.5,0.526316,0.552632,0.578947,0.605263,0.631579,0.657895,0.684211,0.710526,0.736842,0.763158,0.789474,0.815789,0.842105,0.868421,0.894737,0.921053,0.947368,0.973684,1,1,1,1,1,1,1,1,1,1,1,1,1,1,1,1,1,1,1,1,1,1,1,1,1,1,1,1,1,1,1,1,1,1,1,1,1,1,1,1,1
elec change imports,hard coal es,,,0,0,0,0.026316,0.052632,0.078947,0.105263,0.131579,0.157895,0.184211,0.210526,0.236842,0.263158,0.289474,0.315789,0.342105,0.368421,0.394737,0.421053,0.447368,0.473684,0.5,0.526316,0.552632,0.578947,0.605263,0.631579,0.657895,0.684211,0.710526,0.736842,0.763158,0.789474,0.815789,0.842105,0.868421,0.894737,0.921053,0.947368,0.973684,1,1,1,1,1,1,1,1,1,1,1,1,1,1,1,1,1,1,1,1,1,1,1,1,1,1,1,1,1,1,1,1,1,1,1,1,1,1,1,1,1
elec change imports,natural gas nonpeaker es,,,0,0,0,0.026316,0.052632,0.078947,0.105263,0.131579,0.157895,0.184211,0.210526,0.236842,0.263158,0.289474,0.315789,0.342105,0.368421,0.394737,0.421053,0.447368,0.473684,0.5,0.526316,0.552632,0.578947,0.605263,0.631579,0.657895,0.684211,0.710526,0.736842,0.763158,0.789474,0.815789,0.842105,0.868421,0.894737,0.921053,0.947368,0.973684,1,1,1,1,1,1,1,1,1,1,1,1,1,1,1,1,1,1,1,1,1,1,1,1,1,1,1,1,1,1,1,1,1,1,1,1,1,1,1,1,1
elec change imports,nuclear es,,,0,0,0,0.026316,0.052632,0.078947,0.105263,0.131579,0.157895,0.184211,0.210526,0.236842,0.263158,0.289474,0.315789,0.342105,0.368421,0.394737,0.421053,0.447368,0.473684,0.5,0.526316,0.552632,0.578947,0.605263,0.631579,0.657895,0.684211,0.710526,0.736842,0.763158,0.789474,0.815789,0.842105,0.868421,0.894737,0.921053,0.947368,0.973684,1,1,1,1,1,1,1,1,1,1,1,1,1,1,1,1,1,1,1,1,1,1,1,1,1,1,1,1,1,1,1,1,1,1,1,1,1,1,1,1,1
elec change imports,hydro es,,,0,0,0,0.026316,0.052632,0.078947,0.105263,0.131579,0.157895,0.184211,0.210526,0.236842,0.263158,0.289474,0.315789,0.342105,0.368421,0.394737,0.421053,0.447368,0.473684,0.5,0.526316,0.552632,0.578947,0.605263,0.631579,0.657895,0.684211,0.710526,0.736842,0.763158,0.789474,0.815789,0.842105,0.868421,0.894737,0.921053,0.947368,0.973684,1,1,1,1,1,1,1,1,1,1,1,1,1,1,1,1,1,1,1,1,1,1,1,1,1,1,1,1,1,1,1,1,1,1,1,1,1,1,1,1,1
elec change imports,onshore wind es,,,0,0,0,0.026316,0.052632,0.078947,0.105263,0.131579,0.157895,0.184211,0.210526,0.236842,0.263158,0.289474,0.315789,0.342105,0.368421,0.394737,0.421053,0.447368,0.473684,0.5,0.526316,0.552632,0.578947,0.605263,0.631579,0.657895,0.684211,0.710526,0.736842,0.763158,0.789474,0.815789,0.842105,0.868421,0.894737,0.921053,0.947368,0.973684,1,1,1,1,1,1,1,1,1,1,1,1,1,1,1,1,1,1,1,1,1,1,1,1,1,1,1,1,1,1,1,1,1,1,1,1,1,1,1,1,1
elec change imports,solar PV es,,,0,0,0,0.026316,0.052632,0.078947,0.105263,0.131579,0.157895,0.184211,0.210526,0.236842,0.263158,0.289474,0.315789,0.342105,0.368421,0.394737,0.421053,0.447368,0.473684,0.5,0.526316,0.552632,0.578947,0.605263,0.631579,0.657895,0.684211,0.710526,0.736842,0.763158,0.789474,0.815789,0.842105,0.868421,0.894737,0.921053,0.947368,0.973684,1,1,1,1,1,1,1,1,1,1,1,1,1,1,1,1,1,1,1,1,1,1,1,1,1,1,1,1,1,1,1,1,1,1,1,1,1,1,1,1,1
elec change imports,solar thermal es,,,0,0,0,0.026316,0.052632,0.078947,0.105263,0.131579,0.157895,0.184211,0.210526,0.236842,0.263158,0.289474,0.315789,0.342105,0.368421,0.394737,0.421053,0.447368,0.473684,0.5,0.526316,0.552632,0.578947,0.605263,0.631579,0.657895,0.684211,0.710526,0.736842,0.763158,0.789474,0.815789,0.842105,0.868421,0.894737,0.921053,0.947368,0.973684,1,1,1,1,1,1,1,1,1,1,1,1,1,1,1,1,1,1,1,1,1,1,1,1,1,1,1,1,1,1,1,1,1,1,1,1,1,1,1,1,1
elec change imports,biomass es,,,0,0,0,0.026316,0.052632,0.078947,0.105263,0.131579,0.157895,0.184211,0.210526,0.236842,0.263158,0.289474,0.315789,0.342105,0.368421,0.394737,0.421053,0.447368,0.473684,0.5,0.526316,0.552632,0.578947,0.605263,0.631579,0.657895,0.684211,0.710526,0.736842,0.763158,0.789474,0.815789,0.842105,0.868421,0.894737,0.921053,0.947368,0.973684,1,1,1,1,1,1,1,1,1,1,1,1,1,1,1,1,1,1,1,1,1,1,1,1,1,1,1,1,1,1,1,1,1,1,1,1,1,1,1,1,1
elec change imports,geothermal es,,,0,0,0,0.026316,0.052632,0.078947,0.105263,0.131579,0.157895,0.184211,0.210526,0.236842,0.263158,0.289474,0.315789,0.342105,0.368421,0.394737,0.421053,0.447368,0.473684,0.5,0.526316,0.552632,0.578947,0.605263,0.631579,0.657895,0.684211,0.710526,0.736842,0.763158,0.789474,0.815789,0.842105,0.868421,0.894737,0.921053,0.947368,0.973684,1,1,1,1,1,1,1,1,1,1,1,1,1,1,1,1,1,1,1,1,1,1,1,1,1,1,1,1,1,1,1,1,1,1,1,1,1,1,1,1,1
elec change imports,petroleum es,,,0,0,0,0.026316,0.052632,0.078947,0.105263,0.131579,0.157895,0.184211,0.210526,0.236842,0.263158,0.289474,0.315789,0.342105,0.368421,0.394737,0.421053,0.447368,0.473684,0.5,0.526316,0.552632,0.578947,0.605263,0.631579,0.657895,0.684211,0.710526,0.736842,0.763158,0.789474,0.815789,0.842105,0.868421,0.894737,0.921053,0.947368,0.973684,1,1,1,1,1,1,1,1,1,1,1,1,1,1,1,1,1,1,1,1,1,1,1,1,1,1,1,1,1,1,1,1,1,1,1,1,1,1,1,1,1
elec change imports,natural gas peaker es,,,0,0,0,0.026316,0.052632,0.078947,0.105263,0.131579,0.157895,0.184211,0.210526,0.236842,0.263158,0.289474,0.315789,0.342105,0.368421,0.394737,0.421053,0.447368,0.473684,0.5,0.526316,0.552632,0.578947,0.605263,0.631579,0.657895,0.684211,0.710526,0.736842,0.763158,0.789474,0.815789,0.842105,0.868421,0.894737,0.921053,0.947368,0.973684,1,1,1,1,1,1,1,1,1,1,1,1,1,1,1,1,1,1,1,1,1,1,1,1,1,1,1,1,1,1,1,1,1,1,1,1,1,1,1,1,1
elec change imports,lignite es,,,0,0,0,0.026316,0.052632,0.078947,0.105263,0.131579,0.157895,0.184211,0.210526,0.236842,0.263158,0.289474,0.315789,0.342105,0.368421,0.394737,0.421053,0.447368,0.473684,0.5,0.526316,0.552632,0.578947,0.605263,0.631579,0.657895,0.684211,0.710526,0.736842,0.763158,0.789474,0.815789,0.842105,0.868421,0.894737,0.921053,0.947368,0.973684,1,1,1,1,1,1,1,1,1,1,1,1,1,1,1,1,1,1,1,1,1,1,1,1,1,1,1,1,1,1,1,1,1,1,1,1,1,1,1,1,1
elec change imports,offshore wind es,,,0,0,0,0.026316,0.052632,0.078947,0.105263,0.131579,0.157895,0.184211,0.210526,0.236842,0.263158,0.289474,0.315789,0.342105,0.368421,0.394737,0.421053,0.447368,0.473684,0.5,0.526316,0.552632,0.578947,0.605263,0.631579,0.657895,0.684211,0.710526,0.736842,0.763158,0.789474,0.815789,0.842105,0.868421,0.894737,0.921053,0.947368,0.973684,1,1,1,1,1,1,1,1,1,1,1,1,1,1,1,1,1,1,1,1,1,1,1,1,1,1,1,1,1,1,1,1,1,1,1,1,1,1,1,1,1
elec change imports,crude oil es,,,0,0,0,0.026316,0.052632,0.078947,0.105263,0.131579,0.157895,0.184211,0.210526,0.236842,0.263158,0.289474,0.315789,0.342105,0.368421,0.394737,0.421053,0.447368,0.473684,0.5,0.526316,0.552632,0.578947,0.605263,0.631579,0.657895,0.684211,0.710526,0.736842,0.763158,0.789474,0.815789,0.842105,0.868421,0.894737,0.921053,0.947368,0.973684,1,1,1,1,1,1,1,1,1,1,1,1,1,1,1,1,1,1,1,1,1,1,1,1,1,1,1,1,1,1,1,1,1,1,1,1,1,1,1,1,1
elec change imports,heavy or residual fuel oil es,,,0,0,0,0.026316,0.052632,0.078947,0.105263,0.131579,0.157895,0.184211,0.210526,0.236842,0.263158,0.289474,0.315789,0.342105,0.368421,0.394737,0.421053,0.447368,0.473684,0.5,0.526316,0.552632,0.578947,0.605263,0.631579,0.657895,0.684211,0.710526,0.736842,0.763158,0.789474,0.815789,0.842105,0.868421,0.894737,0.921053,0.947368,0.973684,1,1,1,1,1,1,1,1,1,1,1,1,1,1,1,1,1,1,1,1,1,1,1,1,1,1,1,1,1,1,1,1,1,1,1,1,1,1,1,1,1
elec change imports,municipal solid waste es,,,0,0,0,0.026316,0.052632,0.078947,0.105263,0.131579,0.157895,0.184211,0.210526,0.236842,0.263158,0.289474,0.315789,0.342105,0.368421,0.394737,0.421053,0.447368,0.473684,0.5,0.526316,0.552632,0.578947,0.605263,0.631579,0.657895,0.684211,0.710526,0.736842,0.763158,0.789474,0.815789,0.842105,0.868421,0.894737,0.921053,0.947368,0.973684,1,1,1,1,1,1,1,1,1,1,1,1,1,1,1,1,1,1,1,1,1,1,1,1,1,1,1,1,1,1,1,1,1,1,1,1,1,1,1,1,1
elec change exports,,,,0,0,0,0.026316,0.052632,0.078947,0.105263,0.131579,0.157895,0.184211,0.210526,0.236842,0.263158,0.289474,0.315789,0.342105,0.368421,0.394737,0.421053,0.447368,0.473684,0.5,0.526316,0.552632,0.578947,0.605263,0.631579,0.657895,0.684211,0.710526,0.736842,0.763158,0.789474,0.815789,0.842105,0.868421,0.894737,0.921053,0.947368,0.973684,1,1,1,1,1,1,1,1,1,1,1,1,1,1,1,1,1,1,1,1,1,1,1,1,1,1,1,1,1,1,1,1,1,1,1,1,1,1,1,1,1
elec non BAU mandated capacity construction,hard coal es,,,1,1,1,1,1,1,1,1,1,1,1,1,1,1,1,1,1,1,1,1,1,1,1,1,1,1,1,1,1,1,1,1,1,1,1,1,1,1,1,1,1,1,1,1,1,1,1,1,1,1,1,1,1,1,1,1,1,1,1,1,1,1,1,1,1,1,1,1,1,1,1,1,1,1,1,1,1,1,1,1,1
elec non BAU mandated capacity construction,natural gas nonpeaker es,,,1,1,1,1,1,1,1,1,1,1,1,1,1,1,1,1,1,1,1,1,1,1,1,1,1,1,1,1,1,1,1,1,1,1,1,1,1,1,1,1,1,1,1,1,1,1,1,1,1,1,1,1,1,1,1,1,1,1,1,1,1,1,1,1,1,1,1,1,1,1,1,1,1,1,1,1,1,1,1,1,1
elec non BAU mandated capacity construction,nuclear es,,,1,1,1,1,1,1,1,1,1,1,1,1,1,1,1,1,1,1,1,1,1,1,1,1,1,1,1,1,1,1,1,1,1,1,1,1,1,1,1,1,1,1,1,1,1,1,1,1,1,1,1,1,1,1,1,1,1,1,1,1,1,1,1,1,1,1,1,1,1,1,1,1,1,1,1,1,1,1,1,1,1
elec non BAU mandated capacity construction,hydro es,,,1,1,1,1,1,1,1,1,1,1,1,1,1,1,1,1,1,1,1,1,1,1,1,1,1,1,1,1,1,1,1,1,1,1,1,1,1,1,1,1,1,1,1,1,1,1,1,1,1,1,1,1,1,1,1,1,1,1,1,1,1,1,1,1,1,1,1,1,1,1,1,1,1,1,1,1,1,1,1,1,1
elec non BAU mandated capacity construction,onshore wind es,,,1,1,1,1,1,1,1,1,1,1,1,1,1,1,1,1,1,1,1,1,1,1,1,1,1,1,1,1,1,1,1,1,1,1,1,1,1,1,1,1,1,1,1,1,1,1,1,1,1,1,1,1,1,1,1,1,1,1,1,1,1,1,1,1,1,1,1,1,1,1,1,1,1,1,1,1,1,1,1,1,1
elec non BAU mandated capacity construction,solar PV es,,,1,1,1,1,1,1,1,1,1,1,1,1,1,1,1,1,1,1,1,1,1,1,1,1,1,1,1,1,1,1,1,1,1,1,1,1,1,1,1,1,1,1,1,1,1,1,1,1,1,1,1,1,1,1,1,1,1,1,1,1,1,1,1,1,1,1,1,1,1,1,1,1,1,1,1,1,1,1,1,1,1
elec non BAU mandated capacity construction,solar thermal es,,,1,1,1,1,1,1,1,1,1,1,1,1,1,1,1,1,1,1,1,1,1,1,1,1,1,1,1,1,1,1,1,1,1,1,1,1,1,1,1,1,1,1,1,1,1,1,1,1,1,1,1,1,1,1,1,1,1,1,1,1,1,1,1,1,1,1,1,1,1,1,1,1,1,1,1,1,1,1,1,1,1
elec non BAU mandated capacity construction,biomass es,,,1,1,1,1,1,1,1,1,1,1,1,1,1,1,1,1,1,1,1,1,1,1,1,1,1,1,1,1,1,1,1,1,1,1,1,1,1,1,1,1,1,1,1,1,1,1,1,1,1,1,1,1,1,1,1,1,1,1,1,1,1,1,1,1,1,1,1,1,1,1,1,1,1,1,1,1,1,1,1,1,1
elec non BAU mandated capacity construction,geothermal es,,,1,1,1,1,1,1,1,1,1,1,1,1,1,1,1,1,1,1,1,1,1,1,1,1,1,1,1,1,1,1,1,1,1,1,1,1,1,1,1,1,1,1,1,1,1,1,1,1,1,1,1,1,1,1,1,1,1,1,1,1,1,1,1,1,1,1,1,1,1,1,1,1,1,1,1,1,1,1,1,1,1
elec non BAU mandated capacity construction,petroleum es,,,1,1,1,1,1,1,1,1,1,1,1,1,1,1,1,1,1,1,1,1,1,1,1,1,1,1,1,1,1,1,1,1,1,1,1,1,1,1,1,1,1,1,1,1,1,1,1,1,1,1,1,1,1,1,1,1,1,1,1,1,1,1,1,1,1,1,1,1,1,1,1,1,1,1,1,1,1,1,1,1,1
elec non BAU mandated capacity construction,natural gas peaker es,,,1,1,1,1,1,1,1,1,1,1,1,1,1,1,1,1,1,1,1,1,1,1,1,1,1,1,1,1,1,1,1,1,1,1,1,1,1,1,1,1,1,1,1,1,1,1,1,1,1,1,1,1,1,1,1,1,1,1,1,1,1,1,1,1,1,1,1,1,1,1,1,1,1,1,1,1,1,1,1,1,1
elec non BAU mandated capacity construction,lignite es,,,1,1,1,1,1,1,1,1,1,1,1,1,1,1,1,1,1,1,1,1,1,1,1,1,1,1,1,1,1,1,1,1,1,1,1,1,1,1,1,1,1,1,1,1,1,1,1,1,1,1,1,1,1,1,1,1,1,1,1,1,1,1,1,1,1,1,1,1,1,1,1,1,1,1,1,1,1,1,1,1,1
elec non BAU mandated capacity construction,offshore wind es,,,1,1,1,1,1,1,1,1,1,1,1,1,1,1,1,1,1,1,1,1,1,1,1,1,1,1,1,1,1,1,1,1,1,1,1,1,1,1,1,1,1,1,1,1,1,1,1,1,1,1,1,1,1,1,1,1,1,1,1,1,1,1,1,1,1,1,1,1,1,1,1,1,1,1,1,1,1,1,1,1,1
elec non BAU mandated capacity construction,crude oil es,,,1,1,1,1,1,1,1,1,1,1,1,1,1,1,1,1,1,1,1,1,1,1,1,1,1,1,1,1,1,1,1,1,1,1,1,1,1,1,1,1,1,1,1,1,1,1,1,1,1,1,1,1,1,1,1,1,1,1,1,1,1,1,1,1,1,1,1,1,1,1,1,1,1,1,1,1,1,1,1,1,1
elec non BAU mandated capacity construction,heavy or residual fuel oil es,,,1,1,1,1,1,1,1,1,1,1,1,1,1,1,1,1,1,1,1,1,1,1,1,1,1,1,1,1,1,1,1,1,1,1,1,1,1,1,1,1,1,1,1,1,1,1,1,1,1,1,1,1,1,1,1,1,1,1,1,1,1,1,1,1,1,1,1,1,1,1,1,1,1,1,1,1,1,1,1,1,1
elec non BAU mandated capacity construction,municipal solid waste es,,,1,1,1,1,1,1,1,1,1,1,1,1,1,1,1,1,1,1,1,1,1,1,1,1,1,1,1,1,1,1,1,1,1,1,1,1,1,1,1,1,1,1,1,1,1,1,1,1,1,1,1,1,1,1,1,1,1,1,1,1,1,1,1,1,1,1,1,1,1,1,1,1,1,1,1,1,1,1,1,1,1
elec non BAU RPS qualifying resources,,,,0,0,0,0.026316,0.052632,0.078947,0.105263,0.131579,0.157895,0.184211,0.210526,0.236842,0.263158,0.289474,0.315789,0.342105,0.368421,0.394737,0.421053,0.447368,0.473684,0.5,0.526316,0.552632,0.578947,0.605263,0.631579,0.657895,0.684211,0.710526,0.736842,0.763158,0.789474,0.815789,0.842105,0.868421,0.894737,0.921053,0.947368,0.973684,1,1,1,1,1,1,1,1,1,1,1,1,1,1,1,1,1,1,1,1,1,1,1,1,1,1,1,1,1,1,1,1,1,1,1,1,1,1,1,1,1
elec non BAU guaranteed dispatch,,,,0,0,0,0.026316,0.052632,0.078947,0.105263,0.131579,0.157895,0.184211,0.210526,0.236842,0.263158,0.289474,0.315789,0.342105,0.368421,0.394737,0.421053,0.447368,0.473684,0.5,0.526316,0.552632,0.578947,0.605263,0.631579,0.657895,0.684211,0.710526,0.736842,0.763158,0.789474,0.815789,0.842105,0.868421,0.894737,0.921053,0.947368,0.973684,1,1,1,1,1,1,1,1,1,1,1,1,1,1,1,1,1,1,1,1,1,1,1,1,1,1,1,1,1,1,1,1,1,1,1,1,1,1,1,1,1
elec reduce soft costs,hard coal es,,,0,0,0,0.026316,0.052632,0.078947,0.105263,0.131579,0.157895,0.184211,0.210526,0.236842,0.263158,0.289474,0.315789,0.342105,0.368421,0.394737,0.421053,0.447368,0.473684,0.5,0.526316,0.552632,0.578947,0.605263,0.631579,0.657895,0.684211,0.710526,0.736842,0.763158,0.789474,0.815789,0.842105,0.868421,0.894737,0.921053,0.947368,0.973684,1,1,1,1,1,1,1,1,1,1,1,1,1,1,1,1,1,1,1,1,1,1,1,1,1,1,1,1,1,1,1,1,1,1,1,1,1,1,1,1,1
elec reduce soft costs,natural gas nonpeaker es,,,0,0,0,0.026316,0.052632,0.078947,0.105263,0.131579,0.157895,0.184211,0.210526,0.236842,0.263158,0.289474,0.315789,0.342105,0.368421,0.394737,0.421053,0.447368,0.473684,0.5,0.526316,0.552632,0.578947,0.605263,0.631579,0.657895,0.684211,0.710526,0.736842,0.763158,0.789474,0.815789,0.842105,0.868421,0.894737,0.921053,0.947368,0.973684,1,1,1,1,1,1,1,1,1,1,1,1,1,1,1,1,1,1,1,1,1,1,1,1,1,1,1,1,1,1,1,1,1,1,1,1,1,1,1,1,1
elec reduce soft costs,nuclear es,,,0,0,0,0.026316,0.052632,0.078947,0.105263,0.131579,0.157895,0.184211,0.210526,0.236842,0.263158,0.289474,0.315789,0.342105,0.368421,0.394737,0.421053,0.447368,0.473684,0.5,0.526316,0.552632,0.578947,0.605263,0.631579,0.657895,0.684211,0.710526,0.736842,0.763158,0.789474,0.815789,0.842105,0.868421,0.894737,0.921053,0.947368,0.973684,1,1,1,1,1,1,1,1,1,1,1,1,1,1,1,1,1,1,1,1,1,1,1,1,1,1,1,1,1,1,1,1,1,1,1,1,1,1,1,1,1
elec reduce soft costs,hydro es,,,0,0,0,0.026316,0.052632,0.078947,0.105263,0.131579,0.157895,0.184211,0.210526,0.236842,0.263158,0.289474,0.315789,0.342105,0.368421,0.394737,0.421053,0.447368,0.473684,0.5,0.526316,0.552632,0.578947,0.605263,0.631579,0.657895,0.684211,0.710526,0.736842,0.763158,0.789474,0.815789,0.842105,0.868421,0.894737,0.921053,0.947368,0.973684,1,1,1,1,1,1,1,1,1,1,1,1,1,1,1,1,1,1,1,1,1,1,1,1,1,1,1,1,1,1,1,1,1,1,1,1,1,1,1,1,1
elec reduce soft costs,onshore wind es,,,0,0,0,0.026316,0.052632,0.078947,0.105263,0.131579,0.157895,0.184211,0.210526,0.236842,0.263158,0.289474,0.315789,0.342105,0.368421,0.394737,0.421053,0.447368,0.473684,0.5,0.526316,0.552632,0.578947,0.605263,0.631579,0.657895,0.684211,0.710526,0.736842,0.763158,0.789474,0.815789,0.842105,0.868421,0.894737,0.921053,0.947368,0.973684,1,1,1,1,1,1,1,1,1,1,1,1,1,1,1,1,1,1,1,1,1,1,1,1,1,1,1,1,1,1,1,1,1,1,1,1,1,1,1,1,1
elec reduce soft costs,solar PV es,,,0,0,0,0.026316,0.052632,0.078947,0.105263,0.131579,0.157895,0.184211,0.210526,0.236842,0.263158,0.289474,0.315789,0.342105,0.368421,0.394737,0.421053,0.447368,0.473684,0.5,0.526316,0.552632,0.578947,0.605263,0.631579,0.657895,0.684211,0.710526,0.736842,0.763158,0.789474,0.815789,0.842105,0.868421,0.894737,0.921053,0.947368,0.973684,1,1,1,1,1,1,1,1,1,1,1,1,1,1,1,1,1,1,1,1,1,1,1,1,1,1,1,1,1,1,1,1,1,1,1,1,1,1,1,1,1
elec reduce soft costs,solar thermal es,,,0,0,0,0.026316,0.052632,0.078947,0.105263,0.131579,0.157895,0.184211,0.210526,0.236842,0.263158,0.289474,0.315789,0.342105,0.368421,0.394737,0.421053,0.447368,0.473684,0.5,0.526316,0.552632,0.578947,0.605263,0.631579,0.657895,0.684211,0.710526,0.736842,0.763158,0.789474,0.815789,0.842105,0.868421,0.894737,0.921053,0.947368,0.973684,1,1,1,1,1,1,1,1,1,1,1,1,1,1,1,1,1,1,1,1,1,1,1,1,1,1,1,1,1,1,1,1,1,1,1,1,1,1,1,1,1
elec reduce soft costs,biomass es,,,0,0,0,0.026316,0.052632,0.078947,0.105263,0.131579,0.157895,0.184211,0.210526,0.236842,0.263158,0.289474,0.315789,0.342105,0.368421,0.394737,0.421053,0.447368,0.473684,0.5,0.526316,0.552632,0.578947,0.605263,0.631579,0.657895,0.684211,0.710526,0.736842,0.763158,0.789474,0.815789,0.842105,0.868421,0.894737,0.921053,0.947368,0.973684,1,1,1,1,1,1,1,1,1,1,1,1,1,1,1,1,1,1,1,1,1,1,1,1,1,1,1,1,1,1,1,1,1,1,1,1,1,1,1,1,1
elec reduce soft costs,geothermal es,,,0,0,0,0.026316,0.052632,0.078947,0.105263,0.131579,0.157895,0.184211,0.210526,0.236842,0.263158,0.289474,0.315789,0.342105,0.368421,0.394737,0.421053,0.447368,0.473684,0.5,0.526316,0.552632,0.578947,0.605263,0.631579,0.657895,0.684211,0.710526,0.736842,0.763158,0.789474,0.815789,0.842105,0.868421,0.894737,0.921053,0.947368,0.973684,1,1,1,1,1,1,1,1,1,1,1,1,1,1,1,1,1,1,1,1,1,1,1,1,1,1,1,1,1,1,1,1,1,1,1,1,1,1,1,1,1
elec reduce soft costs,petroleum es,,,0,0,0,0.026316,0.052632,0.078947,0.105263,0.131579,0.157895,0.184211,0.210526,0.236842,0.263158,0.289474,0.315789,0.342105,0.368421,0.394737,0.421053,0.447368,0.473684,0.5,0.526316,0.552632,0.578947,0.605263,0.631579,0.657895,0.684211,0.710526,0.736842,0.763158,0.789474,0.815789,0.842105,0.868421,0.894737,0.921053,0.947368,0.973684,1,1,1,1,1,1,1,1,1,1,1,1,1,1,1,1,1,1,1,1,1,1,1,1,1,1,1,1,1,1,1,1,1,1,1,1,1,1,1,1,1
elec reduce soft costs,natural gas peaker es,,,0,0,0,0.026316,0.052632,0.078947,0.105263,0.131579,0.157895,0.184211,0.210526,0.236842,0.263158,0.289474,0.315789,0.342105,0.368421,0.394737,0.421053,0.447368,0.473684,0.5,0.526316,0.552632,0.578947,0.605263,0.631579,0.657895,0.684211,0.710526,0.736842,0.763158,0.789474,0.815789,0.842105,0.868421,0.894737,0.921053,0.947368,0.973684,1,1,1,1,1,1,1,1,1,1,1,1,1,1,1,1,1,1,1,1,1,1,1,1,1,1,1,1,1,1,1,1,1,1,1,1,1,1,1,1,1
elec reduce soft costs,lignite es,,,0,0,0,0.026316,0.052632,0.078947,0.105263,0.131579,0.157895,0.184211,0.210526,0.236842,0.263158,0.289474,0.315789,0.342105,0.368421,0.394737,0.421053,0.447368,0.473684,0.5,0.526316,0.552632,0.578947,0.605263,0.631579,0.657895,0.684211,0.710526,0.736842,0.763158,0.789474,0.815789,0.842105,0.868421,0.894737,0.921053,0.947368,0.973684,1,1,1,1,1,1,1,1,1,1,1,1,1,1,1,1,1,1,1,1,1,1,1,1,1,1,1,1,1,1,1,1,1,1,1,1,1,1,1,1,1
elec reduce soft costs,offshore wind es,,,0,0,0,0.026316,0.052632,0.078947,0.105263,0.131579,0.157895,0.184211,0.210526,0.236842,0.263158,0.289474,0.315789,0.342105,0.368421,0.394737,0.421053,0.447368,0.473684,0.5,0.526316,0.552632,0.578947,0.605263,0.631579,0.657895,0.684211,0.710526,0.736842,0.763158,0.789474,0.815789,0.842105,0.868421,0.894737,0.921053,0.947368,0.973684,1,1,1,1,1,1,1,1,1,1,1,1,1,1,1,1,1,1,1,1,1,1,1,1,1,1,1,1,1,1,1,1,1,1,1,1,1,1,1,1,1
elec reduce soft costs,crude oil es,,,0,0,0,0.026316,0.052632,0.078947,0.105263,0.131579,0.157895,0.184211,0.210526,0.236842,0.263158,0.289474,0.315789,0.342105,0.368421,0.394737,0.421053,0.447368,0.473684,0.5,0.526316,0.552632,0.578947,0.605263,0.631579,0.657895,0.684211,0.710526,0.736842,0.763158,0.789474,0.815789,0.842105,0.868421,0.894737,0.921053,0.947368,0.973684,1,1,1,1,1,1,1,1,1,1,1,1,1,1,1,1,1,1,1,1,1,1,1,1,1,1,1,1,1,1,1,1,1,1,1,1,1,1,1,1,1
elec reduce soft costs,heavy or residual fuel oil es,,,0,0,0,0.026316,0.052632,0.078947,0.105263,0.131579,0.157895,0.184211,0.210526,0.236842,0.263158,0.289474,0.315789,0.342105,0.368421,0.394737,0.421053,0.447368,0.473684,0.5,0.526316,0.552632,0.578947,0.605263,0.631579,0.657895,0.684211,0.710526,0.736842,0.763158,0.789474,0.815789,0.842105,0.868421,0.894737,0.921053,0.947368,0.973684,1,1,1,1,1,1,1,1,1,1,1,1,1,1,1,1,1,1,1,1,1,1,1,1,1,1,1,1,1,1,1,1,1,1,1,1,1,1,1,1,1
elec reduce soft costs,municipal solid waste es,,,0,0,0,0.026316,0.052632,0.078947,0.105263,0.131579,0.157895,0.184211,0.210526,0.236842,0.263158,0.289474,0.315789,0.342105,0.368421,0.394737,0.421053,0.447368,0.473684,0.5,0.526316,0.552632,0.578947,0.605263,0.631579,0.657895,0.684211,0.710526,0.736842,0.763158,0.789474,0.815789,0.842105,0.868421,0.894737,0.921053,0.947368,0.973684,1,1,1,1,1,1,1,1,1,1,1,1,1,1,1,1,1,1,1,1,1,1,1,1,1,1,1,1,1,1,1,1,1,1,1,1,1,1,1,1,1
elec capacity construction subsidy,hard coal es,,,0,0,0,0.026316,0.052632,0.078947,0.105263,0.131579,0.157895,0.184211,0.210526,0.236842,0.263158,0.289474,0.315789,0.342105,0.368421,0.394737,0.421053,0.447368,0.473684,0.5,0.526316,0.552632,0.578947,0.605263,0.631579,0.657895,0.684211,0.710526,0.736842,0.763158,0.789474,0.815789,0.842105,0.868421,0.894737,0.921053,0.947368,0.973684,1,1,1,1,1,1,1,1,1,1,1,1,1,1,1,1,1,1,1,1,1,1,1,1,1,1,1,1,1,1,1,1,1,1,1,1,1,1,1,1,1
elec capacity construction subsidy,natural gas nonpeaker es,,,0,0,0,0.026316,0.052632,0.078947,0.105263,0.131579,0.157895,0.184211,0.210526,0.236842,0.263158,0.289474,0.315789,0.342105,0.368421,0.394737,0.421053,0.447368,0.473684,0.5,0.526316,0.552632,0.578947,0.605263,0.631579,0.657895,0.684211,0.710526,0.736842,0.763158,0.789474,0.815789,0.842105,0.868421,0.894737,0.921053,0.947368,0.973684,1,1,1,1,1,1,1,1,1,1,1,1,1,1,1,1,1,1,1,1,1,1,1,1,1,1,1,1,1,1,1,1,1,1,1,1,1,1,1,1,1
elec capacity construction subsidy,nuclear es,,,0,0,0,0.026316,0.052632,0.078947,0.105263,0.131579,0.157895,0.184211,0.210526,0.236842,0.263158,0.289474,0.315789,0.342105,0.368421,0.394737,0.421053,0.447368,0.473684,0.5,0.526316,0.552632,0.578947,0.605263,0.631579,0.657895,0.684211,0.710526,0.736842,0.763158,0.789474,0.815789,0.842105,0.868421,0.894737,0.921053,0.947368,0.973684,1,1,1,1,1,1,1,1,1,1,1,1,1,1,1,1,1,1,1,1,1,1,1,1,1,1,1,1,1,1,1,1,1,1,1,1,1,1,1,1,1
elec capacity construction subsidy,hydro es,,,0,0,0,0.026316,0.052632,0.078947,0.105263,0.131579,0.157895,0.184211,0.210526,0.236842,0.263158,0.289474,0.315789,0.342105,0.368421,0.394737,0.421053,0.447368,0.473684,0.5,0.526316,0.552632,0.578947,0.605263,0.631579,0.657895,0.684211,0.710526,0.736842,0.763158,0.789474,0.815789,0.842105,0.868421,0.894737,0.921053,0.947368,0.973684,1,1,1,1,1,1,1,1,1,1,1,1,1,1,1,1,1,1,1,1,1,1,1,1,1,1,1,1,1,1,1,1,1,1,1,1,1,1,1,1,1
elec capacity construction subsidy,onshore wind es,,,0,0,0,0.026316,0.052632,0.078947,0.105263,0.131579,0.157895,0.184211,0.210526,0.236842,0.263158,0.289474,0.315789,0.342105,0.368421,0.394737,0.421053,0.447368,0.473684,0.5,0.526316,0.552632,0.578947,0.605263,0.631579,0.657895,0.684211,0.710526,0.736842,0.763158,0.789474,0.815789,0.842105,0.868421,0.894737,0.921053,0.947368,0.973684,1,1,1,1,1,1,1,1,1,1,1,1,1,1,1,1,1,1,1,1,1,1,1,1,1,1,1,1,1,1,1,1,1,1,1,1,1,1,1,1,1
elec capacity construction subsidy,solar PV es,,,0,0,0,0.026316,0.052632,0.078947,0.105263,0.131579,0.157895,0.184211,0.210526,0.236842,0.263158,0.289474,0.315789,0.342105,0.368421,0.394737,0.421053,0.447368,0.473684,0.5,0.526316,0.552632,0.578947,0.605263,0.631579,0.657895,0.684211,0.710526,0.736842,0.763158,0.789474,0.815789,0.842105,0.868421,0.894737,0.921053,0.947368,0.973684,1,1,1,1,1,1,1,1,1,1,1,1,1,1,1,1,1,1,1,1,1,1,1,1,1,1,1,1,1,1,1,1,1,1,1,1,1,1,1,1,1
elec capacity construction subsidy,solar thermal es,,,0,0,0,0.026316,0.052632,0.078947,0.105263,0.131579,0.157895,0.184211,0.210526,0.236842,0.263158,0.289474,0.315789,0.342105,0.368421,0.394737,0.421053,0.447368,0.473684,0.5,0.526316,0.552632,0.578947,0.605263,0.631579,0.657895,0.684211,0.710526,0.736842,0.763158,0.789474,0.815789,0.842105,0.868421,0.894737,0.921053,0.947368,0.973684,1,1,1,1,1,1,1,1,1,1,1,1,1,1,1,1,1,1,1,1,1,1,1,1,1,1,1,1,1,1,1,1,1,1,1,1,1,1,1,1,1
elec capacity construction subsidy,biomass es,,,0,0,0,0.026316,0.052632,0.078947,0.105263,0.131579,0.157895,0.184211,0.210526,0.236842,0.263158,0.289474,0.315789,0.342105,0.368421,0.394737,0.421053,0.447368,0.473684,0.5,0.526316,0.552632,0.578947,0.605263,0.631579,0.657895,0.684211,0.710526,0.736842,0.763158,0.789474,0.815789,0.842105,0.868421,0.894737,0.921053,0.947368,0.973684,1,1,1,1,1,1,1,1,1,1,1,1,1,1,1,1,1,1,1,1,1,1,1,1,1,1,1,1,1,1,1,1,1,1,1,1,1,1,1,1,1
elec capacity construction subsidy,geothermal es,,,0,0,0,0.026316,0.052632,0.078947,0.105263,0.131579,0.157895,0.184211,0.210526,0.236842,0.263158,0.289474,0.315789,0.342105,0.368421,0.394737,0.421053,0.447368,0.473684,0.5,0.526316,0.552632,0.578947,0.605263,0.631579,0.657895,0.684211,0.710526,0.736842,0.763158,0.789474,0.815789,0.842105,0.868421,0.894737,0.921053,0.947368,0.973684,1,1,1,1,1,1,1,1,1,1,1,1,1,1,1,1,1,1,1,1,1,1,1,1,1,1,1,1,1,1,1,1,1,1,1,1,1,1,1,1,1
elec capacity construction subsidy,petroleum es,,,0,0,0,0.026316,0.052632,0.078947,0.105263,0.131579,0.157895,0.184211,0.210526,0.236842,0.263158,0.289474,0.315789,0.342105,0.368421,0.394737,0.421053,0.447368,0.473684,0.5,0.526316,0.552632,0.578947,0.605263,0.631579,0.657895,0.684211,0.710526,0.736842,0.763158,0.789474,0.815789,0.842105,0.868421,0.894737,0.921053,0.947368,0.973684,1,1,1,1,1,1,1,1,1,1,1,1,1,1,1,1,1,1,1,1,1,1,1,1,1,1,1,1,1,1,1,1,1,1,1,1,1,1,1,1,1
elec capacity construction subsidy,natural gas peaker es,,,0,0,0,0.026316,0.052632,0.078947,0.105263,0.131579,0.157895,0.184211,0.210526,0.236842,0.263158,0.289474,0.315789,0.342105,0.368421,0.394737,0.421053,0.447368,0.473684,0.5,0.526316,0.552632,0.578947,0.605263,0.631579,0.657895,0.684211,0.710526,0.736842,0.763158,0.789474,0.815789,0.842105,0.868421,0.894737,0.921053,0.947368,0.973684,1,1,1,1,1,1,1,1,1,1,1,1,1,1,1,1,1,1,1,1,1,1,1,1,1,1,1,1,1,1,1,1,1,1,1,1,1,1,1,1,1
elec capacity construction subsidy,lignite es,,,0,0,0,0.026316,0.052632,0.078947,0.105263,0.131579,0.157895,0.184211,0.210526,0.236842,0.263158,0.289474,0.315789,0.342105,0.368421,0.394737,0.421053,0.447368,0.473684,0.5,0.526316,0.552632,0.578947,0.605263,0.631579,0.657895,0.684211,0.710526,0.736842,0.763158,0.789474,0.815789,0.842105,0.868421,0.894737,0.921053,0.947368,0.973684,1,1,1,1,1,1,1,1,1,1,1,1,1,1,1,1,1,1,1,1,1,1,1,1,1,1,1,1,1,1,1,1,1,1,1,1,1,1,1,1,1
elec capacity construction subsidy,offshore wind es,,,0,0,0,0.026316,0.052632,0.078947,0.105263,0.131579,0.157895,0.184211,0.210526,0.236842,0.263158,0.289474,0.315789,0.342105,0.368421,0.394737,0.421053,0.447368,0.473684,0.5,0.526316,0.552632,0.578947,0.605263,0.631579,0.657895,0.684211,0.710526,0.736842,0.763158,0.789474,0.815789,0.842105,0.868421,0.894737,0.921053,0.947368,0.973684,1,1,1,1,1,1,1,1,1,1,1,1,1,1,1,1,1,1,1,1,1,1,1,1,1,1,1,1,1,1,1,1,1,1,1,1,1,1,1,1,1
elec capacity construction subsidy,crude oil es,,,0,0,0,0.026316,0.052632,0.078947,0.105263,0.131579,0.157895,0.184211,0.210526,0.236842,0.263158,0.289474,0.315789,0.342105,0.368421,0.394737,0.421053,0.447368,0.473684,0.5,0.526316,0.552632,0.578947,0.605263,0.631579,0.657895,0.684211,0.710526,0.736842,0.763158,0.789474,0.815789,0.842105,0.868421,0.894737,0.921053,0.947368,0.973684,1,1,1,1,1,1,1,1,1,1,1,1,1,1,1,1,1,1,1,1,1,1,1,1,1,1,1,1,1,1,1,1,1,1,1,1,1,1,1,1,1
elec capacity construction subsidy,heavy or residual fuel oil es,,,0,0,0,0.026316,0.052632,0.078947,0.105263,0.131579,0.157895,0.184211,0.210526,0.236842,0.263158,0.289474,0.315789,0.342105,0.368421,0.394737,0.421053,0.447368,0.473684,0.5,0.526316,0.552632,0.578947,0.605263,0.631579,0.657895,0.684211,0.710526,0.736842,0.763158,0.789474,0.815789,0.842105,0.868421,0.894737,0.921053,0.947368,0.973684,1,1,1,1,1,1,1,1,1,1,1,1,1,1,1,1,1,1,1,1,1,1,1,1,1,1,1,1,1,1,1,1,1,1,1,1,1,1,1,1,1
elec capacity construction subsidy,municipal solid waste es,,,0,0,0,0.026316,0.052632,0.078947,0.105263,0.131579,0.157895,0.184211,0.210526,0.236842,0.263158,0.289474,0.315789,0.342105,0.368421,0.394737,0.421053,0.447368,0.473684,0.5,0.526316,0.552632,0.578947,0.605263,0.631579,0.657895,0.684211,0.710526,0.736842,0.763158,0.789474,0.815789,0.842105,0.868421,0.894737,0.921053,0.947368,0.973684,1,1,1,1,1,1,1,1,1,1,1,1,1,1,1,1,1,1,1,1,1,1,1,1,1,1,1,1,1,1,1,1,1,1,1,1,1,1,1,1,1
elec non BAU retirement schedule,hard coal es,,,1,1,1,1,1,1,1,1,1,1,1,1,1,1,1,1,1,1,1,1,1,1,1,1,1,1,1,1,1,1,1,1,1,1,1,1,1,1,1,1,1,1,1,1,1,1,1,1,1,1,1,1,1,1,1,1,1,1,1,1,1,1,1,1,1,1,1,1,1,1,1,1,1,1,1,1,1,1,1,1,1
elec non BAU retirement schedule,natural gas nonpeaker es,,,1,1,1,1,1,1,1,1,1,1,1,1,1,1,1,1,1,1,1,1,1,1,1,1,1,1,1,1,1,1,1,1,1,1,1,1,1,1,1,1,1,1,1,1,1,1,1,1,1,1,1,1,1,1,1,1,1,1,1,1,1,1,1,1,1,1,1,1,1,1,1,1,1,1,1,1,1,1,1,1,1
elec non BAU retirement schedule,nuclear es,,,1,1,1,1,1,1,1,1,1,1,1,1,1,1,1,1,1,1,1,1,1,1,1,1,1,1,1,1,1,1,1,1,1,1,1,1,1,1,1,1,1,1,1,1,1,1,1,1,1,1,1,1,1,1,1,1,1,1,1,1,1,1,1,1,1,1,1,1,1,1,1,1,1,1,1,1,1,1,1,1,1
elec non BAU retirement schedule,hydro es,,,1,1,1,1,1,1,1,1,1,1,1,1,1,1,1,1,1,1,1,1,1,1,1,1,1,1,1,1,1,1,1,1,1,1,1,1,1,1,1,1,1,1,1,1,1,1,1,1,1,1,1,1,1,1,1,1,1,1,1,1,1,1,1,1,1,1,1,1,1,1,1,1,1,1,1,1,1,1,1,1,1
elec non BAU retirement schedule,onshore wind es,,,1,1,1,1,1,1,1,1,1,1,1,1,1,1,1,1,1,1,1,1,1,1,1,1,1,1,1,1,1,1,1,1,1,1,1,1,1,1,1,1,1,1,1,1,1,1,1,1,1,1,1,1,1,1,1,1,1,1,1,1,1,1,1,1,1,1,1,1,1,1,1,1,1,1,1,1,1,1,1,1,1
elec non BAU retirement schedule,solar PV es,,,1,1,1,1,1,1,1,1,1,1,1,1,1,1,1,1,1,1,1,1,1,1,1,1,1,1,1,1,1,1,1,1,1,1,1,1,1,1,1,1,1,1,1,1,1,1,1,1,1,1,1,1,1,1,1,1,1,1,1,1,1,1,1,1,1,1,1,1,1,1,1,1,1,1,1,1,1,1,1,1,1
elec non BAU retirement schedule,solar thermal es,,,1,1,1,1,1,1,1,1,1,1,1,1,1,1,1,1,1,1,1,1,1,1,1,1,1,1,1,1,1,1,1,1,1,1,1,1,1,1,1,1,1,1,1,1,1,1,1,1,1,1,1,1,1,1,1,1,1,1,1,1,1,1,1,1,1,1,1,1,1,1,1,1,1,1,1,1,1,1,1,1,1
elec non BAU retirement schedule,biomass es,,,1,1,1,1,1,1,1,1,1,1,1,1,1,1,1,1,1,1,1,1,1,1,1,1,1,1,1,1,1,1,1,1,1,1,1,1,1,1,1,1,1,1,1,1,1,1,1,1,1,1,1,1,1,1,1,1,1,1,1,1,1,1,1,1,1,1,1,1,1,1,1,1,1,1,1,1,1,1,1,1,1
elec non BAU retirement schedule,geothermal es,,,1,1,1,1,1,1,1,1,1,1,1,1,1,1,1,1,1,1,1,1,1,1,1,1,1,1,1,1,1,1,1,1,1,1,1,1,1,1,1,1,1,1,1,1,1,1,1,1,1,1,1,1,1,1,1,1,1,1,1,1,1,1,1,1,1,1,1,1,1,1,1,1,1,1,1,1,1,1,1,1,1
elec non BAU retirement schedule,petroleum es,,,1,1,1,1,1,1,1,1,1,1,1,1,1,1,1,1,1,1,1,1,1,1,1,1,1,1,1,1,1,1,1,1,1,1,1,1,1,1,1,1,1,1,1,1,1,1,1,1,1,1,1,1,1,1,1,1,1,1,1,1,1,1,1,1,1,1,1,1,1,1,1,1,1,1,1,1,1,1,1,1,1
elec non BAU retirement schedule,natural gas peaker es,,,1,1,1,1,1,1,1,1,1,1,1,1,1,1,1,1,1,1,1,1,1,1,1,1,1,1,1,1,1,1,1,1,1,1,1,1,1,1,1,1,1,1,1,1,1,1,1,1,1,1,1,1,1,1,1,1,1,1,1,1,1,1,1,1,1,1,1,1,1,1,1,1,1,1,1,1,1,1,1,1,1
elec non BAU retirement schedule,lignite es,,,1,1,1,1,1,1,1,1,1,1,1,1,1,1,1,1,1,1,1,1,1,1,1,1,1,1,1,1,1,1,1,1,1,1,1,1,1,1,1,1,1,1,1,1,1,1,1,1,1,1,1,1,1,1,1,1,1,1,1,1,1,1,1,1,1,1,1,1,1,1,1,1,1,1,1,1,1,1,1,1,1
elec non BAU retirement schedule,offshore wind es,,,1,1,1,1,1,1,1,1,1,1,1,1,1,1,1,1,1,1,1,1,1,1,1,1,1,1,1,1,1,1,1,1,1,1,1,1,1,1,1,1,1,1,1,1,1,1,1,1,1,1,1,1,1,1,1,1,1,1,1,1,1,1,1,1,1,1,1,1,1,1,1,1,1,1,1,1,1,1,1,1,1
elec non BAU retirement schedule,crude oil es,,,1,1,1,1,1,1,1,1,1,1,1,1,1,1,1,1,1,1,1,1,1,1,1,1,1,1,1,1,1,1,1,1,1,1,1,1,1,1,1,1,1,1,1,1,1,1,1,1,1,1,1,1,1,1,1,1,1,1,1,1,1,1,1,1,1,1,1,1,1,1,1,1,1,1,1,1,1,1,1,1,1
elec non BAU retirement schedule,heavy or residual fuel oil es,,,1,1,1,1,1,1,1,1,1,1,1,1,1,1,1,1,1,1,1,1,1,1,1,1,1,1,1,1,1,1,1,1,1,1,1,1,1,1,1,1,1,1,1,1,1,1,1,1,1,1,1,1,1,1,1,1,1,1,1,1,1,1,1,1,1,1,1,1,1,1,1,1,1,1,1,1,1,1,1,1,1
elec non BAU retirement schedule,municipal solid waste es,,,1,1,1,1,1,1,1,1,1,1,1,1,1,1,1,1,1,1,1,1,1,1,1,1,1,1,1,1,1,1,1,1,1,1,1,1,1,1,1,1,1,1,1,1,1,1,1,1,1,1,1,1,1,1,1,1,1,1,1,1,1,1,1,1,1,1,1,1,1,1,1,1,1,1,1,1,1,1,1,1,1
elec CCS,hard coal es,,,0,0.0025,0.0033,0.00373,0.004762,0.005377,0.006221,0.007065,0.012382,0.019384,0.028567,0.056074,0.076012,0.101329,0.133012,0.171954,0.218768,0.27357,0.335761,0.403901,0.475741,0.548476,0.619159,0.685164,0.744546,0.796204,0.839846,0.875812,0.904852,0.927914,0.945989,0.960009,0.970798,0.979048,0.985328,0.99009,0.993691,0.99641,0.998458,1,1,1,1,1,1,1,1,1,1,1,1,1,1,1,1,1,1,1,1,1,1,1,1,1,1,1,1,1,1,1,1,1,1,1,1,1,1,1,1,1,1
elec CCS,natural gas nonpeaker es,,,0,0,0,0.026316,0.052632,0.078947,0.105263,0.131579,0.157895,0.184211,0.210526,0.236842,0.263158,0.289474,0.315789,0.342105,0.368421,0.394737,0.421053,0.447368,0.473684,0.5,0.526316,0.552632,0.578947,0.605263,0.631579,0.657895,0.684211,0.710526,0.736842,0.763158,0.789474,0.815789,0.842105,0.868421,0.894737,0.921053,0.947368,0.973684,1,1,1,1,1,1,1,1,1,1,1,1,1,1,1,1,1,1,1,1,1,1,1,1,1,1,1,1,1,1,1,1,1,1,1,1,1,1,1,1,1
elec CCS,nuclear es,,,0,0,0,0.026316,0.052632,0.078947,0.105263,0.131579,0.157895,0.184211,0.210526,0.236842,0.263158,0.289474,0.315789,0.342105,0.368421,0.394737,0.421053,0.447368,0.473684,0.5,0.526316,0.552632,0.578947,0.605263,0.631579,0.657895,0.684211,0.710526,0.736842,0.763158,0.789474,0.815789,0.842105,0.868421,0.894737,0.921053,0.947368,0.973684,1,1,1,1,1,1,1,1,1,1,1,1,1,1,1,1,1,1,1,1,1,1,1,1,1,1,1,1,1,1,1,1,1,1,1,1,1,1,1,1,1
elec CCS,hydro es,,,0,0,0,0.026316,0.052632,0.078947,0.105263,0.131579,0.157895,0.184211,0.210526,0.236842,0.263158,0.289474,0.315789,0.342105,0.368421,0.394737,0.421053,0.447368,0.473684,0.5,0.526316,0.552632,0.578947,0.605263,0.631579,0.657895,0.684211,0.710526,0.736842,0.763158,0.789474,0.815789,0.842105,0.868421,0.894737,0.921053,0.947368,0.973684,1,1,1,1,1,1,1,1,1,1,1,1,1,1,1,1,1,1,1,1,1,1,1,1,1,1,1,1,1,1,1,1,1,1,1,1,1,1,1,1,1
elec CCS,onshore wind es,,,0,0,0,0.026316,0.052632,0.078947,0.105263,0.131579,0.157895,0.184211,0.210526,0.236842,0.263158,0.289474,0.315789,0.342105,0.368421,0.394737,0.421053,0.447368,0.473684,0.5,0.526316,0.552632,0.578947,0.605263,0.631579,0.657895,0.684211,0.710526,0.736842,0.763158,0.789474,0.815789,0.842105,0.868421,0.894737,0.921053,0.947368,0.973684,1,1,1,1,1,1,1,1,1,1,1,1,1,1,1,1,1,1,1,1,1,1,1,1,1,1,1,1,1,1,1,1,1,1,1,1,1,1,1,1,1
elec CCS,solar PV es,,,0,0,0,0.026316,0.052632,0.078947,0.105263,0.131579,0.157895,0.184211,0.210526,0.236842,0.263158,0.289474,0.315789,0.342105,0.368421,0.394737,0.421053,0.447368,0.473684,0.5,0.526316,0.552632,0.578947,0.605263,0.631579,0.657895,0.684211,0.710526,0.736842,0.763158,0.789474,0.815789,0.842105,0.868421,0.894737,0.921053,0.947368,0.973684,1,1,1,1,1,1,1,1,1,1,1,1,1,1,1,1,1,1,1,1,1,1,1,1,1,1,1,1,1,1,1,1,1,1,1,1,1,1,1,1,1
elec CCS,solar thermal es,,,0,0,0,0.026316,0.052632,0.078947,0.105263,0.131579,0.157895,0.184211,0.210526,0.236842,0.263158,0.289474,0.315789,0.342105,0.368421,0.394737,0.421053,0.447368,0.473684,0.5,0.526316,0.552632,0.578947,0.605263,0.631579,0.657895,0.684211,0.710526,0.736842,0.763158,0.789474,0.815789,0.842105,0.868421,0.894737,0.921053,0.947368,0.973684,1,1,1,1,1,1,1,1,1,1,1,1,1,1,1,1,1,1,1,1,1,1,1,1,1,1,1,1,1,1,1,1,1,1,1,1,1,1,1,1,1
elec CCS,biomass es,,,0,0,0,0.026316,0.052632,0.078947,0.105263,0.131579,0.157895,0.184211,0.210526,0.236842,0.263158,0.289474,0.315789,0.342105,0.368421,0.394737,0.421053,0.447368,0.473684,0.5,0.526316,0.552632,0.578947,0.605263,0.631579,0.657895,0.684211,0.710526,0.736842,0.763158,0.789474,0.815789,0.842105,0.868421,0.894737,0.921053,0.947368,0.973684,1,1,1,1,1,1,1,1,1,1,1,1,1,1,1,1,1,1,1,1,1,1,1,1,1,1,1,1,1,1,1,1,1,1,1,1,1,1,1,1,1
elec CCS,geothermal es,,,0,0,0,0.026316,0.052632,0.078947,0.105263,0.131579,0.157895,0.184211,0.210526,0.236842,0.263158,0.289474,0.315789,0.342105,0.368421,0.394737,0.421053,0.447368,0.473684,0.5,0.526316,0.552632,0.578947,0.605263,0.631579,0.657895,0.684211,0.710526,0.736842,0.763158,0.789474,0.815789,0.842105,0.868421,0.894737,0.921053,0.947368,0.973684,1,1,1,1,1,1,1,1,1,1,1,1,1,1,1,1,1,1,1,1,1,1,1,1,1,1,1,1,1,1,1,1,1,1,1,1,1,1,1,1,1
elec CCS,petroleum es,,,0,0,0,0.026316,0.052632,0.078947,0.105263,0.131579,0.157895,0.184211,0.210526,0.236842,0.263158,0.289474,0.315789,0.342105,0.368421,0.394737,0.421053,0.447368,0.473684,0.5,0.526316,0.552632,0.578947,0.605263,0.631579,0.657895,0.684211,0.710526,0.736842,0.763158,0.789474,0.815789,0.842105,0.868421,0.894737,0.921053,0.947368,0.973684,1,1,1,1,1,1,1,1,1,1,1,1,1,1,1,1,1,1,1,1,1,1,1,1,1,1,1,1,1,1,1,1,1,1,1,1,1,1,1,1,1
elec CCS,natural gas peaker es,,,0,0,0,0.026316,0.052632,0.078947,0.105263,0.131579,0.157895,0.184211,0.210526,0.236842,0.263158,0.289474,0.315789,0.342105,0.368421,0.394737,0.421053,0.447368,0.473684,0.5,0.526316,0.552632,0.578947,0.605263,0.631579,0.657895,0.684211,0.710526,0.736842,0.763158,0.789474,0.815789,0.842105,0.868421,0.894737,0.921053,0.947368,0.973684,1,1,1,1,1,1,1,1,1,1,1,1,1,1,1,1,1,1,1,1,1,1,1,1,1,1,1,1,1,1,1,1,1,1,1,1,1,1,1,1,1
elec CCS,lignite es,,,0,0.0025,0.0033,0.00373,0.004762,0.005377,0.006221,0.007065,0.012382,0.019384,0.028567,0.056074,0.076012,0.101329,0.133012,0.171954,0.218768,0.27357,0.335761,0.403901,0.475741,0.548476,0.619159,0.685164,0.744546,0.796204,0.839846,0.875812,0.904852,0.927914,0.945989,0.960009,0.970798,0.979048,0.985328,0.99009,0.993691,0.99641,0.998458,1,1,1,1,1,1,1,1,1,1,1,1,1,1,1,1,1,1,1,1,1,1,1,1,1,1,1,1,1,1,1,1,1,1,1,1,1,1,1,1,1,1
elec CCS,offshore wind es,,,0,0,0,0.026316,0.052632,0.078947,0.105263,0.131579,0.157895,0.184211,0.210526,0.236842,0.263158,0.289474,0.315789,0.342105,0.368421,0.394737,0.421053,0.447368,0.473684,0.5,0.526316,0.552632,0.578947,0.605263,0.631579,0.657895,0.684211,0.710526,0.736842,0.763158,0.789474,0.815789,0.842105,0.868421,0.894737,0.921053,0.947368,0.973684,1,1,1,1,1,1,1,1,1,1,1,1,1,1,1,1,1,1,1,1,1,1,1,1,1,1,1,1,1,1,1,1,1,1,1,1,1,1,1,1,1
elec CCS,crude oil es,,,0,0,0,0.026316,0.052632,0.078947,0.105263,0.131579,0.157895,0.184211,0.210526,0.236842,0.263158,0.289474,0.315789,0.342105,0.368421,0.394737,0.421053,0.447368,0.473684,0.5,0.526316,0.552632,0.578947,0.605263,0.631579,0.657895,0.684211,0.710526,0.736842,0.763158,0.789474,0.815789,0.842105,0.868421,0.894737,0.921053,0.947368,0.973684,1,1,1,1,1,1,1,1,1,1,1,1,1,1,1,1,1,1,1,1,1,1,1,1,1,1,1,1,1,1,1,1,1,1,1,1,1,1,1,1,1
elec CCS,heavy or residual fuel oil es,,,0,0,0,0.026316,0.052632,0.078947,0.105263,0.131579,0.157895,0.184211,0.210526,0.236842,0.263158,0.289474,0.315789,0.342105,0.368421,0.394737,0.421053,0.447368,0.473684,0.5,0.526316,0.552632,0.578947,0.605263,0.631579,0.657895,0.684211,0.710526,0.736842,0.763158,0.789474,0.815789,0.842105,0.868421,0.894737,0.921053,0.947368,0.973684,1,1,1,1,1,1,1,1,1,1,1,1,1,1,1,1,1,1,1,1,1,1,1,1,1,1,1,1,1,1,1,1,1,1,1,1,1,1,1,1,1
elec CCS,municipal solid waste es,,,0,0,0,0.026316,0.052632,0.078947,0.105263,0.131579,0.157895,0.184211,0.210526,0.236842,0.263158,0.289474,0.315789,0.342105,0.368421,0.394737,0.421053,0.447368,0.473684,0.5,0.526316,0.552632,0.578947,0.605263,0.631579,0.657895,0.684211,0.710526,0.736842,0.763158,0.789474,0.815789,0.842105,0.868421,0.894737,0.921053,0.947368,0.973684,1,1,1,1,1,1,1,1,1,1,1,1,1,1,1,1,1,1,1,1,1,1,1,1,1,1,1,1,1,1,1,1,1,1,1,1,1,1,1,1,1
bldgs rebate,heating,,,0,0,0,0.026316,0.052632,0.078947,0.105263,0.131579,0.157895,0.184211,0.210526,0.236842,0.263158,0.289474,0.315789,0.342105,0.368421,0.394737,0.421053,0.447368,0.473684,0.5,0.526316,0.552632,0.578947,0.605263,0.631579,0.657895,0.684211,0.710526,0.736842,0.763158,0.789474,0.815789,0.842105,0.868421,0.894737,0.921053,0.947368,0.973684,1,1,1,1,1,1,1,1,1,1,1,1,1,1,1,1,1,1,1,1,1,1,1,1,1,1,1,1,1,1,1,1,1,1,1,1,1,1,1,1,1
bldgs rebate,cooling and ventilation,,,0,0,0,0.026316,0.052632,0.078947,0.105263,0.131579,0.157895,0.184211,0.210526,0.236842,0.263158,0.289474,0.315789,0.342105,0.368421,0.394737,0.421053,0.447368,0.473684,0.5,0.526316,0.552632,0.578947,0.605263,0.631579,0.657895,0.684211,0.710526,0.736842,0.763158,0.789474,0.815789,0.842105,0.868421,0.894737,0.921053,0.947368,0.973684,1,1,1,1,1,1,1,1,1,1,1,1,1,1,1,1,1,1,1,1,1,1,1,1,1,1,1,1,1,1,1,1,1,1,1,1,1,1,1,1,1
bldgs rebate,envelope,,,0,0,0,0.026316,0.052632,0.078947,0.105263,0.131579,0.157895,0.184211,0.210526,0.236842,0.263158,0.289474,0.315789,0.342105,0.368421,0.394737,0.421053,0.447368,0.473684,0.5,0.526316,0.552632,0.578947,0.605263,0.631579,0.657895,0.684211,0.710526,0.736842,0.763158,0.789474,0.815789,0.842105,0.868421,0.894737,0.921053,0.947368,0.973684,1,1,1,1,1,1,1,1,1,1,1,1,1,1,1,1,1,1,1,1,1,1,1,1,1,1,1,1,1,1,1,1,1,1,1,1,1,1,1,1,1
bldgs rebate,lighting,,,0,0,0,0.026316,0.052632,0.078947,0.105263,0.131579,0.157895,0.184211,0.210526,0.236842,0.263158,0.289474,0.315789,0.342105,0.368421,0.394737,0.421053,0.447368,0.473684,0.5,0.526316,0.552632,0.578947,0.605263,0.631579,0.657895,0.684211,0.710526,0.736842,0.763158,0.789474,0.815789,0.842105,0.868421,0.894737,0.921053,0.947368,0.973684,1,1,1,1,1,1,1,1,1,1,1,1,1,1,1,1,1,1,1,1,1,1,1,1,1,1,1,1,1,1,1,1,1,1,1,1,1,1,1,1,1
bldgs rebate,appliances,,,0,0,0,0.026316,0.052632,0.078947,0.105263,0.131579,0.157895,0.184211,0.210526,0.236842,0.263158,0.289474,0.315789,0.342105,0.368421,0.394737,0.421053,0.447368,0.473684,0.5,0.526316,0.552632,0.578947,0.605263,0.631579,0.657895,0.684211,0.710526,0.736842,0.763158,0.789474,0.815789,0.842105,0.868421,0.894737,0.921053,0.947368,0.973684,1,1,1,1,1,1,1,1,1,1,1,1,1,1,1,1,1,1,1,1,1,1,1,1,1,1,1,1,1,1,1,1,1,1,1,1,1,1,1,1,1
bldgs rebate,other component,,,0,0,0,0.026316,0.052632,0.078947,0.105263,0.131579,0.157895,0.184211,0.210526,0.236842,0.263158,0.289474,0.315789,0.342105,0.368421,0.394737,0.421053,0.447368,0.473684,0.5,0.526316,0.552632,0.578947,0.605263,0.631579,0.657895,0.684211,0.710526,0.736842,0.763158,0.789474,0.815789,0.842105,0.868421,0.894737,0.921053,0.947368,0.973684,1,1,1,1,1,1,1,1,1,1,1,1,1,1,1,1,1,1,1,1,1,1,1,1,1,1,1,1,1,1,1,1,1,1,1,1,1,1,1,1,1
bldgs efficiency standards,heating,urban residential,,0,0.025,0.05,0.075,0.1,0.125,0.22,0.315,0.41,0.505,0.6,0.613333,0.626667,0.64,0.653333,0.666667,0.68,0.693333,0.706667,0.72,0.733333,0.746667,0.76,0.773333,0.786667,0.8,0.813333,0.826667,0.84,0.853333,0.866667,0.88,0.893333,0.906667,0.92,0.933333,0.946667,0.96,0.973333,0.986667,1,1,1,1,1,1,1,1,1,1,1,1,1,1,1,1,1,1,1,1,1,1,1,1,1,1,1,1,1,1,1,1,1,1,1,1,1,1,1,1,1
bldgs efficiency standards,heating,rural residential,,0,0.025,0.05,0.075,0.1,0.125,0.19,0.255,0.32,0.385,0.45,0.468333,0.486667,0.505,0.523333,0.541667,0.56,0.578333,0.596667,0.615,0.633333,0.651667,0.67,0.688333,0.706667,0.725,0.743333,0.761667,0.78,0.798333,0.816667,0.835,0.853333,0.871667,0.89,0.908333,0.926667,0.945,0.963333,0.981667,1,1,1,1,1,1,1,1,1,1,1,1,1,1,1,1,1,1,1,1,1,1,1,1,1,1,1,1,1,1,1,1,1,1,1,1,1,1,1,1,1
bldgs efficiency standards,heating,commercial,,0,0.025,0.05,0.075,0.1,0.125,0.21,0.295,0.38,0.465,0.55,0.565,0.58,0.595,0.61,0.625,0.64,0.655,0.67,0.685,0.7,0.715,0.73,0.745,0.76,0.775,0.79,0.805,0.82,0.835,0.85,0.865,0.88,0.895,0.91,0.925,0.94,0.955,0.97,0.985,1,1,1,1,1,1,1,1,1,1,1,1,1,1,1,1,1,1,1,1,1,1,1,1,1,1,1,1,1,1,1,1,1,1,1,1,1,1,1,1,1
bldgs efficiency standards,cooling and ventilation,urban residential,,0,0.025,0.05,0.075,0.1,0.125,0.22,0.315,0.41,0.505,0.6,0.613333,0.626667,0.64,0.653333,0.666667,0.68,0.693333,0.706667,0.72,0.733333,0.746667,0.76,0.773333,0.786667,0.8,0.813333,0.826667,0.84,0.853333,0.866667,0.88,0.893333,0.906667,0.92,0.933333,0.946667,0.96,0.973333,0.986667,1,1,1,1,1,1,1,1,1,1,1,1,1,1,1,1,1,1,1,1,1,1,1,1,1,1,1,1,1,1,1,1,1,1,1,1,1,1,1,1,1
bldgs efficiency standards,cooling and ventilation,rural residential,,0,0.025,0.05,0.075,0.1,0.125,0.19,0.255,0.32,0.385,0.45,0.468333,0.486667,0.505,0.523333,0.541667,0.56,0.578333,0.596667,0.615,0.633333,0.651667,0.67,0.688333,0.706667,0.725,0.743333,0.761667,0.78,0.798333,0.816667,0.835,0.853333,0.871667,0.89,0.908333,0.926667,0.945,0.963333,0.981667,1,1,1,1,1,1,1,1,1,1,1,1,1,1,1,1,1,1,1,1,1,1,1,1,1,1,1,1,1,1,1,1,1,1,1,1,1,1,1,1,1
bldgs efficiency standards,cooling and ventilation,commercial,,0,0.025,0.05,0.075,0.1,0.125,0.21,0.295,0.38,0.465,0.55,0.565,0.58,0.595,0.61,0.625,0.64,0.655,0.67,0.685,0.7,0.715,0.73,0.745,0.76,0.775,0.79,0.805,0.82,0.835,0.85,0.865,0.88,0.895,0.91,0.925,0.94,0.955,0.97,0.985,1,1,1,1,1,1,1,1,1,1,1,1,1,1,1,1,1,1,1,1,1,1,1,1,1,1,1,1,1,1,1,1,1,1,1,1,1,1,1,1,1
bldgs efficiency standards,envelope,urban residential,,0,0,0,0.026316,0.052632,0.078947,0.105263,0.131579,0.157895,0.184211,0.210526,0.236842,0.263158,0.289474,0.315789,0.342105,0.368421,0.394737,0.421053,0.447368,0.473684,0.5,0.526316,0.552632,0.578947,0.605263,0.631579,0.657895,0.684211,0.710526,0.736842,0.763158,0.789474,0.815789,0.842105,0.868421,0.894737,0.921053,0.947368,0.973684,1,1,1,1,1,1,1,1,1,1,1,1,1,1,1,1,1,1,1,1,1,1,1,1,1,1,1,1,1,1,1,1,1,1,1,1,1,1,1,1,1
bldgs efficiency standards,envelope,rural residential,,0,0,0,0.026316,0.052632,0.078947,0.105263,0.131579,0.157895,0.184211,0.210526,0.236842,0.263158,0.289474,0.315789,0.342105,0.368421,0.394737,0.421053,0.447368,0.473684,0.5,0.526316,0.552632,0.578947,0.605263,0.631579,0.657895,0.684211,0.710526,0.736842,0.763158,0.789474,0.815789,0.842105,0.868421,0.894737,0.921053,0.947368,0.973684,1,1,1,1,1,1,1,1,1,1,1,1,1,1,1,1,1,1,1,1,1,1,1,1,1,1,1,1,1,1,1,1,1,1,1,1,1,1,1,1,1
bldgs efficiency standards,envelope,commercial,,0,0,0,0.026316,0.052632,0.078947,0.105263,0.131579,0.157895,0.184211,0.210526,0.236842,0.263158,0.289474,0.315789,0.342105,0.368421,0.394737,0.421053,0.447368,0.473684,0.5,0.526316,0.552632,0.578947,0.605263,0.631579,0.657895,0.684211,0.710526,0.736842,0.763158,0.789474,0.815789,0.842105,0.868421,0.894737,0.921053,0.947368,0.973684,1,1,1,1,1,1,1,1,1,1,1,1,1,1,1,1,1,1,1,1,1,1,1,1,1,1,1,1,1,1,1,1,1,1,1,1,1,1,1,1,1
bldgs efficiency standards,lighting,urban residential,,0,0.025,0.05,0.075,0.1,0.125,0.22,0.315,0.41,0.505,0.6,0.613333,0.626667,0.64,0.653333,0.666667,0.68,0.693333,0.706667,0.72,0.733333,0.746667,0.76,0.773333,0.786667,0.8,0.813333,0.826667,0.84,0.853333,0.866667,0.88,0.893333,0.906667,0.92,0.933333,0.946667,0.96,0.973333,0.986667,1,1,1,1,1,1,1,1,1,1,1,1,1,1,1,1,1,1,1,1,1,1,1,1,1,1,1,1,1,1,1,1,1,1,1,1,1,1,1,1,1
bldgs efficiency standards,lighting,rural residential,,0,0.025,0.05,0.075,0.1,0.125,0.19,0.255,0.32,0.385,0.45,0.468333,0.486667,0.505,0.523333,0.541667,0.56,0.578333,0.596667,0.615,0.633333,0.651667,0.67,0.688333,0.706667,0.725,0.743333,0.761667,0.78,0.798333,0.816667,0.835,0.853333,0.871667,0.89,0.908333,0.926667,0.945,0.963333,0.981667,1,1,1,1,1,1,1,1,1,1,1,1,1,1,1,1,1,1,1,1,1,1,1,1,1,1,1,1,1,1,1,1,1,1,1,1,1,1,1,1,1
bldgs efficiency standards,lighting,commercial,,0,0.025,0.05,0.075,0.1,0.125,0.21,0.295,0.38,0.465,0.55,0.565,0.58,0.595,0.61,0.625,0.64,0.655,0.67,0.685,0.7,0.715,0.73,0.745,0.76,0.775,0.79,0.805,0.82,0.835,0.85,0.865,0.88,0.895,0.91,0.925,0.94,0.955,0.97,0.985,1,1,1,1,1,1,1,1,1,1,1,1,1,1,1,1,1,1,1,1,1,1,1,1,1,1,1,1,1,1,1,1,1,1,1,1,1,1,1,1,1
bldgs efficiency standards,appliances,urban residential,,0,0.025,0.05,0.075,0.1,0.125,0.22,0.315,0.41,0.505,0.6,0.613333,0.626667,0.64,0.653333,0.666667,0.68,0.693333,0.706667,0.72,0.733333,0.746667,0.76,0.773333,0.786667,0.8,0.813333,0.826667,0.84,0.853333,0.866667,0.88,0.893333,0.906667,0.92,0.933333,0.946667,0.96,0.973333,0.986667,1,1,1,1,1,1,1,1,1,1,1,1,1,1,1,1,1,1,1,1,1,1,1,1,1,1,1,1,1,1,1,1,1,1,1,1,1,1,1,1,1
bldgs efficiency standards,appliances,rural residential,,0,0.025,0.05,0.075,0.1,0.125,0.19,0.255,0.32,0.385,0.45,0.468333,0.486667,0.505,0.523333,0.541667,0.56,0.578333,0.596667,0.615,0.633333,0.651667,0.67,0.688333,0.706667,0.725,0.743333,0.761667,0.78,0.798333,0.816667,0.835,0.853333,0.871667,0.89,0.908333,0.926667,0.945,0.963333,0.981667,1,1,1,1,1,1,1,1,1,1,1,1,1,1,1,1,1,1,1,1,1,1,1,1,1,1,1,1,1,1,1,1,1,1,1,1,1,1,1,1,1
bldgs efficiency standards,appliances,commercial,,0,0.025,0.05,0.075,0.1,0.125,0.21,0.295,0.38,0.465,0.55,0.565,0.58,0.595,0.61,0.625,0.64,0.655,0.67,0.685,0.7,0.715,0.73,0.745,0.76,0.775,0.79,0.805,0.82,0.835,0.85,0.865,0.88,0.895,0.91,0.925,0.94,0.955,0.97,0.985,1,1,1,1,1,1,1,1,1,1,1,1,1,1,1,1,1,1,1,1,1,1,1,1,1,1,1,1,1,1,1,1,1,1,1,1,1,1,1,1,1
bldgs efficiency standards,other component,urban residential,,0,0.025,0.05,0.075,0.1,0.125,0.22,0.315,0.41,0.505,0.6,0.613333,0.626667,0.64,0.653333,0.666667,0.68,0.693333,0.706667,0.72,0.733333,0.746667,0.76,0.773333,0.786667,0.8,0.813333,0.826667,0.84,0.853333,0.866667,0.88,0.893333,0.906667,0.92,0.933333,0.946667,0.96,0.973333,0.986667,1,1,1,1,1,1,1,1,1,1,1,1,1,1,1,1,1,1,1,1,1,1,1,1,1,1,1,1,1,1,1,1,1,1,1,1,1,1,1,1,1
bldgs efficiency standards,other component,rural residential,,0,0.025,0.05,0.075,0.1,0.125,0.19,0.255,0.32,0.385,0.45,0.468333,0.486667,0.505,0.523333,0.541667,0.56,0.578333,0.596667,0.615,0.633333,0.651667,0.67,0.688333,0.706667,0.725,0.743333,0.761667,0.78,0.798333,0.816667,0.835,0.853333,0.871667,0.89,0.908333,0.926667,0.945,0.963333,0.981667,1,1,1,1,1,1,1,1,1,1,1,1,1,1,1,1,1,1,1,1,1,1,1,1,1,1,1,1,1,1,1,1,1,1,1,1,1,1,1,1,1
bldgs efficiency standards,other component,commercial,,0,0.025,0.05,0.075,0.1,0.125,0.21,0.295,0.38,0.465,0.55,0.565,0.58,0.595,0.61,0.625,0.64,0.655,0.67,0.685,0.7,0.715,0.73,0.745,0.76,0.775,0.79,0.805,0.82,0.835,0.85,0.865,0.88,0.895,0.91,0.925,0.94,0.955,0.97,0.985,1,1,1,1,1,1,1,1,1,1,1,1,1,1,1,1,1,1,1,1,1,1,1,1,1,1,1,1,1,1,1,1,1,1,1,1,1,1,1,1,1
bldgs device labeling,,,,0,0,0,0.026316,0.052632,0.078947,0.105263,0.131579,0.157895,0.184211,0.210526,0.236842,0.263158,0.289474,0.315789,0.342105,0.368421,0.394737,0.421053,0.447368,0.473684,0.5,0.526316,0.552632,0.578947,0.605263,0.631579,0.657895,0.684211,0.710526,0.736842,0.763158,0.789474,0.815789,0.842105,0.868421,0.894737,0.921053,0.947368,0.973684,1,1,1,1,1,1,1,1,1,1,1,1,1,1,1,1,1,1,1,1,1,1,1,1,1,1,1,1,1,1,1,1,1,1,1,1,1,1,1,1,1
bldgs contractor training,,,,0,0,0,0.026316,0.052632,0.078947,0.105263,0.131579,0.157895,0.184211,0.210526,0.236842,0.263158,0.289474,0.315789,0.342105,0.368421,0.394737,0.421053,0.447368,0.473684,0.5,0.526316,0.552632,0.578947,0.605263,0.631579,0.657895,0.684211,0.710526,0.736842,0.763158,0.789474,0.815789,0.842105,0.868421,0.894737,0.921053,0.947368,0.973684,1,1,1,1,1,1,1,1,1,1,1,1,1,1,1,1,1,1,1,1,1,1,1,1,1,1,1,1,1,1,1,1,1,1,1,1,1,1,1,1,1
bldgs new component fuel shifting,heating,urban residential,,0,0,0,0.026316,0.052632,0.078947,0.105263,0.131579,0.157895,0.184211,0.210526,0.236842,0.263158,0.289474,0.315789,0.342105,0.368421,0.394737,0.421053,0.447368,0.473684,0.5,0.526316,0.552632,0.578947,0.605263,0.631579,0.657895,0.684211,0.710526,0.736842,0.763158,0.789474,0.815789,0.842105,0.868421,0.894737,0.921053,0.947368,0.973684,1,1,1,1,1,1,1,1,1,1,1,1,1,1,1,1,1,1,1,1,1,1,1,1,1,1,1,1,1,1,1,1,1,1,1,1,1,1,1,1,1
bldgs new component fuel shifting,heating,rural residential,,0,0,0,0.026316,0.052632,0.078947,0.105263,0.131579,0.157895,0.184211,0.210526,0.236842,0.263158,0.289474,0.315789,0.342105,0.368421,0.394737,0.421053,0.447368,0.473684,0.5,0.526316,0.552632,0.578947,0.605263,0.631579,0.657895,0.684211,0.710526,0.736842,0.763158,0.789474,0.815789,0.842105,0.868421,0.894737,0.921053,0.947368,0.973684,1,1,1,1,1,1,1,1,1,1,1,1,1,1,1,1,1,1,1,1,1,1,1,1,1,1,1,1,1,1,1,1,1,1,1,1,1,1,1,1,1
bldgs new component fuel shifting,heating,commercial,,0,0,0,0.026316,0.052632,0.078947,0.105263,0.131579,0.157895,0.184211,0.210526,0.236842,0.263158,0.289474,0.315789,0.342105,0.368421,0.394737,0.421053,0.447368,0.473684,0.5,0.526316,0.552632,0.578947,0.605263,0.631579,0.657895,0.684211,0.710526,0.736842,0.763158,0.789474,0.815789,0.842105,0.868421,0.894737,0.921053,0.947368,0.973684,1,1,1,1,1,1,1,1,1,1,1,1,1,1,1,1,1,1,1,1,1,1,1,1,1,1,1,1,1,1,1,1,1,1,1,1,1,1,1,1,1
bldgs new component fuel shifting,cooling and ventilation,urban residential,,0,0,0,0.026316,0.052632,0.078947,0.105263,0.131579,0.157895,0.184211,0.210526,0.236842,0.263158,0.289474,0.315789,0.342105,0.368421,0.394737,0.421053,0.447368,0.473684,0.5,0.526316,0.552632,0.578947,0.605263,0.631579,0.657895,0.684211,0.710526,0.736842,0.763158,0.789474,0.815789,0.842105,0.868421,0.894737,0.921053,0.947368,0.973684,1,1,1,1,1,1,1,1,1,1,1,1,1,1,1,1,1,1,1,1,1,1,1,1,1,1,1,1,1,1,1,1,1,1,1,1,1,1,1,1,1
bldgs new component fuel shifting,cooling and ventilation,rural residential,,0,0,0,0.026316,0.052632,0.078947,0.105263,0.131579,0.157895,0.184211,0.210526,0.236842,0.263158,0.289474,0.315789,0.342105,0.368421,0.394737,0.421053,0.447368,0.473684,0.5,0.526316,0.552632,0.578947,0.605263,0.631579,0.657895,0.684211,0.710526,0.736842,0.763158,0.789474,0.815789,0.842105,0.868421,0.894737,0.921053,0.947368,0.973684,1,1,1,1,1,1,1,1,1,1,1,1,1,1,1,1,1,1,1,1,1,1,1,1,1,1,1,1,1,1,1,1,1,1,1,1,1,1,1,1,1
bldgs new component fuel shifting,cooling and ventilation,commercial,,0,0,0,0.026316,0.052632,0.078947,0.105263,0.131579,0.157895,0.184211,0.210526,0.236842,0.263158,0.289474,0.315789,0.342105,0.368421,0.394737,0.421053,0.447368,0.473684,0.5,0.526316,0.552632,0.578947,0.605263,0.631579,0.657895,0.684211,0.710526,0.736842,0.763158,0.789474,0.815789,0.842105,0.868421,0.894737,0.921053,0.947368,0.973684,1,1,1,1,1,1,1,1,1,1,1,1,1,1,1,1,1,1,1,1,1,1,1,1,1,1,1,1,1,1,1,1,1,1,1,1,1,1,1,1,1
bldgs new component fuel shifting,envelope,urban residential,,0,0,0,0.026316,0.052632,0.078947,0.105263,0.131579,0.157895,0.184211,0.210526,0.236842,0.263158,0.289474,0.315789,0.342105,0.368421,0.394737,0.421053,0.447368,0.473684,0.5,0.526316,0.552632,0.578947,0.605263,0.631579,0.657895,0.684211,0.710526,0.736842,0.763158,0.789474,0.815789,0.842105,0.868421,0.894737,0.921053,0.947368,0.973684,1,1,1,1,1,1,1,1,1,1,1,1,1,1,1,1,1,1,1,1,1,1,1,1,1,1,1,1,1,1,1,1,1,1,1,1,1,1,1,1,1
bldgs new component fuel shifting,envelope,rural residential,,0,0,0,0.026316,0.052632,0.078947,0.105263,0.131579,0.157895,0.184211,0.210526,0.236842,0.263158,0.289474,0.315789,0.342105,0.368421,0.394737,0.421053,0.447368,0.473684,0.5,0.526316,0.552632,0.578947,0.605263,0.631579,0.657895,0.684211,0.710526,0.736842,0.763158,0.789474,0.815789,0.842105,0.868421,0.894737,0.921053,0.947368,0.973684,1,1,1,1,1,1,1,1,1,1,1,1,1,1,1,1,1,1,1,1,1,1,1,1,1,1,1,1,1,1,1,1,1,1,1,1,1,1,1,1,1
bldgs new component fuel shifting,envelope,commercial,,0,0,0,0.026316,0.052632,0.078947,0.105263,0.131579,0.157895,0.184211,0.210526,0.236842,0.263158,0.289474,0.315789,0.342105,0.368421,0.394737,0.421053,0.447368,0.473684,0.5,0.526316,0.552632,0.578947,0.605263,0.631579,0.657895,0.684211,0.710526,0.736842,0.763158,0.789474,0.815789,0.842105,0.868421,0.894737,0.921053,0.947368,0.973684,1,1,1,1,1,1,1,1,1,1,1,1,1,1,1,1,1,1,1,1,1,1,1,1,1,1,1,1,1,1,1,1,1,1,1,1,1,1,1,1,1
bldgs new component fuel shifting,lighting,urban residential,,0,0,0,0.026316,0.052632,0.078947,0.105263,0.131579,0.157895,0.184211,0.210526,0.236842,0.263158,0.289474,0.315789,0.342105,0.368421,0.394737,0.421053,0.447368,0.473684,0.5,0.526316,0.552632,0.578947,0.605263,0.631579,0.657895,0.684211,0.710526,0.736842,0.763158,0.789474,0.815789,0.842105,0.868421,0.894737,0.921053,0.947368,0.973684,1,1,1,1,1,1,1,1,1,1,1,1,1,1,1,1,1,1,1,1,1,1,1,1,1,1,1,1,1,1,1,1,1,1,1,1,1,1,1,1,1
bldgs new component fuel shifting,lighting,rural residential,,0,0,0,0.026316,0.052632,0.078947,0.105263,0.131579,0.157895,0.184211,0.210526,0.236842,0.263158,0.289474,0.315789,0.342105,0.368421,0.394737,0.421053,0.447368,0.473684,0.5,0.526316,0.552632,0.578947,0.605263,0.631579,0.657895,0.684211,0.710526,0.736842,0.763158,0.789474,0.815789,0.842105,0.868421,0.894737,0.921053,0.947368,0.973684,1,1,1,1,1,1,1,1,1,1,1,1,1,1,1,1,1,1,1,1,1,1,1,1,1,1,1,1,1,1,1,1,1,1,1,1,1,1,1,1,1
bldgs new component fuel shifting,lighting,commercial,,0,0,0,0.026316,0.052632,0.078947,0.105263,0.131579,0.157895,0.184211,0.210526,0.236842,0.263158,0.289474,0.315789,0.342105,0.368421,0.394737,0.421053,0.447368,0.473684,0.5,0.526316,0.552632,0.578947,0.605263,0.631579,0.657895,0.684211,0.710526,0.736842,0.763158,0.789474,0.815789,0.842105,0.868421,0.894737,0.921053,0.947368,0.973684,1,1,1,1,1,1,1,1,1,1,1,1,1,1,1,1,1,1,1,1,1,1,1,1,1,1,1,1,1,1,1,1,1,1,1,1,1,1,1,1,1
bldgs new component fuel shifting,appliances,urban residential,,0,0,0,0.026316,0.052632,0.078947,0.105263,0.131579,0.157895,0.184211,0.210526,0.236842,0.263158,0.289474,0.315789,0.342105,0.368421,0.394737,0.421053,0.447368,0.473684,0.5,0.526316,0.552632,0.578947,0.605263,0.631579,0.657895,0.684211,0.710526,0.736842,0.763158,0.789474,0.815789,0.842105,0.868421,0.894737,0.921053,0.947368,0.973684,1,1,1,1,1,1,1,1,1,1,1,1,1,1,1,1,1,1,1,1,1,1,1,1,1,1,1,1,1,1,1,1,1,1,1,1,1,1,1,1,1
bldgs new component fuel shifting,appliances,rural residential,,0,0,0,0.026316,0.052632,0.078947,0.105263,0.131579,0.157895,0.184211,0.210526,0.236842,0.263158,0.289474,0.315789,0.342105,0.368421,0.394737,0.421053,0.447368,0.473684,0.5,0.526316,0.552632,0.578947,0.605263,0.631579,0.657895,0.684211,0.710526,0.736842,0.763158,0.789474,0.815789,0.842105,0.868421,0.894737,0.921053,0.947368,0.973684,1,1,1,1,1,1,1,1,1,1,1,1,1,1,1,1,1,1,1,1,1,1,1,1,1,1,1,1,1,1,1,1,1,1,1,1,1,1,1,1,1
bldgs new component fuel shifting,appliances,commercial,,0,0,0,0.026316,0.052632,0.078947,0.105263,0.131579,0.157895,0.184211,0.210526,0.236842,0.263158,0.289474,0.315789,0.342105,0.368421,0.394737,0.421053,0.447368,0.473684,0.5,0.526316,0.552632,0.578947,0.605263,0.631579,0.657895,0.684211,0.710526,0.736842,0.763158,0.789474,0.815789,0.842105,0.868421,0.894737,0.921053,0.947368,0.973684,1,1,1,1,1,1,1,1,1,1,1,1,1,1,1,1,1,1,1,1,1,1,1,1,1,1,1,1,1,1,1,1,1,1,1,1,1,1,1,1,1
bldgs new component fuel shifting,other component,urban residential,,0,0,0,0.026316,0.052632,0.078947,0.105263,0.131579,0.157895,0.184211,0.210526,0.236842,0.263158,0.289474,0.315789,0.342105,0.368421,0.394737,0.421053,0.447368,0.473684,0.5,0.526316,0.552632,0.578947,0.605263,0.631579,0.657895,0.684211,0.710526,0.736842,0.763158,0.789474,0.815789,0.842105,0.868421,0.894737,0.921053,0.947368,0.973684,1,1,1,1,1,1,1,1,1,1,1,1,1,1,1,1,1,1,1,1,1,1,1,1,1,1,1,1,1,1,1,1,1,1,1,1,1,1,1,1,1
bldgs new component fuel shifting,other component,rural residential,,0,0,0,0.026316,0.052632,0.078947,0.105263,0.131579,0.157895,0.184211,0.210526,0.236842,0.263158,0.289474,0.315789,0.342105,0.368421,0.394737,0.421053,0.447368,0.473684,0.5,0.526316,0.552632,0.578947,0.605263,0.631579,0.657895,0.684211,0.710526,0.736842,0.763158,0.789474,0.815789,0.842105,0.868421,0.894737,0.921053,0.947368,0.973684,1,1,1,1,1,1,1,1,1,1,1,1,1,1,1,1,1,1,1,1,1,1,1,1,1,1,1,1,1,1,1,1,1,1,1,1,1,1,1,1,1
bldgs new component fuel shifting,other component,commercial,,0,0,0,0.026316,0.052632,0.078947,0.105263,0.131579,0.157895,0.184211,0.210526,0.236842,0.263158,0.289474,0.315789,0.342105,0.368421,0.394737,0.421053,0.447368,0.473684,0.5,0.526316,0.552632,0.578947,0.605263,0.631579,0.657895,0.684211,0.710526,0.736842,0.763158,0.789474,0.815789,0.842105,0.868421,0.894737,0.921053,0.947368,0.973684,1,1,1,1,1,1,1,1,1,1,1,1,1,1,1,1,1,1,1,1,1,1,1,1,1,1,1,1,1,1,1,1,1,1,1,1,1,1,1,1,1
bldgs retrofitting,urban residential,,,0,0.005,0.01,0.015,0.02,0.025,0.032,0.039,0.046,0.053,0.06,0.091333,0.122667,0.154,0.185333,0.216667,0.248,0.279333,0.310667,0.342,0.373333,0.404667,0.436,0.467333,0.498667,0.53,0.561333,0.592667,0.624,0.655333,0.686667,0.718,0.749333,0.780667,0.812,0.843333,0.874667,0.906,0.937333,0.968667,1,1,1,1,1,1,1,1,1,1,1,1,1,1,1,1,1,1,1,1,1,1,1,1,1,1,1,1,1,1,1,1,1,1,1,1,1,1,1,1,1
bldgs retrofitting,rural residential,,,0,0.005,0.01,0.015,0.02,0.025,0.032,0.039,0.046,0.053,0.06,0.091333,0.122667,0.154,0.185333,0.216667,0.248,0.279333,0.310667,0.342,0.373333,0.404667,0.436,0.467333,0.498667,0.53,0.561333,0.592667,0.624,0.655333,0.686667,0.718,0.749333,0.780667,0.812,0.843333,0.874667,0.906,0.937333,0.968667,1,1,1,1,1,1,1,1,1,1,1,1,1,1,1,1,1,1,1,1,1,1,1,1,1,1,1,1,1,1,1,1,1,1,1,1,1,1,1,1,1
bldgs retrofitting,commercial,,,0,0.005,0.01,0.015,0.02,0.025,0.032,0.039,0.046,0.053,0.06,0.091333,0.122667,0.154,0.185333,0.216667,0.248,0.279333,0.310667,0.342,0.373333,0.404667,0.436,0.467333,0.498667,0.53,0.561333,0.592667,0.624,0.655333,0.686667,0.718,0.749333,0.780667,0.812,0.843333,0.874667,0.906,0.937333,0.968667,1,1,1,1,1,1,1,1,1,1,1,1,1,1,1,1,1,1,1,1,1,1,1,1,1,1,1,1,1,1,1,1,1,1,1,1,1,1,1,1,1
bldgs distributed solar subsidy,,,,0,0,0,0.026316,0.052632,0.078947,0.105263,0.131579,0.157895,0.184211,0.210526,0.236842,0.263158,0.289474,0.315789,0.342105,0.368421,0.394737,0.421053,0.447368,0.473684,0.5,0.526316,0.552632,0.578947,0.605263,0.631579,0.657895,0.684211,0.710526,0.736842,0.763158,0.789474,0.815789,0.842105,0.868421,0.894737,0.921053,0.947368,0.973684,1,1,1,1,1,1,1,1,1,1,1,1,1,1,1,1,1,1,1,1,1,1,1,1,1,1,1,1,1,1,1,1,1,1,1,1,1,1,1,1,1
bldgs min fraction distributed solar,,,,0,0,0,0.026316,0.052632,0.078947,0.105263,0.131579,0.157895,0.184211,0.210526,0.236842,0.263158,0.289474,0.315789,0.342105,0.368421,0.394737,0.421053,0.447368,0.473684,0.5,0.526316,0.552632,0.578947,0.605263,0.631579,0.657895,0.684211,0.710526,0.736842,0.763158,0.789474,0.815789,0.842105,0.868421,0.894737,0.921053,0.947368,0.973684,1,1,1,1,1,1,1,1,1,1,1,1,1,1,1,1,1,1,1,1,1,1,1,1,1,1,1,1,1,1,1,1,1,1,1,1,1,1,1,1,1
indst methane capture,agriculture and forestry 01T03,,,0,0,0,0.026316,0.052632,0.078947,0.105263,0.131579,0.157895,0.184211,0.210526,0.236842,0.263158,0.289474,0.315789,0.342105,0.368421,0.394737,0.421053,0.447368,0.473684,0.5,0.526316,0.552632,0.578947,0.605263,0.631579,0.657895,0.684211,0.710526,0.736842,0.763158,0.789474,0.815789,0.842105,0.868421,0.894737,0.921053,0.947368,0.973684,1,1,1,1,1,1,1,1,1,1,1,1,1,1,1,1,1,1,1,1,1,1,1,1,1,1,1,1,1,1,1,1,1,1,1,1,1,1,1,1,1
indst methane capture,coal mining 05,,,0,0,0,0.026316,0.052632,0.078947,0.105263,0.131579,0.157895,0.184211,0.210526,0.236842,0.263158,0.289474,0.315789,0.342105,0.368421,0.394737,0.421053,0.447368,0.473684,0.5,0.526316,0.552632,0.578947,0.605263,0.631579,0.657895,0.684211,0.710526,0.736842,0.763158,0.789474,0.815789,0.842105,0.868421,0.894737,0.921053,0.947368,0.973684,1,1,1,1,1,1,1,1,1,1,1,1,1,1,1,1,1,1,1,1,1,1,1,1,1,1,1,1,1,1,1,1,1,1,1,1,1,1,1,1,1
indst methane capture,oil and gas extraction 06,,,0,0,0,0.026316,0.052632,0.078947,0.105263,0.131579,0.157895,0.184211,0.210526,0.236842,0.263158,0.289474,0.315789,0.342105,0.368421,0.394737,0.421053,0.447368,0.473684,0.5,0.526316,0.552632,0.578947,0.605263,0.631579,0.657895,0.684211,0.710526,0.736842,0.763158,0.789474,0.815789,0.842105,0.868421,0.894737,0.921053,0.947368,0.973684,1,1,1,1,1,1,1,1,1,1,1,1,1,1,1,1,1,1,1,1,1,1,1,1,1,1,1,1,1,1,1,1,1,1,1,1,1,1,1,1,1
indst methane capture,other mining and quarrying 07T08,,,0,0,0,0.026316,0.052632,0.078947,0.105263,0.131579,0.157895,0.184211,0.210526,0.236842,0.263158,0.289474,0.315789,0.342105,0.368421,0.394737,0.421053,0.447368,0.473684,0.5,0.526316,0.552632,0.578947,0.605263,0.631579,0.657895,0.684211,0.710526,0.736842,0.763158,0.789474,0.815789,0.842105,0.868421,0.894737,0.921053,0.947368,0.973684,1,1,1,1,1,1,1,1,1,1,1,1,1,1,1,1,1,1,1,1,1,1,1,1,1,1,1,1,1,1,1,1,1,1,1,1,1,1,1,1,1
indst methane capture,food beverage and tobacco 10T12,,,0,0,0,0.026316,0.052632,0.078947,0.105263,0.131579,0.157895,0.184211,0.210526,0.236842,0.263158,0.289474,0.315789,0.342105,0.368421,0.394737,0.421053,0.447368,0.473684,0.5,0.526316,0.552632,0.578947,0.605263,0.631579,0.657895,0.684211,0.710526,0.736842,0.763158,0.789474,0.815789,0.842105,0.868421,0.894737,0.921053,0.947368,0.973684,1,1,1,1,1,1,1,1,1,1,1,1,1,1,1,1,1,1,1,1,1,1,1,1,1,1,1,1,1,1,1,1,1,1,1,1,1,1,1,1,1
indst methane capture,textiles apparel and leather 13T15,,,0,0,0,0.026316,0.052632,0.078947,0.105263,0.131579,0.157895,0.184211,0.210526,0.236842,0.263158,0.289474,0.315789,0.342105,0.368421,0.394737,0.421053,0.447368,0.473684,0.5,0.526316,0.552632,0.578947,0.605263,0.631579,0.657895,0.684211,0.710526,0.736842,0.763158,0.789474,0.815789,0.842105,0.868421,0.894737,0.921053,0.947368,0.973684,1,1,1,1,1,1,1,1,1,1,1,1,1,1,1,1,1,1,1,1,1,1,1,1,1,1,1,1,1,1,1,1,1,1,1,1,1,1,1,1,1
indst methane capture,wood products 16,,,0,0,0,0.026316,0.052632,0.078947,0.105263,0.131579,0.157895,0.184211,0.210526,0.236842,0.263158,0.289474,0.315789,0.342105,0.368421,0.394737,0.421053,0.447368,0.473684,0.5,0.526316,0.552632,0.578947,0.605263,0.631579,0.657895,0.684211,0.710526,0.736842,0.763158,0.789474,0.815789,0.842105,0.868421,0.894737,0.921053,0.947368,0.973684,1,1,1,1,1,1,1,1,1,1,1,1,1,1,1,1,1,1,1,1,1,1,1,1,1,1,1,1,1,1,1,1,1,1,1,1,1,1,1,1,1
indst methane capture,pulp paper and printing 17T18,,,0,0,0,0.026316,0.052632,0.078947,0.105263,0.131579,0.157895,0.184211,0.210526,0.236842,0.263158,0.289474,0.315789,0.342105,0.368421,0.394737,0.421053,0.447368,0.473684,0.5,0.526316,0.552632,0.578947,0.605263,0.631579,0.657895,0.684211,0.710526,0.736842,0.763158,0.789474,0.815789,0.842105,0.868421,0.894737,0.921053,0.947368,0.973684,1,1,1,1,1,1,1,1,1,1,1,1,1,1,1,1,1,1,1,1,1,1,1,1,1,1,1,1,1,1,1,1,1,1,1,1,1,1,1,1,1
indst methane capture,refined petroleum and coke 19,,,0,0,0,0.026316,0.052632,0.078947,0.105263,0.131579,0.157895,0.184211,0.210526,0.236842,0.263158,0.289474,0.315789,0.342105,0.368421,0.394737,0.421053,0.447368,0.473684,0.5,0.526316,0.552632,0.578947,0.605263,0.631579,0.657895,0.684211,0.710526,0.736842,0.763158,0.789474,0.815789,0.842105,0.868421,0.894737,0.921053,0.947368,0.973684,1,1,1,1,1,1,1,1,1,1,1,1,1,1,1,1,1,1,1,1,1,1,1,1,1,1,1,1,1,1,1,1,1,1,1,1,1,1,1,1,1
indst methane capture,chemicals 20,,,0,0,0,0.026316,0.052632,0.078947,0.105263,0.131579,0.157895,0.184211,0.210526,0.236842,0.263158,0.289474,0.315789,0.342105,0.368421,0.394737,0.421053,0.447368,0.473684,0.5,0.526316,0.552632,0.578947,0.605263,0.631579,0.657895,0.684211,0.710526,0.736842,0.763158,0.789474,0.815789,0.842105,0.868421,0.894737,0.921053,0.947368,0.973684,1,1,1,1,1,1,1,1,1,1,1,1,1,1,1,1,1,1,1,1,1,1,1,1,1,1,1,1,1,1,1,1,1,1,1,1,1,1,1,1,1
indst methane capture,rubber and plastic products 22,,,0,0,0,0.026316,0.052632,0.078947,0.105263,0.131579,0.157895,0.184211,0.210526,0.236842,0.263158,0.289474,0.315789,0.342105,0.368421,0.394737,0.421053,0.447368,0.473684,0.5,0.526316,0.552632,0.578947,0.605263,0.631579,0.657895,0.684211,0.710526,0.736842,0.763158,0.789474,0.815789,0.842105,0.868421,0.894737,0.921053,0.947368,0.973684,1,1,1,1,1,1,1,1,1,1,1,1,1,1,1,1,1,1,1,1,1,1,1,1,1,1,1,1,1,1,1,1,1,1,1,1,1,1,1,1,1
indst methane capture,glass and glass products 231,,,0,0,0,0.026316,0.052632,0.078947,0.105263,0.131579,0.157895,0.184211,0.210526,0.236842,0.263158,0.289474,0.315789,0.342105,0.368421,0.394737,0.421053,0.447368,0.473684,0.5,0.526316,0.552632,0.578947,0.605263,0.631579,0.657895,0.684211,0.710526,0.736842,0.763158,0.789474,0.815789,0.842105,0.868421,0.894737,0.921053,0.947368,0.973684,1,1,1,1,1,1,1,1,1,1,1,1,1,1,1,1,1,1,1,1,1,1,1,1,1,1,1,1,1,1,1,1,1,1,1,1,1,1,1,1,1
indst methane capture,cement and other nonmetallic minerals 239,,,0,0,0,0.026316,0.052632,0.078947,0.105263,0.131579,0.157895,0.184211,0.210526,0.236842,0.263158,0.289474,0.315789,0.342105,0.368421,0.394737,0.421053,0.447368,0.473684,0.5,0.526316,0.552632,0.578947,0.605263,0.631579,0.657895,0.684211,0.710526,0.736842,0.763158,0.789474,0.815789,0.842105,0.868421,0.894737,0.921053,0.947368,0.973684,1,1,1,1,1,1,1,1,1,1,1,1,1,1,1,1,1,1,1,1,1,1,1,1,1,1,1,1,1,1,1,1,1,1,1,1,1,1,1,1,1
indst methane capture,iron and steel 241,,,0,0,0,0.026316,0.052632,0.078947,0.105263,0.131579,0.157895,0.184211,0.210526,0.236842,0.263158,0.289474,0.315789,0.342105,0.368421,0.394737,0.421053,0.447368,0.473684,0.5,0.526316,0.552632,0.578947,0.605263,0.631579,0.657895,0.684211,0.710526,0.736842,0.763158,0.789474,0.815789,0.842105,0.868421,0.894737,0.921053,0.947368,0.973684,1,1,1,1,1,1,1,1,1,1,1,1,1,1,1,1,1,1,1,1,1,1,1,1,1,1,1,1,1,1,1,1,1,1,1,1,1,1,1,1,1
indst methane capture,other metals 242,,,0,0,0,0.026316,0.052632,0.078947,0.105263,0.131579,0.157895,0.184211,0.210526,0.236842,0.263158,0.289474,0.315789,0.342105,0.368421,0.394737,0.421053,0.447368,0.473684,0.5,0.526316,0.552632,0.578947,0.605263,0.631579,0.657895,0.684211,0.710526,0.736842,0.763158,0.789474,0.815789,0.842105,0.868421,0.894737,0.921053,0.947368,0.973684,1,1,1,1,1,1,1,1,1,1,1,1,1,1,1,1,1,1,1,1,1,1,1,1,1,1,1,1,1,1,1,1,1,1,1,1,1,1,1,1,1
indst methane capture,metal products except machinery and vehicles 25,,,0,0,0,0.026316,0.052632,0.078947,0.105263,0.131579,0.157895,0.184211,0.210526,0.236842,0.263158,0.289474,0.315789,0.342105,0.368421,0.394737,0.421053,0.447368,0.473684,0.5,0.526316,0.552632,0.578947,0.605263,0.631579,0.657895,0.684211,0.710526,0.736842,0.763158,0.789474,0.815789,0.842105,0.868421,0.894737,0.921053,0.947368,0.973684,1,1,1,1,1,1,1,1,1,1,1,1,1,1,1,1,1,1,1,1,1,1,1,1,1,1,1,1,1,1,1,1,1,1,1,1,1,1,1,1,1
indst methane capture,computers and electronics 26,,,0,0,0,0.026316,0.052632,0.078947,0.105263,0.131579,0.157895,0.184211,0.210526,0.236842,0.263158,0.289474,0.315789,0.342105,0.368421,0.394737,0.421053,0.447368,0.473684,0.5,0.526316,0.552632,0.578947,0.605263,0.631579,0.657895,0.684211,0.710526,0.736842,0.763158,0.789474,0.815789,0.842105,0.868421,0.894737,0.921053,0.947368,0.973684,1,1,1,1,1,1,1,1,1,1,1,1,1,1,1,1,1,1,1,1,1,1,1,1,1,1,1,1,1,1,1,1,1,1,1,1,1,1,1,1,1
indst methane capture,appliances and electrical equipment 27,,,0,0,0,0.026316,0.052632,0.078947,0.105263,0.131579,0.157895,0.184211,0.210526,0.236842,0.263158,0.289474,0.315789,0.342105,0.368421,0.394737,0.421053,0.447368,0.473684,0.5,0.526316,0.552632,0.578947,0.605263,0.631579,0.657895,0.684211,0.710526,0.736842,0.763158,0.789474,0.815789,0.842105,0.868421,0.894737,0.921053,0.947368,0.973684,1,1,1,1,1,1,1,1,1,1,1,1,1,1,1,1,1,1,1,1,1,1,1,1,1,1,1,1,1,1,1,1,1,1,1,1,1,1,1,1,1
indst methane capture,other machinery 28,,,0,0,0,0.026316,0.052632,0.078947,0.105263,0.131579,0.157895,0.184211,0.210526,0.236842,0.263158,0.289474,0.315789,0.342105,0.368421,0.394737,0.421053,0.447368,0.473684,0.5,0.526316,0.552632,0.578947,0.605263,0.631579,0.657895,0.684211,0.710526,0.736842,0.763158,0.789474,0.815789,0.842105,0.868421,0.894737,0.921053,0.947368,0.973684,1,1,1,1,1,1,1,1,1,1,1,1,1,1,1,1,1,1,1,1,1,1,1,1,1,1,1,1,1,1,1,1,1,1,1,1,1,1,1,1,1
indst methane capture,road vehicles 29,,,0,0,0,0.026316,0.052632,0.078947,0.105263,0.131579,0.157895,0.184211,0.210526,0.236842,0.263158,0.289474,0.315789,0.342105,0.368421,0.394737,0.421053,0.447368,0.473684,0.5,0.526316,0.552632,0.578947,0.605263,0.631579,0.657895,0.684211,0.710526,0.736842,0.763158,0.789474,0.815789,0.842105,0.868421,0.894737,0.921053,0.947368,0.973684,1,1,1,1,1,1,1,1,1,1,1,1,1,1,1,1,1,1,1,1,1,1,1,1,1,1,1,1,1,1,1,1,1,1,1,1,1,1,1,1,1
indst methane capture,nonroad vehicles 30,,,0,0,0,0.026316,0.052632,0.078947,0.105263,0.131579,0.157895,0.184211,0.210526,0.236842,0.263158,0.289474,0.315789,0.342105,0.368421,0.394737,0.421053,0.447368,0.473684,0.5,0.526316,0.552632,0.578947,0.605263,0.631579,0.657895,0.684211,0.710526,0.736842,0.763158,0.789474,0.815789,0.842105,0.868421,0.894737,0.921053,0.947368,0.973684,1,1,1,1,1,1,1,1,1,1,1,1,1,1,1,1,1,1,1,1,1,1,1,1,1,1,1,1,1,1,1,1,1,1,1,1,1,1,1,1,1
indst methane capture,other manufacturing 31T33,,,0,0,0,0.026316,0.052632,0.078947,0.105263,0.131579,0.157895,0.184211,0.210526,0.236842,0.263158,0.289474,0.315789,0.342105,0.368421,0.394737,0.421053,0.447368,0.473684,0.5,0.526316,0.552632,0.578947,0.605263,0.631579,0.657895,0.684211,0.710526,0.736842,0.763158,0.789474,0.815789,0.842105,0.868421,0.894737,0.921053,0.947368,0.973684,1,1,1,1,1,1,1,1,1,1,1,1,1,1,1,1,1,1,1,1,1,1,1,1,1,1,1,1,1,1,1,1,1,1,1,1,1,1,1,1,1
indst methane capture,energy pipelines and gas processing 352T353,,,0,0,0,0.026316,0.052632,0.078947,0.105263,0.131579,0.157895,0.184211,0.210526,0.236842,0.263158,0.289474,0.315789,0.342105,0.368421,0.394737,0.421053,0.447368,0.473684,0.5,0.526316,0.552632,0.578947,0.605263,0.631579,0.657895,0.684211,0.710526,0.736842,0.763158,0.789474,0.815789,0.842105,0.868421,0.894737,0.921053,0.947368,0.973684,1,1,1,1,1,1,1,1,1,1,1,1,1,1,1,1,1,1,1,1,1,1,1,1,1,1,1,1,1,1,1,1,1,1,1,1,1,1,1,1,1
indst methane capture,water and waste 36T39,,,0,0,0,0.026316,0.052632,0.078947,0.105263,0.131579,0.157895,0.184211,0.210526,0.236842,0.263158,0.289474,0.315789,0.342105,0.368421,0.394737,0.421053,0.447368,0.473684,0.5,0.526316,0.552632,0.578947,0.605263,0.631579,0.657895,0.684211,0.710526,0.736842,0.763158,0.789474,0.815789,0.842105,0.868421,0.894737,0.921053,0.947368,0.973684,1,1,1,1,1,1,1,1,1,1,1,1,1,1,1,1,1,1,1,1,1,1,1,1,1,1,1,1,1,1,1,1,1,1,1,1,1,1,1,1,1
indst methane capture,construction 41T43,,,0,0,0,0.026316,0.052632,0.078947,0.105263,0.131579,0.157895,0.184211,0.210526,0.236842,0.263158,0.289474,0.315789,0.342105,0.368421,0.394737,0.421053,0.447368,0.473684,0.5,0.526316,0.552632,0.578947,0.605263,0.631579,0.657895,0.684211,0.710526,0.736842,0.763158,0.789474,0.815789,0.842105,0.868421,0.894737,0.921053,0.947368,0.973684,1,1,1,1,1,1,1,1,1,1,1,1,1,1,1,1,1,1,1,1,1,1,1,1,1,1,1,1,1,1,1,1,1,1,1,1,1,1,1,1,1
indst methane destruction,agriculture and forestry 01T03,,,0,0,0,0.026316,0.052632,0.078947,0.105263,0.131579,0.157895,0.184211,0.210526,0.236842,0.263158,0.289474,0.315789,0.342105,0.368421,0.394737,0.421053,0.447368,0.473684,0.5,0.526316,0.552632,0.578947,0.605263,0.631579,0.657895,0.684211,0.710526,0.736842,0.763158,0.789474,0.815789,0.842105,0.868421,0.894737,0.921053,0.947368,0.973684,1,1,1,1,1,1,1,1,1,1,1,1,1,1,1,1,1,1,1,1,1,1,1,1,1,1,1,1,1,1,1,1,1,1,1,1,1,1,1,1,1
indst methane destruction,coal mining 05,,,0,0,0,0.026316,0.052632,0.078947,0.105263,0.131579,0.157895,0.184211,0.210526,0.236842,0.263158,0.289474,0.315789,0.342105,0.368421,0.394737,0.421053,0.447368,0.473684,0.5,0.526316,0.552632,0.578947,0.605263,0.631579,0.657895,0.684211,0.710526,0.736842,0.763158,0.789474,0.815789,0.842105,0.868421,0.894737,0.921053,0.947368,0.973684,1,1,1,1,1,1,1,1,1,1,1,1,1,1,1,1,1,1,1,1,1,1,1,1,1,1,1,1,1,1,1,1,1,1,1,1,1,1,1,1,1
indst methane destruction,oil and gas extraction 06,,,0,0,0,0.026316,0.052632,0.078947,0.105263,0.131579,0.157895,0.184211,0.210526,0.236842,0.263158,0.289474,0.315789,0.342105,0.368421,0.394737,0.421053,0.447368,0.473684,0.5,0.526316,0.552632,0.578947,0.605263,0.631579,0.657895,0.684211,0.710526,0.736842,0.763158,0.789474,0.815789,0.842105,0.868421,0.894737,0.921053,0.947368,0.973684,1,1,1,1,1,1,1,1,1,1,1,1,1,1,1,1,1,1,1,1,1,1,1,1,1,1,1,1,1,1,1,1,1,1,1,1,1,1,1,1,1
indst methane destruction,other mining and quarrying 07T08,,,0,0,0,0.026316,0.052632,0.078947,0.105263,0.131579,0.157895,0.184211,0.210526,0.236842,0.263158,0.289474,0.315789,0.342105,0.368421,0.394737,0.421053,0.447368,0.473684,0.5,0.526316,0.552632,0.578947,0.605263,0.631579,0.657895,0.684211,0.710526,0.736842,0.763158,0.789474,0.815789,0.842105,0.868421,0.894737,0.921053,0.947368,0.973684,1,1,1,1,1,1,1,1,1,1,1,1,1,1,1,1,1,1,1,1,1,1,1,1,1,1,1,1,1,1,1,1,1,1,1,1,1,1,1,1,1
indst methane destruction,food beverage and tobacco 10T12,,,0,0,0,0.026316,0.052632,0.078947,0.105263,0.131579,0.157895,0.184211,0.210526,0.236842,0.263158,0.289474,0.315789,0.342105,0.368421,0.394737,0.421053,0.447368,0.473684,0.5,0.526316,0.552632,0.578947,0.605263,0.631579,0.657895,0.684211,0.710526,0.736842,0.763158,0.789474,0.815789,0.842105,0.868421,0.894737,0.921053,0.947368,0.973684,1,1,1,1,1,1,1,1,1,1,1,1,1,1,1,1,1,1,1,1,1,1,1,1,1,1,1,1,1,1,1,1,1,1,1,1,1,1,1,1,1
indst methane destruction,textiles apparel and leather 13T15,,,0,0,0,0.026316,0.052632,0.078947,0.105263,0.131579,0.157895,0.184211,0.210526,0.236842,0.263158,0.289474,0.315789,0.342105,0.368421,0.394737,0.421053,0.447368,0.473684,0.5,0.526316,0.552632,0.578947,0.605263,0.631579,0.657895,0.684211,0.710526,0.736842,0.763158,0.789474,0.815789,0.842105,0.868421,0.894737,0.921053,0.947368,0.973684,1,1,1,1,1,1,1,1,1,1,1,1,1,1,1,1,1,1,1,1,1,1,1,1,1,1,1,1,1,1,1,1,1,1,1,1,1,1,1,1,1
indst methane destruction,wood products 16,,,0,0,0,0.026316,0.052632,0.078947,0.105263,0.131579,0.157895,0.184211,0.210526,0.236842,0.263158,0.289474,0.315789,0.342105,0.368421,0.394737,0.421053,0.447368,0.473684,0.5,0.526316,0.552632,0.578947,0.605263,0.631579,0.657895,0.684211,0.710526,0.736842,0.763158,0.789474,0.815789,0.842105,0.868421,0.894737,0.921053,0.947368,0.973684,1,1,1,1,1,1,1,1,1,1,1,1,1,1,1,1,1,1,1,1,1,1,1,1,1,1,1,1,1,1,1,1,1,1,1,1,1,1,1,1,1
indst methane destruction,pulp paper and printing 17T18,,,0,0,0,0.026316,0.052632,0.078947,0.105263,0.131579,0.157895,0.184211,0.210526,0.236842,0.263158,0.289474,0.315789,0.342105,0.368421,0.394737,0.421053,0.447368,0.473684,0.5,0.526316,0.552632,0.578947,0.605263,0.631579,0.657895,0.684211,0.710526,0.736842,0.763158,0.789474,0.815789,0.842105,0.868421,0.894737,0.921053,0.947368,0.973684,1,1,1,1,1,1,1,1,1,1,1,1,1,1,1,1,1,1,1,1,1,1,1,1,1,1,1,1,1,1,1,1,1,1,1,1,1,1,1,1,1
indst methane destruction,refined petroleum and coke 19,,,0,0,0,0.026316,0.052632,0.078947,0.105263,0.131579,0.157895,0.184211,0.210526,0.236842,0.263158,0.289474,0.315789,0.342105,0.368421,0.394737,0.421053,0.447368,0.473684,0.5,0.526316,0.552632,0.578947,0.605263,0.631579,0.657895,0.684211,0.710526,0.736842,0.763158,0.789474,0.815789,0.842105,0.868421,0.894737,0.921053,0.947368,0.973684,1,1,1,1,1,1,1,1,1,1,1,1,1,1,1,1,1,1,1,1,1,1,1,1,1,1,1,1,1,1,1,1,1,1,1,1,1,1,1,1,1
indst methane destruction,chemicals 20,,,0,0,0,0.026316,0.052632,0.078947,0.105263,0.131579,0.157895,0.184211,0.210526,0.236842,0.263158,0.289474,0.315789,0.342105,0.368421,0.394737,0.421053,0.447368,0.473684,0.5,0.526316,0.552632,0.578947,0.605263,0.631579,0.657895,0.684211,0.710526,0.736842,0.763158,0.789474,0.815789,0.842105,0.868421,0.894737,0.921053,0.947368,0.973684,1,1,1,1,1,1,1,1,1,1,1,1,1,1,1,1,1,1,1,1,1,1,1,1,1,1,1,1,1,1,1,1,1,1,1,1,1,1,1,1,1
indst methane destruction,rubber and plastic products 22,,,0,0,0,0.026316,0.052632,0.078947,0.105263,0.131579,0.157895,0.184211,0.210526,0.236842,0.263158,0.289474,0.315789,0.342105,0.368421,0.394737,0.421053,0.447368,0.473684,0.5,0.526316,0.552632,0.578947,0.605263,0.631579,0.657895,0.684211,0.710526,0.736842,0.763158,0.789474,0.815789,0.842105,0.868421,0.894737,0.921053,0.947368,0.973684,1,1,1,1,1,1,1,1,1,1,1,1,1,1,1,1,1,1,1,1,1,1,1,1,1,1,1,1,1,1,1,1,1,1,1,1,1,1,1,1,1
indst methane destruction,glass and glass products 231,,,0,0,0,0.026316,0.052632,0.078947,0.105263,0.131579,0.157895,0.184211,0.210526,0.236842,0.263158,0.289474,0.315789,0.342105,0.368421,0.394737,0.421053,0.447368,0.473684,0.5,0.526316,0.552632,0.578947,0.605263,0.631579,0.657895,0.684211,0.710526,0.736842,0.763158,0.789474,0.815789,0.842105,0.868421,0.894737,0.921053,0.947368,0.973684,1,1,1,1,1,1,1,1,1,1,1,1,1,1,1,1,1,1,1,1,1,1,1,1,1,1,1,1,1,1,1,1,1,1,1,1,1,1,1,1,1
indst methane destruction,cement and other nonmetallic minerals 239,,,0,0,0,0.026316,0.052632,0.078947,0.105263,0.131579,0.157895,0.184211,0.210526,0.236842,0.263158,0.289474,0.315789,0.342105,0.368421,0.394737,0.421053,0.447368,0.473684,0.5,0.526316,0.552632,0.578947,0.605263,0.631579,0.657895,0.684211,0.710526,0.736842,0.763158,0.789474,0.815789,0.842105,0.868421,0.894737,0.921053,0.947368,0.973684,1,1,1,1,1,1,1,1,1,1,1,1,1,1,1,1,1,1,1,1,1,1,1,1,1,1,1,1,1,1,1,1,1,1,1,1,1,1,1,1,1
indst methane destruction,iron and steel 241,,,0,0,0,0.026316,0.052632,0.078947,0.105263,0.131579,0.157895,0.184211,0.210526,0.236842,0.263158,0.289474,0.315789,0.342105,0.368421,0.394737,0.421053,0.447368,0.473684,0.5,0.526316,0.552632,0.578947,0.605263,0.631579,0.657895,0.684211,0.710526,0.736842,0.763158,0.789474,0.815789,0.842105,0.868421,0.894737,0.921053,0.947368,0.973684,1,1,1,1,1,1,1,1,1,1,1,1,1,1,1,1,1,1,1,1,1,1,1,1,1,1,1,1,1,1,1,1,1,1,1,1,1,1,1,1,1
indst methane destruction,other metals 242,,,0,0,0,0.026316,0.052632,0.078947,0.105263,0.131579,0.157895,0.184211,0.210526,0.236842,0.263158,0.289474,0.315789,0.342105,0.368421,0.394737,0.421053,0.447368,0.473684,0.5,0.526316,0.552632,0.578947,0.605263,0.631579,0.657895,0.684211,0.710526,0.736842,0.763158,0.789474,0.815789,0.842105,0.868421,0.894737,0.921053,0.947368,0.973684,1,1,1,1,1,1,1,1,1,1,1,1,1,1,1,1,1,1,1,1,1,1,1,1,1,1,1,1,1,1,1,1,1,1,1,1,1,1,1,1,1
indst methane destruction,metal products except machinery and vehicles 25,,,0,0,0,0.026316,0.052632,0.078947,0.105263,0.131579,0.157895,0.184211,0.210526,0.236842,0.263158,0.289474,0.315789,0.342105,0.368421,0.394737,0.421053,0.447368,0.473684,0.5,0.526316,0.552632,0.578947,0.605263,0.631579,0.657895,0.684211,0.710526,0.736842,0.763158,0.789474,0.815789,0.842105,0.868421,0.894737,0.921053,0.947368,0.973684,1,1,1,1,1,1,1,1,1,1,1,1,1,1,1,1,1,1,1,1,1,1,1,1,1,1,1,1,1,1,1,1,1,1,1,1,1,1,1,1,1
indst methane destruction,computers and electronics 26,,,0,0,0,0.026316,0.052632,0.078947,0.105263,0.131579,0.157895,0.184211,0.210526,0.236842,0.263158,0.289474,0.315789,0.342105,0.368421,0.394737,0.421053,0.447368,0.473684,0.5,0.526316,0.552632,0.578947,0.605263,0.631579,0.657895,0.684211,0.710526,0.736842,0.763158,0.789474,0.815789,0.842105,0.868421,0.894737,0.921053,0.947368,0.973684,1,1,1,1,1,1,1,1,1,1,1,1,1,1,1,1,1,1,1,1,1,1,1,1,1,1,1,1,1,1,1,1,1,1,1,1,1,1,1,1,1
indst methane destruction,appliances and electrical equipment 27,,,0,0,0,0.026316,0.052632,0.078947,0.105263,0.131579,0.157895,0.184211,0.210526,0.236842,0.263158,0.289474,0.315789,0.342105,0.368421,0.394737,0.421053,0.447368,0.473684,0.5,0.526316,0.552632,0.578947,0.605263,0.631579,0.657895,0.684211,0.710526,0.736842,0.763158,0.789474,0.815789,0.842105,0.868421,0.894737,0.921053,0.947368,0.973684,1,1,1,1,1,1,1,1,1,1,1,1,1,1,1,1,1,1,1,1,1,1,1,1,1,1,1,1,1,1,1,1,1,1,1,1,1,1,1,1,1
indst methane destruction,other machinery 28,,,0,0,0,0.026316,0.052632,0.078947,0.105263,0.131579,0.157895,0.184211,0.210526,0.236842,0.263158,0.289474,0.315789,0.342105,0.368421,0.394737,0.421053,0.447368,0.473684,0.5,0.526316,0.552632,0.578947,0.605263,0.631579,0.657895,0.684211,0.710526,0.736842,0.763158,0.789474,0.815789,0.842105,0.868421,0.894737,0.921053,0.947368,0.973684,1,1,1,1,1,1,1,1,1,1,1,1,1,1,1,1,1,1,1,1,1,1,1,1,1,1,1,1,1,1,1,1,1,1,1,1,1,1,1,1,1
indst methane destruction,road vehicles 29,,,0,0,0,0.026316,0.052632,0.078947,0.105263,0.131579,0.157895,0.184211,0.210526,0.236842,0.263158,0.289474,0.315789,0.342105,0.368421,0.394737,0.421053,0.447368,0.473684,0.5,0.526316,0.552632,0.578947,0.605263,0.631579,0.657895,0.684211,0.710526,0.736842,0.763158,0.789474,0.815789,0.842105,0.868421,0.894737,0.921053,0.947368,0.973684,1,1,1,1,1,1,1,1,1,1,1,1,1,1,1,1,1,1,1,1,1,1,1,1,1,1,1,1,1,1,1,1,1,1,1,1,1,1,1,1,1
indst methane destruction,nonroad vehicles 30,,,0,0,0,0.026316,0.052632,0.078947,0.105263,0.131579,0.157895,0.184211,0.210526,0.236842,0.263158,0.289474,0.315789,0.342105,0.368421,0.394737,0.421053,0.447368,0.473684,0.5,0.526316,0.552632,0.578947,0.605263,0.631579,0.657895,0.684211,0.710526,0.736842,0.763158,0.789474,0.815789,0.842105,0.868421,0.894737,0.921053,0.947368,0.973684,1,1,1,1,1,1,1,1,1,1,1,1,1,1,1,1,1,1,1,1,1,1,1,1,1,1,1,1,1,1,1,1,1,1,1,1,1,1,1,1,1
indst methane destruction,other manufacturing 31T33,,,0,0,0,0.026316,0.052632,0.078947,0.105263,0.131579,0.157895,0.184211,0.210526,0.236842,0.263158,0.289474,0.315789,0.342105,0.368421,0.394737,0.421053,0.447368,0.473684,0.5,0.526316,0.552632,0.578947,0.605263,0.631579,0.657895,0.684211,0.710526,0.736842,0.763158,0.789474,0.815789,0.842105,0.868421,0.894737,0.921053,0.947368,0.973684,1,1,1,1,1,1,1,1,1,1,1,1,1,1,1,1,1,1,1,1,1,1,1,1,1,1,1,1,1,1,1,1,1,1,1,1,1,1,1,1,1
indst methane destruction,energy pipelines and gas processing 352T353,,,0,0,0,0.026316,0.052632,0.078947,0.105263,0.131579,0.157895,0.184211,0.210526,0.236842,0.263158,0.289474,0.315789,0.342105,0.368421,0.394737,0.421053,0.447368,0.473684,0.5,0.526316,0.552632,0.578947,0.605263,0.631579,0.657895,0.684211,0.710526,0.736842,0.763158,0.789474,0.815789,0.842105,0.868421,0.894737,0.921053,0.947368,0.973684,1,1,1,1,1,1,1,1,1,1,1,1,1,1,1,1,1,1,1,1,1,1,1,1,1,1,1,1,1,1,1,1,1,1,1,1,1,1,1,1,1
indst methane destruction,water and waste 36T39,,,0,0,0,0.026316,0.052632,0.078947,0.105263,0.131579,0.157895,0.184211,0.210526,0.236842,0.263158,0.289474,0.315789,0.342105,0.368421,0.394737,0.421053,0.447368,0.473684,0.5,0.526316,0.552632,0.578947,0.605263,0.631579,0.657895,0.684211,0.710526,0.736842,0.763158,0.789474,0.815789,0.842105,0.868421,0.894737,0.921053,0.947368,0.973684,1,1,1,1,1,1,1,1,1,1,1,1,1,1,1,1,1,1,1,1,1,1,1,1,1,1,1,1,1,1,1,1,1,1,1,1,1,1,1,1,1
indst methane destruction,construction 41T43,,,0,0,0,0.026316,0.052632,0.078947,0.105263,0.131579,0.157895,0.184211,0.210526,0.236842,0.263158,0.289474,0.315789,0.342105,0.368421,0.394737,0.421053,0.447368,0.473684,0.5,0.526316,0.552632,0.578947,0.605263,0.631579,0.657895,0.684211,0.710526,0.736842,0.763158,0.789474,0.815789,0.842105,0.868421,0.894737,0.921053,0.947368,0.973684,1,1,1,1,1,1,1,1,1,1,1,1,1,1,1,1,1,1,1,1,1,1,1,1,1,1,1,1,1,1,1,1,1,1,1,1,1,1,1,1,1
indst f gas substitution,,,,0,0,0,0.026316,0.052632,0.078947,0.105263,0.131579,0.157895,0.184211,0.210526,0.236842,0.263158,0.289474,0.315789,0.342105,0.368421,0.394737,0.421053,0.447368,0.473684,0.5,0.526316,0.552632,0.578947,0.605263,0.631579,0.657895,0.684211,0.710526,0.736842,0.763158,0.789474,0.815789,0.842105,0.868421,0.894737,0.921053,0.947368,0.973684,1,1,1,1,1,1,1,1,1,1,1,1,1,1,1,1,1,1,1,1,1,1,1,1,1,1,1,1,1,1,1,1,1,1,1,1,1,1,1,1,1
indst f gas destruction,,,,0,0,0,0.026316,0.052632,0.078947,0.105263,0.131579,0.157895,0.184211,0.210526,0.236842,0.263158,0.289474,0.315789,0.342105,0.368421,0.394737,0.421053,0.447368,0.473684,0.5,0.526316,0.552632,0.578947,0.605263,0.631579,0.657895,0.684211,0.710526,0.736842,0.763158,0.789474,0.815789,0.842105,0.868421,0.894737,0.921053,0.947368,0.973684,1,1,1,1,1,1,1,1,1,1,1,1,1,1,1,1,1,1,1,1,1,1,1,1,1,1,1,1,1,1,1,1,1,1,1,1,1,1,1,1,1
indst f gas recovery,,,,0,0,0,0.026316,0.052632,0.078947,0.105263,0.131579,0.157895,0.184211,0.210526,0.236842,0.263158,0.289474,0.315789,0.342105,0.368421,0.394737,0.421053,0.447368,0.473684,0.5,0.526316,0.552632,0.578947,0.605263,0.631579,0.657895,0.684211,0.710526,0.736842,0.763158,0.789474,0.815789,0.842105,0.868421,0.894737,0.921053,0.947368,0.973684,1,1,1,1,1,1,1,1,1,1,1,1,1,1,1,1,1,1,1,1,1,1,1,1,1,1,1,1,1,1,1,1,1,1,1,1,1,1,1,1,1
indst f gas inspct maint retrofit,agriculture and forestry 01T03,,,0,0,0,0.026316,0.052632,0.078947,0.105263,0.131579,0.157895,0.184211,0.210526,0.236842,0.263158,0.289474,0.315789,0.342105,0.368421,0.394737,0.421053,0.447368,0.473684,0.5,0.526316,0.552632,0.578947,0.605263,0.631579,0.657895,0.684211,0.710526,0.736842,0.763158,0.789474,0.815789,0.842105,0.868421,0.894737,0.921053,0.947368,0.973684,1,1,1,1,1,1,1,1,1,1,1,1,1,1,1,1,1,1,1,1,1,1,1,1,1,1,1,1,1,1,1,1,1,1,1,1,1,1,1,1,1
indst f gas inspct maint retrofit,coal mining 05,,,0,0,0,0.026316,0.052632,0.078947,0.105263,0.131579,0.157895,0.184211,0.210526,0.236842,0.263158,0.289474,0.315789,0.342105,0.368421,0.394737,0.421053,0.447368,0.473684,0.5,0.526316,0.552632,0.578947,0.605263,0.631579,0.657895,0.684211,0.710526,0.736842,0.763158,0.789474,0.815789,0.842105,0.868421,0.894737,0.921053,0.947368,0.973684,1,1,1,1,1,1,1,1,1,1,1,1,1,1,1,1,1,1,1,1,1,1,1,1,1,1,1,1,1,1,1,1,1,1,1,1,1,1,1,1,1
indst f gas inspct maint retrofit,oil and gas extraction 06,,,0,0,0,0.026316,0.052632,0.078947,0.105263,0.131579,0.157895,0.184211,0.210526,0.236842,0.263158,0.289474,0.315789,0.342105,0.368421,0.394737,0.421053,0.447368,0.473684,0.5,0.526316,0.552632,0.578947,0.605263,0.631579,0.657895,0.684211,0.710526,0.736842,0.763158,0.789474,0.815789,0.842105,0.868421,0.894737,0.921053,0.947368,0.973684,1,1,1,1,1,1,1,1,1,1,1,1,1,1,1,1,1,1,1,1,1,1,1,1,1,1,1,1,1,1,1,1,1,1,1,1,1,1,1,1,1
indst f gas inspct maint retrofit,other mining and quarrying 07T08,,,0,0,0,0.026316,0.052632,0.078947,0.105263,0.131579,0.157895,0.184211,0.210526,0.236842,0.263158,0.289474,0.315789,0.342105,0.368421,0.394737,0.421053,0.447368,0.473684,0.5,0.526316,0.552632,0.578947,0.605263,0.631579,0.657895,0.684211,0.710526,0.736842,0.763158,0.789474,0.815789,0.842105,0.868421,0.894737,0.921053,0.947368,0.973684,1,1,1,1,1,1,1,1,1,1,1,1,1,1,1,1,1,1,1,1,1,1,1,1,1,1,1,1,1,1,1,1,1,1,1,1,1,1,1,1,1
indst f gas inspct maint retrofit,food beverage and tobacco 10T12,,,0,0,0,0.026316,0.052632,0.078947,0.105263,0.131579,0.157895,0.184211,0.210526,0.236842,0.263158,0.289474,0.315789,0.342105,0.368421,0.394737,0.421053,0.447368,0.473684,0.5,0.526316,0.552632,0.578947,0.605263,0.631579,0.657895,0.684211,0.710526,0.736842,0.763158,0.789474,0.815789,0.842105,0.868421,0.894737,0.921053,0.947368,0.973684,1,1,1,1,1,1,1,1,1,1,1,1,1,1,1,1,1,1,1,1,1,1,1,1,1,1,1,1,1,1,1,1,1,1,1,1,1,1,1,1,1
indst f gas inspct maint retrofit,textiles apparel and leather 13T15,,,0,0,0,0.026316,0.052632,0.078947,0.105263,0.131579,0.157895,0.184211,0.210526,0.236842,0.263158,0.289474,0.315789,0.342105,0.368421,0.394737,0.421053,0.447368,0.473684,0.5,0.526316,0.552632,0.578947,0.605263,0.631579,0.657895,0.684211,0.710526,0.736842,0.763158,0.789474,0.815789,0.842105,0.868421,0.894737,0.921053,0.947368,0.973684,1,1,1,1,1,1,1,1,1,1,1,1,1,1,1,1,1,1,1,1,1,1,1,1,1,1,1,1,1,1,1,1,1,1,1,1,1,1,1,1,1
indst f gas inspct maint retrofit,wood products 16,,,0,0,0,0.026316,0.052632,0.078947,0.105263,0.131579,0.157895,0.184211,0.210526,0.236842,0.263158,0.289474,0.315789,0.342105,0.368421,0.394737,0.421053,0.447368,0.473684,0.5,0.526316,0.552632,0.578947,0.605263,0.631579,0.657895,0.684211,0.710526,0.736842,0.763158,0.789474,0.815789,0.842105,0.868421,0.894737,0.921053,0.947368,0.973684,1,1,1,1,1,1,1,1,1,1,1,1,1,1,1,1,1,1,1,1,1,1,1,1,1,1,1,1,1,1,1,1,1,1,1,1,1,1,1,1,1
indst f gas inspct maint retrofit,pulp paper and printing 17T18,,,0,0,0,0.026316,0.052632,0.078947,0.105263,0.131579,0.157895,0.184211,0.210526,0.236842,0.263158,0.289474,0.315789,0.342105,0.368421,0.394737,0.421053,0.447368,0.473684,0.5,0.526316,0.552632,0.578947,0.605263,0.631579,0.657895,0.684211,0.710526,0.736842,0.763158,0.789474,0.815789,0.842105,0.868421,0.894737,0.921053,0.947368,0.973684,1,1,1,1,1,1,1,1,1,1,1,1,1,1,1,1,1,1,1,1,1,1,1,1,1,1,1,1,1,1,1,1,1,1,1,1,1,1,1,1,1
indst f gas inspct maint retrofit,refined petroleum and coke 19,,,0,0,0,0.026316,0.052632,0.078947,0.105263,0.131579,0.157895,0.184211,0.210526,0.236842,0.263158,0.289474,0.315789,0.342105,0.368421,0.394737,0.421053,0.447368,0.473684,0.5,0.526316,0.552632,0.578947,0.605263,0.631579,0.657895,0.684211,0.710526,0.736842,0.763158,0.789474,0.815789,0.842105,0.868421,0.894737,0.921053,0.947368,0.973684,1,1,1,1,1,1,1,1,1,1,1,1,1,1,1,1,1,1,1,1,1,1,1,1,1,1,1,1,1,1,1,1,1,1,1,1,1,1,1,1,1
indst f gas inspct maint retrofit,chemicals 20,,,0,0,0,0.026316,0.052632,0.078947,0.105263,0.131579,0.157895,0.184211,0.210526,0.236842,0.263158,0.289474,0.315789,0.342105,0.368421,0.394737,0.421053,0.447368,0.473684,0.5,0.526316,0.552632,0.578947,0.605263,0.631579,0.657895,0.684211,0.710526,0.736842,0.763158,0.789474,0.815789,0.842105,0.868421,0.894737,0.921053,0.947368,0.973684,1,1,1,1,1,1,1,1,1,1,1,1,1,1,1,1,1,1,1,1,1,1,1,1,1,1,1,1,1,1,1,1,1,1,1,1,1,1,1,1,1
indst f gas inspct maint retrofit,rubber and plastic products 22,,,0,0,0,0.026316,0.052632,0.078947,0.105263,0.131579,0.157895,0.184211,0.210526,0.236842,0.263158,0.289474,0.315789,0.342105,0.368421,0.394737,0.421053,0.447368,0.473684,0.5,0.526316,0.552632,0.578947,0.605263,0.631579,0.657895,0.684211,0.710526,0.736842,0.763158,0.789474,0.815789,0.842105,0.868421,0.894737,0.921053,0.947368,0.973684,1,1,1,1,1,1,1,1,1,1,1,1,1,1,1,1,1,1,1,1,1,1,1,1,1,1,1,1,1,1,1,1,1,1,1,1,1,1,1,1,1
indst f gas inspct maint retrofit,glass and glass products 231,,,0,0,0,0.026316,0.052632,0.078947,0.105263,0.131579,0.157895,0.184211,0.210526,0.236842,0.263158,0.289474,0.315789,0.342105,0.368421,0.394737,0.421053,0.447368,0.473684,0.5,0.526316,0.552632,0.578947,0.605263,0.631579,0.657895,0.684211,0.710526,0.736842,0.763158,0.789474,0.815789,0.842105,0.868421,0.894737,0.921053,0.947368,0.973684,1,1,1,1,1,1,1,1,1,1,1,1,1,1,1,1,1,1,1,1,1,1,1,1,1,1,1,1,1,1,1,1,1,1,1,1,1,1,1,1,1
indst f gas inspct maint retrofit,cement and other nonmetallic minerals 239,,,0,0,0,0.026316,0.052632,0.078947,0.105263,0.131579,0.157895,0.184211,0.210526,0.236842,0.263158,0.289474,0.315789,0.342105,0.368421,0.394737,0.421053,0.447368,0.473684,0.5,0.526316,0.552632,0.578947,0.605263,0.631579,0.657895,0.684211,0.710526,0.736842,0.763158,0.789474,0.815789,0.842105,0.868421,0.894737,0.921053,0.947368,0.973684,1,1,1,1,1,1,1,1,1,1,1,1,1,1,1,1,1,1,1,1,1,1,1,1,1,1,1,1,1,1,1,1,1,1,1,1,1,1,1,1,1
indst f gas inspct maint retrofit,iron and steel 241,,,0,0,0,0.026316,0.052632,0.078947,0.105263,0.131579,0.157895,0.184211,0.210526,0.236842,0.263158,0.289474,0.315789,0.342105,0.368421,0.394737,0.421053,0.447368,0.473684,0.5,0.526316,0.552632,0.578947,0.605263,0.631579,0.657895,0.684211,0.710526,0.736842,0.763158,0.789474,0.815789,0.842105,0.868421,0.894737,0.921053,0.947368,0.973684,1,1,1,1,1,1,1,1,1,1,1,1,1,1,1,1,1,1,1,1,1,1,1,1,1,1,1,1,1,1,1,1,1,1,1,1,1,1,1,1,1
indst f gas inspct maint retrofit,other metals 242,,,0,0,0,0.026316,0.052632,0.078947,0.105263,0.131579,0.157895,0.184211,0.210526,0.236842,0.263158,0.289474,0.315789,0.342105,0.368421,0.394737,0.421053,0.447368,0.473684,0.5,0.526316,0.552632,0.578947,0.605263,0.631579,0.657895,0.684211,0.710526,0.736842,0.763158,0.789474,0.815789,0.842105,0.868421,0.894737,0.921053,0.947368,0.973684,1,1,1,1,1,1,1,1,1,1,1,1,1,1,1,1,1,1,1,1,1,1,1,1,1,1,1,1,1,1,1,1,1,1,1,1,1,1,1,1,1
indst f gas inspct maint retrofit,metal products except machinery and vehicles 25,,,0,0,0,0.026316,0.052632,0.078947,0.105263,0.131579,0.157895,0.184211,0.210526,0.236842,0.263158,0.289474,0.315789,0.342105,0.368421,0.394737,0.421053,0.447368,0.473684,0.5,0.526316,0.552632,0.578947,0.605263,0.631579,0.657895,0.684211,0.710526,0.736842,0.763158,0.789474,0.815789,0.842105,0.868421,0.894737,0.921053,0.947368,0.973684,1,1,1,1,1,1,1,1,1,1,1,1,1,1,1,1,1,1,1,1,1,1,1,1,1,1,1,1,1,1,1,1,1,1,1,1,1,1,1,1,1
indst f gas inspct maint retrofit,computers and electronics 26,,,0,0,0,0.026316,0.052632,0.078947,0.105263,0.131579,0.157895,0.184211,0.210526,0.236842,0.263158,0.289474,0.315789,0.342105,0.368421,0.394737,0.421053,0.447368,0.473684,0.5,0.526316,0.552632,0.578947,0.605263,0.631579,0.657895,0.684211,0.710526,0.736842,0.763158,0.789474,0.815789,0.842105,0.868421,0.894737,0.921053,0.947368,0.973684,1,1,1,1,1,1,1,1,1,1,1,1,1,1,1,1,1,1,1,1,1,1,1,1,1,1,1,1,1,1,1,1,1,1,1,1,1,1,1,1,1
indst f gas inspct maint retrofit,appliances and electrical equipment 27,,,0,0,0,0.026316,0.052632,0.078947,0.105263,0.131579,0.157895,0.184211,0.210526,0.236842,0.263158,0.289474,0.315789,0.342105,0.368421,0.394737,0.421053,0.447368,0.473684,0.5,0.526316,0.552632,0.578947,0.605263,0.631579,0.657895,0.684211,0.710526,0.736842,0.763158,0.789474,0.815789,0.842105,0.868421,0.894737,0.921053,0.947368,0.973684,1,1,1,1,1,1,1,1,1,1,1,1,1,1,1,1,1,1,1,1,1,1,1,1,1,1,1,1,1,1,1,1,1,1,1,1,1,1,1,1,1
indst f gas inspct maint retrofit,other machinery 28,,,0,0,0,0.026316,0.052632,0.078947,0.105263,0.131579,0.157895,0.184211,0.210526,0.236842,0.263158,0.289474,0.315789,0.342105,0.368421,0.394737,0.421053,0.447368,0.473684,0.5,0.526316,0.552632,0.578947,0.605263,0.631579,0.657895,0.684211,0.710526,0.736842,0.763158,0.789474,0.815789,0.842105,0.868421,0.894737,0.921053,0.947368,0.973684,1,1,1,1,1,1,1,1,1,1,1,1,1,1,1,1,1,1,1,1,1,1,1,1,1,1,1,1,1,1,1,1,1,1,1,1,1,1,1,1,1
indst f gas inspct maint retrofit,road vehicles 29,,,0,0,0,0.026316,0.052632,0.078947,0.105263,0.131579,0.157895,0.184211,0.210526,0.236842,0.263158,0.289474,0.315789,0.342105,0.368421,0.394737,0.421053,0.447368,0.473684,0.5,0.526316,0.552632,0.578947,0.605263,0.631579,0.657895,0.684211,0.710526,0.736842,0.763158,0.789474,0.815789,0.842105,0.868421,0.894737,0.921053,0.947368,0.973684,1,1,1,1,1,1,1,1,1,1,1,1,1,1,1,1,1,1,1,1,1,1,1,1,1,1,1,1,1,1,1,1,1,1,1,1,1,1,1,1,1
indst f gas inspct maint retrofit,nonroad vehicles 30,,,0,0,0,0.026316,0.052632,0.078947,0.105263,0.131579,0.157895,0.184211,0.210526,0.236842,0.263158,0.289474,0.315789,0.342105,0.368421,0.394737,0.421053,0.447368,0.473684,0.5,0.526316,0.552632,0.578947,0.605263,0.631579,0.657895,0.684211,0.710526,0.736842,0.763158,0.789474,0.815789,0.842105,0.868421,0.894737,0.921053,0.947368,0.973684,1,1,1,1,1,1,1,1,1,1,1,1,1,1,1,1,1,1,1,1,1,1,1,1,1,1,1,1,1,1,1,1,1,1,1,1,1,1,1,1,1
indst f gas inspct maint retrofit,other manufacturing 31T33,,,0,0,0,0.026316,0.052632,0.078947,0.105263,0.131579,0.157895,0.184211,0.210526,0.236842,0.263158,0.289474,0.315789,0.342105,0.368421,0.394737,0.421053,0.447368,0.473684,0.5,0.526316,0.552632,0.578947,0.605263,0.631579,0.657895,0.684211,0.710526,0.736842,0.763158,0.789474,0.815789,0.842105,0.868421,0.894737,0.921053,0.947368,0.973684,1,1,1,1,1,1,1,1,1,1,1,1,1,1,1,1,1,1,1,1,1,1,1,1,1,1,1,1,1,1,1,1,1,1,1,1,1,1,1,1,1
indst f gas inspct maint retrofit,energy pipelines and gas processing 352T353,,,0,0,0,0.026316,0.052632,0.078947,0.105263,0.131579,0.157895,0.184211,0.210526,0.236842,0.263158,0.289474,0.315789,0.342105,0.368421,0.394737,0.421053,0.447368,0.473684,0.5,0.526316,0.552632,0.578947,0.605263,0.631579,0.657895,0.684211,0.710526,0.736842,0.763158,0.789474,0.815789,0.842105,0.868421,0.894737,0.921053,0.947368,0.973684,1,1,1,1,1,1,1,1,1,1,1,1,1,1,1,1,1,1,1,1,1,1,1,1,1,1,1,1,1,1,1,1,1,1,1,1,1,1,1,1,1
indst f gas inspct maint retrofit,water and waste 36T39,,,0,0,0,0.026316,0.052632,0.078947,0.105263,0.131579,0.157895,0.184211,0.210526,0.236842,0.263158,0.289474,0.315789,0.342105,0.368421,0.394737,0.421053,0.447368,0.473684,0.5,0.526316,0.552632,0.578947,0.605263,0.631579,0.657895,0.684211,0.710526,0.736842,0.763158,0.789474,0.815789,0.842105,0.868421,0.894737,0.921053,0.947368,0.973684,1,1,1,1,1,1,1,1,1,1,1,1,1,1,1,1,1,1,1,1,1,1,1,1,1,1,1,1,1,1,1,1,1,1,1,1,1,1,1,1,1
indst f gas inspct maint retrofit,construction 41T43,,,0,0,0,0.026316,0.052632,0.078947,0.105263,0.131579,0.157895,0.184211,0.210526,0.236842,0.263158,0.289474,0.315789,0.342105,0.368421,0.394737,0.421053,0.447368,0.473684,0.5,0.526316,0.552632,0.578947,0.605263,0.631579,0.657895,0.684211,0.710526,0.736842,0.763158,0.789474,0.815789,0.842105,0.868421,0.894737,0.921053,0.947368,0.973684,1,1,1,1,1,1,1,1,1,1,1,1,1,1,1,1,1,1,1,1,1,1,1,1,1,1,1,1,1,1,1,1,1,1,1,1,1,1,1,1,1
indst cropland and rice measures,,,,0,0,0,0.026316,0.052632,0.078947,0.105263,0.131579,0.157895,0.184211,0.210526,0.236842,0.263158,0.289474,0.315789,0.342105,0.368421,0.394737,0.421053,0.447368,0.473684,0.5,0.526316,0.552632,0.578947,0.605263,0.631579,0.657895,0.684211,0.710526,0.736842,0.763158,0.789474,0.815789,0.842105,0.868421,0.894737,0.921053,0.947368,0.973684,1,1,1,1,1,1,1,1,1,1,1,1,1,1,1,1,1,1,1,1,1,1,1,1,1,1,1,1,1,1,1,1,1,1,1,1,1,1,1,1,1
indst livestock measures,,,,0,0,0,0.026316,0.052632,0.078947,0.105263,0.131579,0.157895,0.184211,0.210526,0.236842,0.263158,0.289474,0.315789,0.342105,0.368421,0.394737,0.421053,0.447368,0.473684,0.5,0.526316,0.552632,0.578947,0.605263,0.631579,0.657895,0.684211,0.710526,0.736842,0.763158,0.789474,0.815789,0.842105,0.868421,0.894737,0.921053,0.947368,0.973684,1,1,1,1,1,1,1,1,1,1,1,1,1,1,1,1,1,1,1,1,1,1,1,1,1,1,1,1,1,1,1,1,1,1,1,1,1,1,1,1,1
indst tillage,,,,0,0,0,0.026316,0.052632,0.078947,0.105263,0.131579,0.157895,0.184211,0.210526,0.236842,0.263158,0.289474,0.315789,0.342105,0.368421,0.394737,0.421053,0.447368,0.473684,0.5,0.526316,0.552632,0.578947,0.605263,0.631579,0.657895,0.684211,0.710526,0.736842,0.763158,0.789474,0.815789,0.842105,0.868421,0.894737,0.921053,0.947368,0.973684,1,1,1,1,1,1,1,1,1,1,1,1,1,1,1,1,1,1,1,1,1,1,1,1,1,1,1,1,1,1,1,1,1,1,1,1,1,1,1,1,1
indst cement measures,,,,0,0,0,0.026316,0.052632,0.078947,0.105263,0.131579,0.157895,0.184211,0.210526,0.236842,0.263158,0.289474,0.315789,0.342105,0.368421,0.394737,0.421053,0.447368,0.473684,0.5,0.526316,0.552632,0.578947,0.605263,0.631579,0.657895,0.684211,0.710526,0.736842,0.763158,0.789474,0.815789,0.842105,0.868421,0.894737,0.921053,0.947368,0.973684,1,1,1,1,1,1,1,1,1,1,1,1,1,1,1,1,1,1,1,1,1,1,1,1,1,1,1,1,1,1,1,1,1,1,1,1,1,1,1,1,1
indst early retirement,,,,0,0,0,0.026316,0.052632,0.078947,0.105263,0.131579,0.157895,0.184211,0.210526,0.236842,0.263158,0.289474,0.315789,0.342105,0.368421,0.394737,0.421053,0.447368,0.473684,0.5,0.526316,0.552632,0.578947,0.605263,0.631579,0.657895,0.684211,0.710526,0.736842,0.763158,0.789474,0.815789,0.842105,0.868421,0.894737,0.921053,0.947368,0.973684,1,1,1,1,1,1,1,1,1,1,1,1,1,1,1,1,1,1,1,1,1,1,1,1,1,1,1,1,1,1,1,1,1,1,1,1,1,1,1,1,1
indst system integration,,,,0,0,0,0.026316,0.052632,0.078947,0.105263,0.131579,0.157895,0.184211,0.210526,0.236842,0.263158,0.289474,0.315789,0.342105,0.368421,0.394737,0.421053,0.447368,0.473684,0.5,0.526316,0.552632,0.578947,0.605263,0.631579,0.657895,0.684211,0.710526,0.736842,0.763158,0.789474,0.815789,0.842105,0.868421,0.894737,0.921053,0.947368,0.973684,1,1,1,1,1,1,1,1,1,1,1,1,1,1,1,1,1,1,1,1,1,1,1,1,1,1,1,1,1,1,1,1,1,1,1,1,1,1,1,1,1
indst CHP,,,,0,0,0,0.026316,0.052632,0.078947,0.105263,0.131579,0.157895,0.184211,0.210526,0.236842,0.263158,0.289474,0.315789,0.342105,0.368421,0.394737,0.421053,0.447368,0.473684,0.5,0.526316,0.552632,0.578947,0.605263,0.631579,0.657895,0.684211,0.710526,0.736842,0.763158,0.789474,0.815789,0.842105,0.868421,0.894737,0.921053,0.947368,0.973684,1,1,1,1,1,1,1,1,1,1,1,1,1,1,1,1,1,1,1,1,1,1,1,1,1,1,1,1,1,1,1,1,1,1,1,1,1,1,1,1,1
indst efficiency standards,agriculture and forestry 01T03,electricity if,,0,0,0,0.026316,0.052632,0.078947,0.105263,0.131579,0.157895,0.184211,0.210526,0.236842,0.263158,0.289474,0.315789,0.342105,0.368421,0.394737,0.421053,0.447368,0.473684,0.5,0.526316,0.552632,0.578947,0.605263,0.631579,0.657895,0.684211,0.710526,0.736842,0.763158,0.789474,0.815789,0.842105,0.868421,0.894737,0.921053,0.947368,0.973684,1,1,1,1,1,1,1,1,1,1,1,1,1,1,1,1,1,1,1,1,1,1,1,1,1,1,1,1,1,1,1,1,1,1,1,1,1,1,1,1,1
indst efficiency standards,agriculture and forestry 01T03,hard coal if,,0,0,0,0.026316,0.052632,0.078947,0.105263,0.131579,0.157895,0.184211,0.210526,0.236842,0.263158,0.289474,0.315789,0.342105,0.368421,0.394737,0.421053,0.447368,0.473684,0.5,0.526316,0.552632,0.578947,0.605263,0.631579,0.657895,0.684211,0.710526,0.736842,0.763158,0.789474,0.815789,0.842105,0.868421,0.894737,0.921053,0.947368,0.973684,1,1,1,1,1,1,1,1,1,1,1,1,1,1,1,1,1,1,1,1,1,1,1,1,1,1,1,1,1,1,1,1,1,1,1,1,1,1,1,1,1
indst efficiency standards,agriculture and forestry 01T03,natural gas if,,0,0,0,0.026316,0.052632,0.078947,0.105263,0.131579,0.157895,0.184211,0.210526,0.236842,0.263158,0.289474,0.315789,0.342105,0.368421,0.394737,0.421053,0.447368,0.473684,0.5,0.526316,0.552632,0.578947,0.605263,0.631579,0.657895,0.684211,0.710526,0.736842,0.763158,0.789474,0.815789,0.842105,0.868421,0.894737,0.921053,0.947368,0.973684,1,1,1,1,1,1,1,1,1,1,1,1,1,1,1,1,1,1,1,1,1,1,1,1,1,1,1,1,1,1,1,1,1,1,1,1,1,1,1,1,1
indst efficiency standards,agriculture and forestry 01T03,biomass if,,0,0,0,0.026316,0.052632,0.078947,0.105263,0.131579,0.157895,0.184211,0.210526,0.236842,0.263158,0.289474,0.315789,0.342105,0.368421,0.394737,0.421053,0.447368,0.473684,0.5,0.526316,0.552632,0.578947,0.605263,0.631579,0.657895,0.684211,0.710526,0.736842,0.763158,0.789474,0.815789,0.842105,0.868421,0.894737,0.921053,0.947368,0.973684,1,1,1,1,1,1,1,1,1,1,1,1,1,1,1,1,1,1,1,1,1,1,1,1,1,1,1,1,1,1,1,1,1,1,1,1,1,1,1,1,1
indst efficiency standards,agriculture and forestry 01T03,petroleum diesel if,,0,0,0,0.026316,0.052632,0.078947,0.105263,0.131579,0.157895,0.184211,0.210526,0.236842,0.263158,0.289474,0.315789,0.342105,0.368421,0.394737,0.421053,0.447368,0.473684,0.5,0.526316,0.552632,0.578947,0.605263,0.631579,0.657895,0.684211,0.710526,0.736842,0.763158,0.789474,0.815789,0.842105,0.868421,0.894737,0.921053,0.947368,0.973684,1,1,1,1,1,1,1,1,1,1,1,1,1,1,1,1,1,1,1,1,1,1,1,1,1,1,1,1,1,1,1,1,1,1,1,1,1,1,1,1,1
indst efficiency standards,agriculture and forestry 01T03,heat if,,0,0,0,0.026316,0.052632,0.078947,0.105263,0.131579,0.157895,0.184211,0.210526,0.236842,0.263158,0.289474,0.315789,0.342105,0.368421,0.394737,0.421053,0.447368,0.473684,0.5,0.526316,0.552632,0.578947,0.605263,0.631579,0.657895,0.684211,0.710526,0.736842,0.763158,0.789474,0.815789,0.842105,0.868421,0.894737,0.921053,0.947368,0.973684,1,1,1,1,1,1,1,1,1,1,1,1,1,1,1,1,1,1,1,1,1,1,1,1,1,1,1,1,1,1,1,1,1,1,1,1,1,1,1,1,1
indst efficiency standards,agriculture and forestry 01T03,crude oil if,,0,0,0,0.026316,0.052632,0.078947,0.105263,0.131579,0.157895,0.184211,0.210526,0.236842,0.263158,0.289474,0.315789,0.342105,0.368421,0.394737,0.421053,0.447368,0.473684,0.5,0.526316,0.552632,0.578947,0.605263,0.631579,0.657895,0.684211,0.710526,0.736842,0.763158,0.789474,0.815789,0.842105,0.868421,0.894737,0.921053,0.947368,0.973684,1,1,1,1,1,1,1,1,1,1,1,1,1,1,1,1,1,1,1,1,1,1,1,1,1,1,1,1,1,1,1,1,1,1,1,1,1,1,1,1,1
indst efficiency standards,agriculture and forestry 01T03,heavy or residual fuel oil if,,0,0,0,0.026316,0.052632,0.078947,0.105263,0.131579,0.157895,0.184211,0.210526,0.236842,0.263158,0.289474,0.315789,0.342105,0.368421,0.394737,0.421053,0.447368,0.473684,0.5,0.526316,0.552632,0.578947,0.605263,0.631579,0.657895,0.684211,0.710526,0.736842,0.763158,0.789474,0.815789,0.842105,0.868421,0.894737,0.921053,0.947368,0.973684,1,1,1,1,1,1,1,1,1,1,1,1,1,1,1,1,1,1,1,1,1,1,1,1,1,1,1,1,1,1,1,1,1,1,1,1,1,1,1,1,1
indst efficiency standards,agriculture and forestry 01T03,LPG propane or butane if,,0,0,0,0.026316,0.052632,0.078947,0.105263,0.131579,0.157895,0.184211,0.210526,0.236842,0.263158,0.289474,0.315789,0.342105,0.368421,0.394737,0.421053,0.447368,0.473684,0.5,0.526316,0.552632,0.578947,0.605263,0.631579,0.657895,0.684211,0.710526,0.736842,0.763158,0.789474,0.815789,0.842105,0.868421,0.894737,0.921053,0.947368,0.973684,1,1,1,1,1,1,1,1,1,1,1,1,1,1,1,1,1,1,1,1,1,1,1,1,1,1,1,1,1,1,1,1,1,1,1,1,1,1,1,1,1
indst efficiency standards,agriculture and forestry 01T03,hydrogen if,,0,0,0,0.026316,0.052632,0.078947,0.105263,0.131579,0.157895,0.184211,0.210526,0.236842,0.263158,0.289474,0.315789,0.342105,0.368421,0.394737,0.421053,0.447368,0.473684,0.5,0.526316,0.552632,0.578947,0.605263,0.631579,0.657895,0.684211,0.710526,0.736842,0.763158,0.789474,0.815789,0.842105,0.868421,0.894737,0.921053,0.947368,0.973684,1,1,1,1,1,1,1,1,1,1,1,1,1,1,1,1,1,1,1,1,1,1,1,1,1,1,1,1,1,1,1,1,1,1,1,1,1,1,1,1,1
indst efficiency standards,coal mining 05,electricity if,,0,0,0,0.147,0.141,0.119,0.117,0.116,0.134,0.132,0.13,0.159,0.188,0.217,0.246,0.275,0.304,0.333,0.362,0.391,0.42,0.449,0.478,0.507,0.536,0.565,0.594,0.623,0.652,0.681,0.71,0.739,0.768,0.797,0.826,0.855,0.884,0.913,0.942,0.971,1,1,1,1,1,1,1,1,1,1,1,1,1,1,1,1,1,1,1,1,1,1,1,1,1,1,1,1,1,1,1,1,1,1,1,1,1,1,1,1,1
indst efficiency standards,coal mining 05,hard coal if,,0,0,0,0.147,0.141,0.119,0.117,0.116,0.134,0.132,0.13,0.159,0.188,0.217,0.246,0.275,0.304,0.333,0.362,0.391,0.42,0.449,0.478,0.507,0.536,0.565,0.594,0.623,0.652,0.681,0.71,0.739,0.768,0.797,0.826,0.855,0.884,0.913,0.942,0.971,1,1,1,1,1,1,1,1,1,1,1,1,1,1,1,1,1,1,1,1,1,1,1,1,1,1,1,1,1,1,1,1,1,1,1,1,1,1,1,1,1
indst efficiency standards,coal mining 05,natural gas if,,0,0,0,0.147,0.141,0.119,0.117,0.116,0.134,0.132,0.13,0.159,0.188,0.217,0.246,0.275,0.304,0.333,0.362,0.391,0.42,0.449,0.478,0.507,0.536,0.565,0.594,0.623,0.652,0.681,0.71,0.739,0.768,0.797,0.826,0.855,0.884,0.913,0.942,0.971,1,1,1,1,1,1,1,1,1,1,1,1,1,1,1,1,1,1,1,1,1,1,1,1,1,1,1,1,1,1,1,1,1,1,1,1,1,1,1,1,1
indst efficiency standards,coal mining 05,biomass if,,0,0,0,0.147,0.141,0.119,0.117,0.116,0.134,0.132,0.13,0.159,0.188,0.217,0.246,0.275,0.304,0.333,0.362,0.391,0.42,0.449,0.478,0.507,0.536,0.565,0.594,0.623,0.652,0.681,0.71,0.739,0.768,0.797,0.826,0.855,0.884,0.913,0.942,0.971,1,1,1,1,1,1,1,1,1,1,1,1,1,1,1,1,1,1,1,1,1,1,1,1,1,1,1,1,1,1,1,1,1,1,1,1,1,1,1,1,1
indst efficiency standards,coal mining 05,petroleum diesel if,,0,0,0,0.147,0.141,0.119,0.117,0.116,0.134,0.132,0.13,0.159,0.188,0.217,0.246,0.275,0.304,0.333,0.362,0.391,0.42,0.449,0.478,0.507,0.536,0.565,0.594,0.623,0.652,0.681,0.71,0.739,0.768,0.797,0.826,0.855,0.884,0.913,0.942,0.971,1,1,1,1,1,1,1,1,1,1,1,1,1,1,1,1,1,1,1,1,1,1,1,1,1,1,1,1,1,1,1,1,1,1,1,1,1,1,1,1,1
indst efficiency standards,coal mining 05,heat if,,0,0,0,0.147,0.141,0.119,0.117,0.116,0.134,0.132,0.13,0.159,0.188,0.217,0.246,0.275,0.304,0.333,0.362,0.391,0.42,0.449,0.478,0.507,0.536,0.565,0.594,0.623,0.652,0.681,0.71,0.739,0.768,0.797,0.826,0.855,0.884,0.913,0.942,0.971,1,1,1,1,1,1,1,1,1,1,1,1,1,1,1,1,1,1,1,1,1,1,1,1,1,1,1,1,1,1,1,1,1,1,1,1,1,1,1,1,1
indst efficiency standards,coal mining 05,crude oil if,,0,0,0,0.147,0.141,0.119,0.117,0.116,0.134,0.132,0.13,0.159,0.188,0.217,0.246,0.275,0.304,0.333,0.362,0.391,0.42,0.449,0.478,0.507,0.536,0.565,0.594,0.623,0.652,0.681,0.71,0.739,0.768,0.797,0.826,0.855,0.884,0.913,0.942,0.971,1,1,1,1,1,1,1,1,1,1,1,1,1,1,1,1,1,1,1,1,1,1,1,1,1,1,1,1,1,1,1,1,1,1,1,1,1,1,1,1,1
indst efficiency standards,coal mining 05,heavy or residual fuel oil if,,0,0,0,0.147,0.141,0.119,0.117,0.116,0.134,0.132,0.13,0.159,0.188,0.217,0.246,0.275,0.304,0.333,0.362,0.391,0.42,0.449,0.478,0.507,0.536,0.565,0.594,0.623,0.652,0.681,0.71,0.739,0.768,0.797,0.826,0.855,0.884,0.913,0.942,0.971,1,1,1,1,1,1,1,1,1,1,1,1,1,1,1,1,1,1,1,1,1,1,1,1,1,1,1,1,1,1,1,1,1,1,1,1,1,1,1,1,1
indst efficiency standards,coal mining 05,LPG propane or butane if,,0,0,0,0.147,0.141,0.119,0.117,0.116,0.134,0.132,0.13,0.159,0.188,0.217,0.246,0.275,0.304,0.333,0.362,0.391,0.42,0.449,0.478,0.507,0.536,0.565,0.594,0.623,0.652,0.681,0.71,0.739,0.768,0.797,0.826,0.855,0.884,0.913,0.942,0.971,1,1,1,1,1,1,1,1,1,1,1,1,1,1,1,1,1,1,1,1,1,1,1,1,1,1,1,1,1,1,1,1,1,1,1,1,1,1,1,1,1
indst efficiency standards,coal mining 05,hydrogen if,,0,0,0,0.147,0.141,0.119,0.117,0.116,0.134,0.132,0.13,0.159,0.188,0.217,0.246,0.275,0.304,0.333,0.362,0.391,0.42,0.449,0.478,0.507,0.536,0.565,0.594,0.623,0.652,0.681,0.71,0.739,0.768,0.797,0.826,0.855,0.884,0.913,0.942,0.971,1,1,1,1,1,1,1,1,1,1,1,1,1,1,1,1,1,1,1,1,1,1,1,1,1,1,1,1,1,1,1,1,1,1,1,1,1,1,1,1,1
indst efficiency standards,oil and gas extraction 06,electricity if,,0,0.236,0.225,0.209,0.2,0.187,0,0,0,0,0,0.033333,0.066667,0.1,0.133333,0.166667,0.2,0.233333,0.266667,0.3,0.333333,0.366667,0.4,0.433333,0.466667,0.5,0.533333,0.566667,0.6,0.633333,0.666667,0.7,0.733333,0.766667,0.8,0.833333,0.866667,0.9,0.933333,0.966667,1,1,1,1,1,1,1,1,1,1,1,1,1,1,1,1,1,1,1,1,1,1,1,1,1,1,1,1,1,1,1,1,1,1,1,1,1,1,1,1,1
indst efficiency standards,oil and gas extraction 06,hard coal if,,0,0.236,0.225,0.209,0.2,0.187,0,0,0,0,0,0.033333,0.066667,0.1,0.133333,0.166667,0.2,0.233333,0.266667,0.3,0.333333,0.366667,0.4,0.433333,0.466667,0.5,0.533333,0.566667,0.6,0.633333,0.666667,0.7,0.733333,0.766667,0.8,0.833333,0.866667,0.9,0.933333,0.966667,1,1,1,1,1,1,1,1,1,1,1,1,1,1,1,1,1,1,1,1,1,1,1,1,1,1,1,1,1,1,1,1,1,1,1,1,1,1,1,1,1
indst efficiency standards,oil and gas extraction 06,natural gas if,,0,0.236,0.225,0.209,0.2,0.187,0,0,0,0,0,0.033333,0.066667,0.1,0.133333,0.166667,0.2,0.233333,0.266667,0.3,0.333333,0.366667,0.4,0.433333,0.466667,0.5,0.533333,0.566667,0.6,0.633333,0.666667,0.7,0.733333,0.766667,0.8,0.833333,0.866667,0.9,0.933333,0.966667,1,1,1,1,1,1,1,1,1,1,1,1,1,1,1,1,1,1,1,1,1,1,1,1,1,1,1,1,1,1,1,1,1,1,1,1,1,1,1,1,1
indst efficiency standards,oil and gas extraction 06,biomass if,,0,0.236,0.225,0.209,0.2,0.187,0,0,0,0,0,0.033333,0.066667,0.1,0.133333,0.166667,0.2,0.233333,0.266667,0.3,0.333333,0.366667,0.4,0.433333,0.466667,0.5,0.533333,0.566667,0.6,0.633333,0.666667,0.7,0.733333,0.766667,0.8,0.833333,0.866667,0.9,0.933333,0.966667,1,1,1,1,1,1,1,1,1,1,1,1,1,1,1,1,1,1,1,1,1,1,1,1,1,1,1,1,1,1,1,1,1,1,1,1,1,1,1,1,1
indst efficiency standards,oil and gas extraction 06,petroleum diesel if,,0,0.236,0.225,0.209,0.2,0.187,0,0,0,0,0,0.033333,0.066667,0.1,0.133333,0.166667,0.2,0.233333,0.266667,0.3,0.333333,0.366667,0.4,0.433333,0.466667,0.5,0.533333,0.566667,0.6,0.633333,0.666667,0.7,0.733333,0.766667,0.8,0.833333,0.866667,0.9,0.933333,0.966667,1,1,1,1,1,1,1,1,1,1,1,1,1,1,1,1,1,1,1,1,1,1,1,1,1,1,1,1,1,1,1,1,1,1,1,1,1,1,1,1,1
indst efficiency standards,oil and gas extraction 06,heat if,,0,0.236,0.225,0.209,0.2,0.187,0,0,0,0,0,0.033333,0.066667,0.1,0.133333,0.166667,0.2,0.233333,0.266667,0.3,0.333333,0.366667,0.4,0.433333,0.466667,0.5,0.533333,0.566667,0.6,0.633333,0.666667,0.7,0.733333,0.766667,0.8,0.833333,0.866667,0.9,0.933333,0.966667,1,1,1,1,1,1,1,1,1,1,1,1,1,1,1,1,1,1,1,1,1,1,1,1,1,1,1,1,1,1,1,1,1,1,1,1,1,1,1,1,1
indst efficiency standards,oil and gas extraction 06,crude oil if,,0,0.236,0.225,0.209,0.2,0.187,0,0,0,0,0,0.033333,0.066667,0.1,0.133333,0.166667,0.2,0.233333,0.266667,0.3,0.333333,0.366667,0.4,0.433333,0.466667,0.5,0.533333,0.566667,0.6,0.633333,0.666667,0.7,0.733333,0.766667,0.8,0.833333,0.866667,0.9,0.933333,0.966667,1,1,1,1,1,1,1,1,1,1,1,1,1,1,1,1,1,1,1,1,1,1,1,1,1,1,1,1,1,1,1,1,1,1,1,1,1,1,1,1,1
indst efficiency standards,oil and gas extraction 06,heavy or residual fuel oil if,,0,0.236,0.225,0.209,0.2,0.187,0,0,0,0,0,0.033333,0.066667,0.1,0.133333,0.166667,0.2,0.233333,0.266667,0.3,0.333333,0.366667,0.4,0.433333,0.466667,0.5,0.533333,0.566667,0.6,0.633333,0.666667,0.7,0.733333,0.766667,0.8,0.833333,0.866667,0.9,0.933333,0.966667,1,1,1,1,1,1,1,1,1,1,1,1,1,1,1,1,1,1,1,1,1,1,1,1,1,1,1,1,1,1,1,1,1,1,1,1,1,1,1,1,1
indst efficiency standards,oil and gas extraction 06,LPG propane or butane if,,0,0.236,0.225,0.209,0.2,0.187,0,0,0,0,0,0.033333,0.066667,0.1,0.133333,0.166667,0.2,0.233333,0.266667,0.3,0.333333,0.366667,0.4,0.433333,0.466667,0.5,0.533333,0.566667,0.6,0.633333,0.666667,0.7,0.733333,0.766667,0.8,0.833333,0.866667,0.9,0.933333,0.966667,1,1,1,1,1,1,1,1,1,1,1,1,1,1,1,1,1,1,1,1,1,1,1,1,1,1,1,1,1,1,1,1,1,1,1,1,1,1,1,1,1
indst efficiency standards,oil and gas extraction 06,hydrogen if,,0,0.236,0.225,0.209,0.2,0.187,0,0,0,0,0,0.033333,0.066667,0.1,0.133333,0.166667,0.2,0.233333,0.266667,0.3,0.333333,0.366667,0.4,0.433333,0.466667,0.5,0.533333,0.566667,0.6,0.633333,0.666667,0.7,0.733333,0.766667,0.8,0.833333,0.866667,0.9,0.933333,0.966667,1,1,1,1,1,1,1,1,1,1,1,1,1,1,1,1,1,1,1,1,1,1,1,1,1,1,1,1,1,1,1,1,1,1,1,1,1,1,1,1,1
indst efficiency standards,other mining and quarrying 07T08,electricity if,,0,0,0,0.026316,0.052632,0.078947,0.105263,0.131579,0.157895,0.184211,0.210526,0.236842,0.263158,0.289474,0.315789,0.342105,0.368421,0.394737,0.421053,0.447368,0.473684,0.5,0.526316,0.552632,0.578947,0.605263,0.631579,0.657895,0.684211,0.710526,0.736842,0.763158,0.789474,0.815789,0.842105,0.868421,0.894737,0.921053,0.947368,0.973684,1,1,1,1,1,1,1,1,1,1,1,1,1,1,1,1,1,1,1,1,1,1,1,1,1,1,1,1,1,1,1,1,1,1,1,1,1,1,1,1,1
indst efficiency standards,other mining and quarrying 07T08,hard coal if,,0,0,0,0.026316,0.052632,0.078947,0.105263,0.131579,0.157895,0.184211,0.210526,0.236842,0.263158,0.289474,0.315789,0.342105,0.368421,0.394737,0.421053,0.447368,0.473684,0.5,0.526316,0.552632,0.578947,0.605263,0.631579,0.657895,0.684211,0.710526,0.736842,0.763158,0.789474,0.815789,0.842105,0.868421,0.894737,0.921053,0.947368,0.973684,1,1,1,1,1,1,1,1,1,1,1,1,1,1,1,1,1,1,1,1,1,1,1,1,1,1,1,1,1,1,1,1,1,1,1,1,1,1,1,1,1
indst efficiency standards,other mining and quarrying 07T08,natural gas if,,0,0,0,0.026316,0.052632,0.078947,0.105263,0.131579,0.157895,0.184211,0.210526,0.236842,0.263158,0.289474,0.315789,0.342105,0.368421,0.394737,0.421053,0.447368,0.473684,0.5,0.526316,0.552632,0.578947,0.605263,0.631579,0.657895,0.684211,0.710526,0.736842,0.763158,0.789474,0.815789,0.842105,0.868421,0.894737,0.921053,0.947368,0.973684,1,1,1,1,1,1,1,1,1,1,1,1,1,1,1,1,1,1,1,1,1,1,1,1,1,1,1,1,1,1,1,1,1,1,1,1,1,1,1,1,1
indst efficiency standards,other mining and quarrying 07T08,biomass if,,0,0,0,0.026316,0.052632,0.078947,0.105263,0.131579,0.157895,0.184211,0.210526,0.236842,0.263158,0.289474,0.315789,0.342105,0.368421,0.394737,0.421053,0.447368,0.473684,0.5,0.526316,0.552632,0.578947,0.605263,0.631579,0.657895,0.684211,0.710526,0.736842,0.763158,0.789474,0.815789,0.842105,0.868421,0.894737,0.921053,0.947368,0.973684,1,1,1,1,1,1,1,1,1,1,1,1,1,1,1,1,1,1,1,1,1,1,1,1,1,1,1,1,1,1,1,1,1,1,1,1,1,1,1,1,1
indst efficiency standards,other mining and quarrying 07T08,petroleum diesel if,,0,0,0,0.026316,0.052632,0.078947,0.105263,0.131579,0.157895,0.184211,0.210526,0.236842,0.263158,0.289474,0.315789,0.342105,0.368421,0.394737,0.421053,0.447368,0.473684,0.5,0.526316,0.552632,0.578947,0.605263,0.631579,0.657895,0.684211,0.710526,0.736842,0.763158,0.789474,0.815789,0.842105,0.868421,0.894737,0.921053,0.947368,0.973684,1,1,1,1,1,1,1,1,1,1,1,1,1,1,1,1,1,1,1,1,1,1,1,1,1,1,1,1,1,1,1,1,1,1,1,1,1,1,1,1,1
indst efficiency standards,other mining and quarrying 07T08,heat if,,0,0,0,0.026316,0.052632,0.078947,0.105263,0.131579,0.157895,0.184211,0.210526,0.236842,0.263158,0.289474,0.315789,0.342105,0.368421,0.394737,0.421053,0.447368,0.473684,0.5,0.526316,0.552632,0.578947,0.605263,0.631579,0.657895,0.684211,0.710526,0.736842,0.763158,0.789474,0.815789,0.842105,0.868421,0.894737,0.921053,0.947368,0.973684,1,1,1,1,1,1,1,1,1,1,1,1,1,1,1,1,1,1,1,1,1,1,1,1,1,1,1,1,1,1,1,1,1,1,1,1,1,1,1,1,1
indst efficiency standards,other mining and quarrying 07T08,crude oil if,,0,0,0,0.026316,0.052632,0.078947,0.105263,0.131579,0.157895,0.184211,0.210526,0.236842,0.263158,0.289474,0.315789,0.342105,0.368421,0.394737,0.421053,0.447368,0.473684,0.5,0.526316,0.552632,0.578947,0.605263,0.631579,0.657895,0.684211,0.710526,0.736842,0.763158,0.789474,0.815789,0.842105,0.868421,0.894737,0.921053,0.947368,0.973684,1,1,1,1,1,1,1,1,1,1,1,1,1,1,1,1,1,1,1,1,1,1,1,1,1,1,1,1,1,1,1,1,1,1,1,1,1,1,1,1,1
indst efficiency standards,other mining and quarrying 07T08,heavy or residual fuel oil if,,0,0,0,0.026316,0.052632,0.078947,0.105263,0.131579,0.157895,0.184211,0.210526,0.236842,0.263158,0.289474,0.315789,0.342105,0.368421,0.394737,0.421053,0.447368,0.473684,0.5,0.526316,0.552632,0.578947,0.605263,0.631579,0.657895,0.684211,0.710526,0.736842,0.763158,0.789474,0.815789,0.842105,0.868421,0.894737,0.921053,0.947368,0.973684,1,1,1,1,1,1,1,1,1,1,1,1,1,1,1,1,1,1,1,1,1,1,1,1,1,1,1,1,1,1,1,1,1,1,1,1,1,1,1,1,1
indst efficiency standards,other mining and quarrying 07T08,LPG propane or butane if,,0,0,0,0.026316,0.052632,0.078947,0.105263,0.131579,0.157895,0.184211,0.210526,0.236842,0.263158,0.289474,0.315789,0.342105,0.368421,0.394737,0.421053,0.447368,0.473684,0.5,0.526316,0.552632,0.578947,0.605263,0.631579,0.657895,0.684211,0.710526,0.736842,0.763158,0.789474,0.815789,0.842105,0.868421,0.894737,0.921053,0.947368,0.973684,1,1,1,1,1,1,1,1,1,1,1,1,1,1,1,1,1,1,1,1,1,1,1,1,1,1,1,1,1,1,1,1,1,1,1,1,1,1,1,1,1
indst efficiency standards,other mining and quarrying 07T08,hydrogen if,,0,0,0,0.026316,0.052632,0.078947,0.105263,0.131579,0.157895,0.184211,0.210526,0.236842,0.263158,0.289474,0.315789,0.342105,0.368421,0.394737,0.421053,0.447368,0.473684,0.5,0.526316,0.552632,0.578947,0.605263,0.631579,0.657895,0.684211,0.710526,0.736842,0.763158,0.789474,0.815789,0.842105,0.868421,0.894737,0.921053,0.947368,0.973684,1,1,1,1,1,1,1,1,1,1,1,1,1,1,1,1,1,1,1,1,1,1,1,1,1,1,1,1,1,1,1,1,1,1,1,1,1,1,1,1,1
indst efficiency standards,food beverage and tobacco 10T12,electricity if,,0,0,0,0.026316,0.052632,0.078947,0.105263,0.131579,0.157895,0.184211,0.210526,0.236842,0.263158,0.289474,0.315789,0.342105,0.368421,0.394737,0.421053,0.447368,0.473684,0.5,0.526316,0.552632,0.578947,0.605263,0.631579,0.657895,0.684211,0.710526,0.736842,0.763158,0.789474,0.815789,0.842105,0.868421,0.894737,0.921053,0.947368,0.973684,1,1,1,1,1,1,1,1,1,1,1,1,1,1,1,1,1,1,1,1,1,1,1,1,1,1,1,1,1,1,1,1,1,1,1,1,1,1,1,1,1
indst efficiency standards,food beverage and tobacco 10T12,hard coal if,,0,0,0,0.026316,0.052632,0.078947,0.105263,0.131579,0.157895,0.184211,0.210526,0.236842,0.263158,0.289474,0.315789,0.342105,0.368421,0.394737,0.421053,0.447368,0.473684,0.5,0.526316,0.552632,0.578947,0.605263,0.631579,0.657895,0.684211,0.710526,0.736842,0.763158,0.789474,0.815789,0.842105,0.868421,0.894737,0.921053,0.947368,0.973684,1,1,1,1,1,1,1,1,1,1,1,1,1,1,1,1,1,1,1,1,1,1,1,1,1,1,1,1,1,1,1,1,1,1,1,1,1,1,1,1,1
indst efficiency standards,food beverage and tobacco 10T12,natural gas if,,0,0,0,0.026316,0.052632,0.078947,0.105263,0.131579,0.157895,0.184211,0.210526,0.236842,0.263158,0.289474,0.315789,0.342105,0.368421,0.394737,0.421053,0.447368,0.473684,0.5,0.526316,0.552632,0.578947,0.605263,0.631579,0.657895,0.684211,0.710526,0.736842,0.763158,0.789474,0.815789,0.842105,0.868421,0.894737,0.921053,0.947368,0.973684,1,1,1,1,1,1,1,1,1,1,1,1,1,1,1,1,1,1,1,1,1,1,1,1,1,1,1,1,1,1,1,1,1,1,1,1,1,1,1,1,1
indst efficiency standards,food beverage and tobacco 10T12,biomass if,,0,0,0,0.026316,0.052632,0.078947,0.105263,0.131579,0.157895,0.184211,0.210526,0.236842,0.263158,0.289474,0.315789,0.342105,0.368421,0.394737,0.421053,0.447368,0.473684,0.5,0.526316,0.552632,0.578947,0.605263,0.631579,0.657895,0.684211,0.710526,0.736842,0.763158,0.789474,0.815789,0.842105,0.868421,0.894737,0.921053,0.947368,0.973684,1,1,1,1,1,1,1,1,1,1,1,1,1,1,1,1,1,1,1,1,1,1,1,1,1,1,1,1,1,1,1,1,1,1,1,1,1,1,1,1,1
indst efficiency standards,food beverage and tobacco 10T12,petroleum diesel if,,0,0,0,0.026316,0.052632,0.078947,0.105263,0.131579,0.157895,0.184211,0.210526,0.236842,0.263158,0.289474,0.315789,0.342105,0.368421,0.394737,0.421053,0.447368,0.473684,0.5,0.526316,0.552632,0.578947,0.605263,0.631579,0.657895,0.684211,0.710526,0.736842,0.763158,0.789474,0.815789,0.842105,0.868421,0.894737,0.921053,0.947368,0.973684,1,1,1,1,1,1,1,1,1,1,1,1,1,1,1,1,1,1,1,1,1,1,1,1,1,1,1,1,1,1,1,1,1,1,1,1,1,1,1,1,1
indst efficiency standards,food beverage and tobacco 10T12,heat if,,0,0,0,0.026316,0.052632,0.078947,0.105263,0.131579,0.157895,0.184211,0.210526,0.236842,0.263158,0.289474,0.315789,0.342105,0.368421,0.394737,0.421053,0.447368,0.473684,0.5,0.526316,0.552632,0.578947,0.605263,0.631579,0.657895,0.684211,0.710526,0.736842,0.763158,0.789474,0.815789,0.842105,0.868421,0.894737,0.921053,0.947368,0.973684,1,1,1,1,1,1,1,1,1,1,1,1,1,1,1,1,1,1,1,1,1,1,1,1,1,1,1,1,1,1,1,1,1,1,1,1,1,1,1,1,1
indst efficiency standards,food beverage and tobacco 10T12,crude oil if,,0,0,0,0.026316,0.052632,0.078947,0.105263,0.131579,0.157895,0.184211,0.210526,0.236842,0.263158,0.289474,0.315789,0.342105,0.368421,0.394737,0.421053,0.447368,0.473684,0.5,0.526316,0.552632,0.578947,0.605263,0.631579,0.657895,0.684211,0.710526,0.736842,0.763158,0.789474,0.815789,0.842105,0.868421,0.894737,0.921053,0.947368,0.973684,1,1,1,1,1,1,1,1,1,1,1,1,1,1,1,1,1,1,1,1,1,1,1,1,1,1,1,1,1,1,1,1,1,1,1,1,1,1,1,1,1
indst efficiency standards,food beverage and tobacco 10T12,heavy or residual fuel oil if,,0,0,0,0.026316,0.052632,0.078947,0.105263,0.131579,0.157895,0.184211,0.210526,0.236842,0.263158,0.289474,0.315789,0.342105,0.368421,0.394737,0.421053,0.447368,0.473684,0.5,0.526316,0.552632,0.578947,0.605263,0.631579,0.657895,0.684211,0.710526,0.736842,0.763158,0.789474,0.815789,0.842105,0.868421,0.894737,0.921053,0.947368,0.973684,1,1,1,1,1,1,1,1,1,1,1,1,1,1,1,1,1,1,1,1,1,1,1,1,1,1,1,1,1,1,1,1,1,1,1,1,1,1,1,1,1
indst efficiency standards,food beverage and tobacco 10T12,LPG propane or butane if,,0,0,0,0.026316,0.052632,0.078947,0.105263,0.131579,0.157895,0.184211,0.210526,0.236842,0.263158,0.289474,0.315789,0.342105,0.368421,0.394737,0.421053,0.447368,0.473684,0.5,0.526316,0.552632,0.578947,0.605263,0.631579,0.657895,0.684211,0.710526,0.736842,0.763158,0.789474,0.815789,0.842105,0.868421,0.894737,0.921053,0.947368,0.973684,1,1,1,1,1,1,1,1,1,1,1,1,1,1,1,1,1,1,1,1,1,1,1,1,1,1,1,1,1,1,1,1,1,1,1,1,1,1,1,1,1
indst efficiency standards,food beverage and tobacco 10T12,hydrogen if,,0,0,0,0.026316,0.052632,0.078947,0.105263,0.131579,0.157895,0.184211,0.210526,0.236842,0.263158,0.289474,0.315789,0.342105,0.368421,0.394737,0.421053,0.447368,0.473684,0.5,0.526316,0.552632,0.578947,0.605263,0.631579,0.657895,0.684211,0.710526,0.736842,0.763158,0.789474,0.815789,0.842105,0.868421,0.894737,0.921053,0.947368,0.973684,1,1,1,1,1,1,1,1,1,1,1,1,1,1,1,1,1,1,1,1,1,1,1,1,1,1,1,1,1,1,1,1,1,1,1,1,1,1,1,1,1
indst efficiency standards,textiles apparel and leather 13T15,electricity if,,0,0.012,0.019,0.165,0.164,0.155,0.141,0.139,0.162,0.161,0.161,0.188967,0.216933,0.2449,0.272867,0.300833,0.3288,0.356767,0.384733,0.4127,0.440667,0.468633,0.4966,0.524567,0.552533,0.5805,0.608467,0.636433,0.6644,0.692367,0.720333,0.7483,0.776267,0.804233,0.8322,0.860167,0.888133,0.9161,0.944067,0.972033,1,1,1,1,1,1,1,1,1,1,1,1,1,1,1,1,1,1,1,1,1,1,1,1,1,1,1,1,1,1,1,1,1,1,1,1,1,1,1,1,1
indst efficiency standards,textiles apparel and leather 13T15,hard coal if,,0,0.012,0.019,0.165,0.164,0.155,0.141,0.139,0.162,0.161,0.161,0.188967,0.216933,0.2449,0.272867,0.300833,0.3288,0.356767,0.384733,0.4127,0.440667,0.468633,0.4966,0.524567,0.552533,0.5805,0.608467,0.636433,0.6644,0.692367,0.720333,0.7483,0.776267,0.804233,0.8322,0.860167,0.888133,0.9161,0.944067,0.972033,1,1,1,1,1,1,1,1,1,1,1,1,1,1,1,1,1,1,1,1,1,1,1,1,1,1,1,1,1,1,1,1,1,1,1,1,1,1,1,1,1
indst efficiency standards,textiles apparel and leather 13T15,natural gas if,,0,0.012,0.019,0.165,0.164,0.155,0.141,0.139,0.162,0.161,0.161,0.188967,0.216933,0.2449,0.272867,0.300833,0.3288,0.356767,0.384733,0.4127,0.440667,0.468633,0.4966,0.524567,0.552533,0.5805,0.608467,0.636433,0.6644,0.692367,0.720333,0.7483,0.776267,0.804233,0.8322,0.860167,0.888133,0.9161,0.944067,0.972033,1,1,1,1,1,1,1,1,1,1,1,1,1,1,1,1,1,1,1,1,1,1,1,1,1,1,1,1,1,1,1,1,1,1,1,1,1,1,1,1,1
indst efficiency standards,textiles apparel and leather 13T15,biomass if,,0,0.012,0.019,0.165,0.164,0.155,0.141,0.139,0.162,0.161,0.161,0.188967,0.216933,0.2449,0.272867,0.300833,0.3288,0.356767,0.384733,0.4127,0.440667,0.468633,0.4966,0.524567,0.552533,0.5805,0.608467,0.636433,0.6644,0.692367,0.720333,0.7483,0.776267,0.804233,0.8322,0.860167,0.888133,0.9161,0.944067,0.972033,1,1,1,1,1,1,1,1,1,1,1,1,1,1,1,1,1,1,1,1,1,1,1,1,1,1,1,1,1,1,1,1,1,1,1,1,1,1,1,1,1
indst efficiency standards,textiles apparel and leather 13T15,petroleum diesel if,,0,0.012,0.019,0.165,0.164,0.155,0.141,0.139,0.162,0.161,0.161,0.188967,0.216933,0.2449,0.272867,0.300833,0.3288,0.356767,0.384733,0.4127,0.440667,0.468633,0.4966,0.524567,0.552533,0.5805,0.608467,0.636433,0.6644,0.692367,0.720333,0.7483,0.776267,0.804233,0.8322,0.860167,0.888133,0.9161,0.944067,0.972033,1,1,1,1,1,1,1,1,1,1,1,1,1,1,1,1,1,1,1,1,1,1,1,1,1,1,1,1,1,1,1,1,1,1,1,1,1,1,1,1,1
indst efficiency standards,textiles apparel and leather 13T15,heat if,,0,0.012,0.019,0.165,0.164,0.155,0.141,0.139,0.162,0.161,0.161,0.188967,0.216933,0.2449,0.272867,0.300833,0.3288,0.356767,0.384733,0.4127,0.440667,0.468633,0.4966,0.524567,0.552533,0.5805,0.608467,0.636433,0.6644,0.692367,0.720333,0.7483,0.776267,0.804233,0.8322,0.860167,0.888133,0.9161,0.944067,0.972033,1,1,1,1,1,1,1,1,1,1,1,1,1,1,1,1,1,1,1,1,1,1,1,1,1,1,1,1,1,1,1,1,1,1,1,1,1,1,1,1,1
indst efficiency standards,textiles apparel and leather 13T15,crude oil if,,0,0.012,0.019,0.165,0.164,0.155,0.141,0.139,0.162,0.161,0.161,0.188967,0.216933,0.2449,0.272867,0.300833,0.3288,0.356767,0.384733,0.4127,0.440667,0.468633,0.4966,0.524567,0.552533,0.5805,0.608467,0.636433,0.6644,0.692367,0.720333,0.7483,0.776267,0.804233,0.8322,0.860167,0.888133,0.9161,0.944067,0.972033,1,1,1,1,1,1,1,1,1,1,1,1,1,1,1,1,1,1,1,1,1,1,1,1,1,1,1,1,1,1,1,1,1,1,1,1,1,1,1,1,1
indst efficiency standards,textiles apparel and leather 13T15,heavy or residual fuel oil if,,0,0.012,0.019,0.165,0.164,0.155,0.141,0.139,0.162,0.161,0.161,0.188967,0.216933,0.2449,0.272867,0.300833,0.3288,0.356767,0.384733,0.4127,0.440667,0.468633,0.4966,0.524567,0.552533,0.5805,0.608467,0.636433,0.6644,0.692367,0.720333,0.7483,0.776267,0.804233,0.8322,0.860167,0.888133,0.9161,0.944067,0.972033,1,1,1,1,1,1,1,1,1,1,1,1,1,1,1,1,1,1,1,1,1,1,1,1,1,1,1,1,1,1,1,1,1,1,1,1,1,1,1,1,1
indst efficiency standards,textiles apparel and leather 13T15,LPG propane or butane if,,0,0.012,0.019,0.165,0.164,0.155,0.141,0.139,0.162,0.161,0.161,0.188967,0.216933,0.2449,0.272867,0.300833,0.3288,0.356767,0.384733,0.4127,0.440667,0.468633,0.4966,0.524567,0.552533,0.5805,0.608467,0.636433,0.6644,0.692367,0.720333,0.7483,0.776267,0.804233,0.8322,0.860167,0.888133,0.9161,0.944067,0.972033,1,1,1,1,1,1,1,1,1,1,1,1,1,1,1,1,1,1,1,1,1,1,1,1,1,1,1,1,1,1,1,1,1,1,1,1,1,1,1,1,1
indst efficiency standards,textiles apparel and leather 13T15,hydrogen if,,0,0.012,0.019,0.165,0.164,0.155,0.141,0.139,0.162,0.161,0.161,0.188967,0.216933,0.2449,0.272867,0.300833,0.3288,0.356767,0.384733,0.4127,0.440667,0.468633,0.4966,0.524567,0.552533,0.5805,0.608467,0.636433,0.6644,0.692367,0.720333,0.7483,0.776267,0.804233,0.8322,0.860167,0.888133,0.9161,0.944067,0.972033,1,1,1,1,1,1,1,1,1,1,1,1,1,1,1,1,1,1,1,1,1,1,1,1,1,1,1,1,1,1,1,1,1,1,1,1,1,1,1,1,1
indst efficiency standards,wood products 16,electricity if,,0,0,0,0.026316,0.052632,0.078947,0.105263,0.131579,0.157895,0.184211,0.210526,0.236842,0.263158,0.289474,0.315789,0.342105,0.368421,0.394737,0.421053,0.447368,0.473684,0.5,0.526316,0.552632,0.578947,0.605263,0.631579,0.657895,0.684211,0.710526,0.736842,0.763158,0.789474,0.815789,0.842105,0.868421,0.894737,0.921053,0.947368,0.973684,1,1,1,1,1,1,1,1,1,1,1,1,1,1,1,1,1,1,1,1,1,1,1,1,1,1,1,1,1,1,1,1,1,1,1,1,1,1,1,1,1
indst efficiency standards,wood products 16,hard coal if,,0,0,0,0.026316,0.052632,0.078947,0.105263,0.131579,0.157895,0.184211,0.210526,0.236842,0.263158,0.289474,0.315789,0.342105,0.368421,0.394737,0.421053,0.447368,0.473684,0.5,0.526316,0.552632,0.578947,0.605263,0.631579,0.657895,0.684211,0.710526,0.736842,0.763158,0.789474,0.815789,0.842105,0.868421,0.894737,0.921053,0.947368,0.973684,1,1,1,1,1,1,1,1,1,1,1,1,1,1,1,1,1,1,1,1,1,1,1,1,1,1,1,1,1,1,1,1,1,1,1,1,1,1,1,1,1
indst efficiency standards,wood products 16,natural gas if,,0,0,0,0.026316,0.052632,0.078947,0.105263,0.131579,0.157895,0.184211,0.210526,0.236842,0.263158,0.289474,0.315789,0.342105,0.368421,0.394737,0.421053,0.447368,0.473684,0.5,0.526316,0.552632,0.578947,0.605263,0.631579,0.657895,0.684211,0.710526,0.736842,0.763158,0.789474,0.815789,0.842105,0.868421,0.894737,0.921053,0.947368,0.973684,1,1,1,1,1,1,1,1,1,1,1,1,1,1,1,1,1,1,1,1,1,1,1,1,1,1,1,1,1,1,1,1,1,1,1,1,1,1,1,1,1
indst efficiency standards,wood products 16,biomass if,,0,0,0,0.026316,0.052632,0.078947,0.105263,0.131579,0.157895,0.184211,0.210526,0.236842,0.263158,0.289474,0.315789,0.342105,0.368421,0.394737,0.421053,0.447368,0.473684,0.5,0.526316,0.552632,0.578947,0.605263,0.631579,0.657895,0.684211,0.710526,0.736842,0.763158,0.789474,0.815789,0.842105,0.868421,0.894737,0.921053,0.947368,0.973684,1,1,1,1,1,1,1,1,1,1,1,1,1,1,1,1,1,1,1,1,1,1,1,1,1,1,1,1,1,1,1,1,1,1,1,1,1,1,1,1,1
indst efficiency standards,wood products 16,petroleum diesel if,,0,0,0,0.026316,0.052632,0.078947,0.105263,0.131579,0.157895,0.184211,0.210526,0.236842,0.263158,0.289474,0.315789,0.342105,0.368421,0.394737,0.421053,0.447368,0.473684,0.5,0.526316,0.552632,0.578947,0.605263,0.631579,0.657895,0.684211,0.710526,0.736842,0.763158,0.789474,0.815789,0.842105,0.868421,0.894737,0.921053,0.947368,0.973684,1,1,1,1,1,1,1,1,1,1,1,1,1,1,1,1,1,1,1,1,1,1,1,1,1,1,1,1,1,1,1,1,1,1,1,1,1,1,1,1,1
indst efficiency standards,wood products 16,heat if,,0,0,0,0.026316,0.052632,0.078947,0.105263,0.131579,0.157895,0.184211,0.210526,0.236842,0.263158,0.289474,0.315789,0.342105,0.368421,0.394737,0.421053,0.447368,0.473684,0.5,0.526316,0.552632,0.578947,0.605263,0.631579,0.657895,0.684211,0.710526,0.736842,0.763158,0.789474,0.815789,0.842105,0.868421,0.894737,0.921053,0.947368,0.973684,1,1,1,1,1,1,1,1,1,1,1,1,1,1,1,1,1,1,1,1,1,1,1,1,1,1,1,1,1,1,1,1,1,1,1,1,1,1,1,1,1
indst efficiency standards,wood products 16,crude oil if,,0,0,0,0.026316,0.052632,0.078947,0.105263,0.131579,0.157895,0.184211,0.210526,0.236842,0.263158,0.289474,0.315789,0.342105,0.368421,0.394737,0.421053,0.447368,0.473684,0.5,0.526316,0.552632,0.578947,0.605263,0.631579,0.657895,0.684211,0.710526,0.736842,0.763158,0.789474,0.815789,0.842105,0.868421,0.894737,0.921053,0.947368,0.973684,1,1,1,1,1,1,1,1,1,1,1,1,1,1,1,1,1,1,1,1,1,1,1,1,1,1,1,1,1,1,1,1,1,1,1,1,1,1,1,1,1
indst efficiency standards,wood products 16,heavy or residual fuel oil if,,0,0,0,0.026316,0.052632,0.078947,0.105263,0.131579,0.157895,0.184211,0.210526,0.236842,0.263158,0.289474,0.315789,0.342105,0.368421,0.394737,0.421053,0.447368,0.473684,0.5,0.526316,0.552632,0.578947,0.605263,0.631579,0.657895,0.684211,0.710526,0.736842,0.763158,0.789474,0.815789,0.842105,0.868421,0.894737,0.921053,0.947368,0.973684,1,1,1,1,1,1,1,1,1,1,1,1,1,1,1,1,1,1,1,1,1,1,1,1,1,1,1,1,1,1,1,1,1,1,1,1,1,1,1,1,1
indst efficiency standards,wood products 16,LPG propane or butane if,,0,0,0,0.026316,0.052632,0.078947,0.105263,0.131579,0.157895,0.184211,0.210526,0.236842,0.263158,0.289474,0.315789,0.342105,0.368421,0.394737,0.421053,0.447368,0.473684,0.5,0.526316,0.552632,0.578947,0.605263,0.631579,0.657895,0.684211,0.710526,0.736842,0.763158,0.789474,0.815789,0.842105,0.868421,0.894737,0.921053,0.947368,0.973684,1,1,1,1,1,1,1,1,1,1,1,1,1,1,1,1,1,1,1,1,1,1,1,1,1,1,1,1,1,1,1,1,1,1,1,1,1,1,1,1,1
indst efficiency standards,wood products 16,hydrogen if,,0,0,0,0.026316,0.052632,0.078947,0.105263,0.131579,0.157895,0.184211,0.210526,0.236842,0.263158,0.289474,0.315789,0.342105,0.368421,0.394737,0.421053,0.447368,0.473684,0.5,0.526316,0.552632,0.578947,0.605263,0.631579,0.657895,0.684211,0.710526,0.736842,0.763158,0.789474,0.815789,0.842105,0.868421,0.894737,0.921053,0.947368,0.973684,1,1,1,1,1,1,1,1,1,1,1,1,1,1,1,1,1,1,1,1,1,1,1,1,1,1,1,1,1,1,1,1,1,1,1,1,1,1,1,1,1
indst efficiency standards,pulp paper and printing 17T18,electricity if,,0,0.117,0.112,0.105,0.101,0.098,0,0,0,0,0,0.033333,0.066667,0.1,0.133333,0.166667,0.2,0.233333,0.266667,0.3,0.333333,0.366667,0.4,0.433333,0.466667,0.5,0.533333,0.566667,0.6,0.633333,0.666667,0.7,0.733333,0.766667,0.8,0.833333,0.866667,0.9,0.933333,0.966667,1,1,1,1,1,1,1,1,1,1,1,1,1,1,1,1,1,1,1,1,1,1,1,1,1,1,1,1,1,1,1,1,1,1,1,1,1,1,1,1,1
indst efficiency standards,pulp paper and printing 17T18,hard coal if,,0,0.117,0.112,0.105,0.101,0.098,0,0,0,0,0,0.033333,0.066667,0.1,0.133333,0.166667,0.2,0.233333,0.266667,0.3,0.333333,0.366667,0.4,0.433333,0.466667,0.5,0.533333,0.566667,0.6,0.633333,0.666667,0.7,0.733333,0.766667,0.8,0.833333,0.866667,0.9,0.933333,0.966667,1,1,1,1,1,1,1,1,1,1,1,1,1,1,1,1,1,1,1,1,1,1,1,1,1,1,1,1,1,1,1,1,1,1,1,1,1,1,1,1,1
indst efficiency standards,pulp paper and printing 17T18,natural gas if,,0,0.117,0.112,0.105,0.101,0.098,0,0,0,0,0,0.033333,0.066667,0.1,0.133333,0.166667,0.2,0.233333,0.266667,0.3,0.333333,0.366667,0.4,0.433333,0.466667,0.5,0.533333,0.566667,0.6,0.633333,0.666667,0.7,0.733333,0.766667,0.8,0.833333,0.866667,0.9,0.933333,0.966667,1,1,1,1,1,1,1,1,1,1,1,1,1,1,1,1,1,1,1,1,1,1,1,1,1,1,1,1,1,1,1,1,1,1,1,1,1,1,1,1,1
indst efficiency standards,pulp paper and printing 17T18,biomass if,,0,0.117,0.112,0.105,0.101,0.098,0,0,0,0,0,0.033333,0.066667,0.1,0.133333,0.166667,0.2,0.233333,0.266667,0.3,0.333333,0.366667,0.4,0.433333,0.466667,0.5,0.533333,0.566667,0.6,0.633333,0.666667,0.7,0.733333,0.766667,0.8,0.833333,0.866667,0.9,0.933333,0.966667,1,1,1,1,1,1,1,1,1,1,1,1,1,1,1,1,1,1,1,1,1,1,1,1,1,1,1,1,1,1,1,1,1,1,1,1,1,1,1,1,1
indst efficiency standards,pulp paper and printing 17T18,petroleum diesel if,,0,0.117,0.112,0.105,0.101,0.098,0,0,0,0,0,0.033333,0.066667,0.1,0.133333,0.166667,0.2,0.233333,0.266667,0.3,0.333333,0.366667,0.4,0.433333,0.466667,0.5,0.533333,0.566667,0.6,0.633333,0.666667,0.7,0.733333,0.766667,0.8,0.833333,0.866667,0.9,0.933333,0.966667,1,1,1,1,1,1,1,1,1,1,1,1,1,1,1,1,1,1,1,1,1,1,1,1,1,1,1,1,1,1,1,1,1,1,1,1,1,1,1,1,1
indst efficiency standards,pulp paper and printing 17T18,heat if,,0,0.117,0.112,0.105,0.101,0.098,0,0,0,0,0,0.033333,0.066667,0.1,0.133333,0.166667,0.2,0.233333,0.266667,0.3,0.333333,0.366667,0.4,0.433333,0.466667,0.5,0.533333,0.566667,0.6,0.633333,0.666667,0.7,0.733333,0.766667,0.8,0.833333,0.866667,0.9,0.933333,0.966667,1,1,1,1,1,1,1,1,1,1,1,1,1,1,1,1,1,1,1,1,1,1,1,1,1,1,1,1,1,1,1,1,1,1,1,1,1,1,1,1,1
indst efficiency standards,pulp paper and printing 17T18,crude oil if,,0,0.117,0.112,0.105,0.101,0.098,0,0,0,0,0,0.033333,0.066667,0.1,0.133333,0.166667,0.2,0.233333,0.266667,0.3,0.333333,0.366667,0.4,0.433333,0.466667,0.5,0.533333,0.566667,0.6,0.633333,0.666667,0.7,0.733333,0.766667,0.8,0.833333,0.866667,0.9,0.933333,0.966667,1,1,1,1,1,1,1,1,1,1,1,1,1,1,1,1,1,1,1,1,1,1,1,1,1,1,1,1,1,1,1,1,1,1,1,1,1,1,1,1,1
indst efficiency standards,pulp paper and printing 17T18,heavy or residual fuel oil if,,0,0.117,0.112,0.105,0.101,0.098,0,0,0,0,0,0.033333,0.066667,0.1,0.133333,0.166667,0.2,0.233333,0.266667,0.3,0.333333,0.366667,0.4,0.433333,0.466667,0.5,0.533333,0.566667,0.6,0.633333,0.666667,0.7,0.733333,0.766667,0.8,0.833333,0.866667,0.9,0.933333,0.966667,1,1,1,1,1,1,1,1,1,1,1,1,1,1,1,1,1,1,1,1,1,1,1,1,1,1,1,1,1,1,1,1,1,1,1,1,1,1,1,1,1
indst efficiency standards,pulp paper and printing 17T18,LPG propane or butane if,,0,0.117,0.112,0.105,0.101,0.098,0,0,0,0,0,0.033333,0.066667,0.1,0.133333,0.166667,0.2,0.233333,0.266667,0.3,0.333333,0.366667,0.4,0.433333,0.466667,0.5,0.533333,0.566667,0.6,0.633333,0.666667,0.7,0.733333,0.766667,0.8,0.833333,0.866667,0.9,0.933333,0.966667,1,1,1,1,1,1,1,1,1,1,1,1,1,1,1,1,1,1,1,1,1,1,1,1,1,1,1,1,1,1,1,1,1,1,1,1,1,1,1,1,1
indst efficiency standards,pulp paper and printing 17T18,hydrogen if,,0,0.117,0.112,0.105,0.101,0.098,0,0,0,0,0,0.033333,0.066667,0.1,0.133333,0.166667,0.2,0.233333,0.266667,0.3,0.333333,0.366667,0.4,0.433333,0.466667,0.5,0.533333,0.566667,0.6,0.633333,0.666667,0.7,0.733333,0.766667,0.8,0.833333,0.866667,0.9,0.933333,0.966667,1,1,1,1,1,1,1,1,1,1,1,1,1,1,1,1,1,1,1,1,1,1,1,1,1,1,1,1,1,1,1,1,1,1,1,1,1,1,1,1,1
indst efficiency standards,refined petroleum and coke 19,electricity if,,0,0,0,0.035,0.034,0.018,0.018,0.017,0.02,0.02,0.019,0.0517,0.0844,0.1171,0.1498,0.1825,0.2152,0.2479,0.2806,0.3133,0.346,0.3787,0.4114,0.4441,0.4768,0.5095,0.5422,0.5749,0.6076,0.6403,0.673,0.7057,0.7384,0.7711,0.8038,0.8365,0.8692,0.9019,0.9346,0.9673,1,1,1,1,1,1,1,1,1,1,1,1,1,1,1,1,1,1,1,1,1,1,1,1,1,1,1,1,1,1,1,1,1,1,1,1,1,1,1,1,1
indst efficiency standards,refined petroleum and coke 19,hard coal if,,0,0,0,0.035,0.034,0.018,0.018,0.017,0.02,0.02,0.019,0.0517,0.0844,0.1171,0.1498,0.1825,0.2152,0.2479,0.2806,0.3133,0.346,0.3787,0.4114,0.4441,0.4768,0.5095,0.5422,0.5749,0.6076,0.6403,0.673,0.7057,0.7384,0.7711,0.8038,0.8365,0.8692,0.9019,0.9346,0.9673,1,1,1,1,1,1,1,1,1,1,1,1,1,1,1,1,1,1,1,1,1,1,1,1,1,1,1,1,1,1,1,1,1,1,1,1,1,1,1,1,1
indst efficiency standards,refined petroleum and coke 19,natural gas if,,0,0,0,0.035,0.034,0.018,0.018,0.017,0.02,0.02,0.019,0.0517,0.0844,0.1171,0.1498,0.1825,0.2152,0.2479,0.2806,0.3133,0.346,0.3787,0.4114,0.4441,0.4768,0.5095,0.5422,0.5749,0.6076,0.6403,0.673,0.7057,0.7384,0.7711,0.8038,0.8365,0.8692,0.9019,0.9346,0.9673,1,1,1,1,1,1,1,1,1,1,1,1,1,1,1,1,1,1,1,1,1,1,1,1,1,1,1,1,1,1,1,1,1,1,1,1,1,1,1,1,1
indst efficiency standards,refined petroleum and coke 19,biomass if,,0,0,0,0.035,0.034,0.018,0.018,0.017,0.02,0.02,0.019,0.0517,0.0844,0.1171,0.1498,0.1825,0.2152,0.2479,0.2806,0.3133,0.346,0.3787,0.4114,0.4441,0.4768,0.5095,0.5422,0.5749,0.6076,0.6403,0.673,0.7057,0.7384,0.7711,0.8038,0.8365,0.8692,0.9019,0.9346,0.9673,1,1,1,1,1,1,1,1,1,1,1,1,1,1,1,1,1,1,1,1,1,1,1,1,1,1,1,1,1,1,1,1,1,1,1,1,1,1,1,1,1
indst efficiency standards,refined petroleum and coke 19,petroleum diesel if,,0,0,0,0.035,0.034,0.018,0.018,0.017,0.02,0.02,0.019,0.0517,0.0844,0.1171,0.1498,0.1825,0.2152,0.2479,0.2806,0.3133,0.346,0.3787,0.4114,0.4441,0.4768,0.5095,0.5422,0.5749,0.6076,0.6403,0.673,0.7057,0.7384,0.7711,0.8038,0.8365,0.8692,0.9019,0.9346,0.9673,1,1,1,1,1,1,1,1,1,1,1,1,1,1,1,1,1,1,1,1,1,1,1,1,1,1,1,1,1,1,1,1,1,1,1,1,1,1,1,1,1
indst efficiency standards,refined petroleum and coke 19,heat if,,0,0,0,0.035,0.034,0.018,0.018,0.017,0.02,0.02,0.019,0.0517,0.0844,0.1171,0.1498,0.1825,0.2152,0.2479,0.2806,0.3133,0.346,0.3787,0.4114,0.4441,0.4768,0.5095,0.5422,0.5749,0.6076,0.6403,0.673,0.7057,0.7384,0.7711,0.8038,0.8365,0.8692,0.9019,0.9346,0.9673,1,1,1,1,1,1,1,1,1,1,1,1,1,1,1,1,1,1,1,1,1,1,1,1,1,1,1,1,1,1,1,1,1,1,1,1,1,1,1,1,1
indst efficiency standards,refined petroleum and coke 19,crude oil if,,0,0,0,0.035,0.034,0.018,0.018,0.017,0.02,0.02,0.019,0.0517,0.0844,0.1171,0.1498,0.1825,0.2152,0.2479,0.2806,0.3133,0.346,0.3787,0.4114,0.4441,0.4768,0.5095,0.5422,0.5749,0.6076,0.6403,0.673,0.7057,0.7384,0.7711,0.8038,0.8365,0.8692,0.9019,0.9346,0.9673,1,1,1,1,1,1,1,1,1,1,1,1,1,1,1,1,1,1,1,1,1,1,1,1,1,1,1,1,1,1,1,1,1,1,1,1,1,1,1,1,1
indst efficiency standards,refined petroleum and coke 19,heavy or residual fuel oil if,,0,0,0,0.035,0.034,0.018,0.018,0.017,0.02,0.02,0.019,0.0517,0.0844,0.1171,0.1498,0.1825,0.2152,0.2479,0.2806,0.3133,0.346,0.3787,0.4114,0.4441,0.4768,0.5095,0.5422,0.5749,0.6076,0.6403,0.673,0.7057,0.7384,0.7711,0.8038,0.8365,0.8692,0.9019,0.9346,0.9673,1,1,1,1,1,1,1,1,1,1,1,1,1,1,1,1,1,1,1,1,1,1,1,1,1,1,1,1,1,1,1,1,1,1,1,1,1,1,1,1,1
indst efficiency standards,refined petroleum and coke 19,LPG propane or butane if,,0,0,0,0.035,0.034,0.018,0.018,0.017,0.02,0.02,0.019,0.0517,0.0844,0.1171,0.1498,0.1825,0.2152,0.2479,0.2806,0.3133,0.346,0.3787,0.4114,0.4441,0.4768,0.5095,0.5422,0.5749,0.6076,0.6403,0.673,0.7057,0.7384,0.7711,0.8038,0.8365,0.8692,0.9019,0.9346,0.9673,1,1,1,1,1,1,1,1,1,1,1,1,1,1,1,1,1,1,1,1,1,1,1,1,1,1,1,1,1,1,1,1,1,1,1,1,1,1,1,1,1
indst efficiency standards,refined petroleum and coke 19,hydrogen if,,0,0,0,0.035,0.034,0.018,0.018,0.017,0.02,0.02,0.019,0.0517,0.0844,0.1171,0.1498,0.1825,0.2152,0.2479,0.2806,0.3133,0.346,0.3787,0.4114,0.4441,0.4768,0.5095,0.5422,0.5749,0.6076,0.6403,0.673,0.7057,0.7384,0.7711,0.8038,0.8365,0.8692,0.9019,0.9346,0.9673,1,1,1,1,1,1,1,1,1,1,1,1,1,1,1,1,1,1,1,1,1,1,1,1,1,1,1,1,1,1,1,1,1,1,1,1,1,1,1,1,1
indst efficiency standards,chemicals 20,electricity if,,0,0.013,0.109,0.167,0.159,0.07,0.058,0.056,0.064,0.062,0.06,0.091333,0.122667,0.154,0.185333,0.216667,0.248,0.279333,0.310667,0.342,0.373333,0.404667,0.436,0.467333,0.498667,0.53,0.561333,0.592667,0.624,0.655333,0.686667,0.718,0.749333,0.780667,0.812,0.843333,0.874667,0.906,0.937333,0.968667,1,1,1,1,1,1,1,1,1,1,1,1,1,1,1,1,1,1,1,1,1,1,1,1,1,1,1,1,1,1,1,1,1,1,1,1,1,1,1,1,1
indst efficiency standards,chemicals 20,hard coal if,,0,0.013,0.109,0.167,0.159,0.07,0.058,0.056,0.064,0.062,0.06,0.091333,0.122667,0.154,0.185333,0.216667,0.248,0.279333,0.310667,0.342,0.373333,0.404667,0.436,0.467333,0.498667,0.53,0.561333,0.592667,0.624,0.655333,0.686667,0.718,0.749333,0.780667,0.812,0.843333,0.874667,0.906,0.937333,0.968667,1,1,1,1,1,1,1,1,1,1,1,1,1,1,1,1,1,1,1,1,1,1,1,1,1,1,1,1,1,1,1,1,1,1,1,1,1,1,1,1,1
indst efficiency standards,chemicals 20,natural gas if,,0,0.013,0.109,0.167,0.159,0.07,0.058,0.056,0.064,0.062,0.06,0.091333,0.122667,0.154,0.185333,0.216667,0.248,0.279333,0.310667,0.342,0.373333,0.404667,0.436,0.467333,0.498667,0.53,0.561333,0.592667,0.624,0.655333,0.686667,0.718,0.749333,0.780667,0.812,0.843333,0.874667,0.906,0.937333,0.968667,1,1,1,1,1,1,1,1,1,1,1,1,1,1,1,1,1,1,1,1,1,1,1,1,1,1,1,1,1,1,1,1,1,1,1,1,1,1,1,1,1
indst efficiency standards,chemicals 20,biomass if,,0,0.013,0.109,0.167,0.159,0.07,0.058,0.056,0.064,0.062,0.06,0.091333,0.122667,0.154,0.185333,0.216667,0.248,0.279333,0.310667,0.342,0.373333,0.404667,0.436,0.467333,0.498667,0.53,0.561333,0.592667,0.624,0.655333,0.686667,0.718,0.749333,0.780667,0.812,0.843333,0.874667,0.906,0.937333,0.968667,1,1,1,1,1,1,1,1,1,1,1,1,1,1,1,1,1,1,1,1,1,1,1,1,1,1,1,1,1,1,1,1,1,1,1,1,1,1,1,1,1
indst efficiency standards,chemicals 20,petroleum diesel if,,0,0.013,0.109,0.167,0.159,0.07,0.058,0.056,0.064,0.062,0.06,0.091333,0.122667,0.154,0.185333,0.216667,0.248,0.279333,0.310667,0.342,0.373333,0.404667,0.436,0.467333,0.498667,0.53,0.561333,0.592667,0.624,0.655333,0.686667,0.718,0.749333,0.780667,0.812,0.843333,0.874667,0.906,0.937333,0.968667,1,1,1,1,1,1,1,1,1,1,1,1,1,1,1,1,1,1,1,1,1,1,1,1,1,1,1,1,1,1,1,1,1,1,1,1,1,1,1,1,1
indst efficiency standards,chemicals 20,heat if,,0,0.013,0.109,0.167,0.159,0.07,0.058,0.056,0.064,0.062,0.06,0.091333,0.122667,0.154,0.185333,0.216667,0.248,0.279333,0.310667,0.342,0.373333,0.404667,0.436,0.467333,0.498667,0.53,0.561333,0.592667,0.624,0.655333,0.686667,0.718,0.749333,0.780667,0.812,0.843333,0.874667,0.906,0.937333,0.968667,1,1,1,1,1,1,1,1,1,1,1,1,1,1,1,1,1,1,1,1,1,1,1,1,1,1,1,1,1,1,1,1,1,1,1,1,1,1,1,1,1
indst efficiency standards,chemicals 20,crude oil if,,0,0.013,0.109,0.167,0.159,0.07,0.058,0.056,0.064,0.062,0.06,0.091333,0.122667,0.154,0.185333,0.216667,0.248,0.279333,0.310667,0.342,0.373333,0.404667,0.436,0.467333,0.498667,0.53,0.561333,0.592667,0.624,0.655333,0.686667,0.718,0.749333,0.780667,0.812,0.843333,0.874667,0.906,0.937333,0.968667,1,1,1,1,1,1,1,1,1,1,1,1,1,1,1,1,1,1,1,1,1,1,1,1,1,1,1,1,1,1,1,1,1,1,1,1,1,1,1,1,1
indst efficiency standards,chemicals 20,heavy or residual fuel oil if,,0,0.013,0.109,0.167,0.159,0.07,0.058,0.056,0.064,0.062,0.06,0.091333,0.122667,0.154,0.185333,0.216667,0.248,0.279333,0.310667,0.342,0.373333,0.404667,0.436,0.467333,0.498667,0.53,0.561333,0.592667,0.624,0.655333,0.686667,0.718,0.749333,0.780667,0.812,0.843333,0.874667,0.906,0.937333,0.968667,1,1,1,1,1,1,1,1,1,1,1,1,1,1,1,1,1,1,1,1,1,1,1,1,1,1,1,1,1,1,1,1,1,1,1,1,1,1,1,1,1
indst efficiency standards,chemicals 20,LPG propane or butane if,,0,0.013,0.109,0.167,0.159,0.07,0.058,0.056,0.064,0.062,0.06,0.091333,0.122667,0.154,0.185333,0.216667,0.248,0.279333,0.310667,0.342,0.373333,0.404667,0.436,0.467333,0.498667,0.53,0.561333,0.592667,0.624,0.655333,0.686667,0.718,0.749333,0.780667,0.812,0.843333,0.874667,0.906,0.937333,0.968667,1,1,1,1,1,1,1,1,1,1,1,1,1,1,1,1,1,1,1,1,1,1,1,1,1,1,1,1,1,1,1,1,1,1,1,1,1,1,1,1,1
indst efficiency standards,chemicals 20,hydrogen if,,0,0.013,0.109,0.167,0.159,0.07,0.058,0.056,0.064,0.062,0.06,0.091333,0.122667,0.154,0.185333,0.216667,0.248,0.279333,0.310667,0.342,0.373333,0.404667,0.436,0.467333,0.498667,0.53,0.561333,0.592667,0.624,0.655333,0.686667,0.718,0.749333,0.780667,0.812,0.843333,0.874667,0.906,0.937333,0.968667,1,1,1,1,1,1,1,1,1,1,1,1,1,1,1,1,1,1,1,1,1,1,1,1,1,1,1,1,1,1,1,1,1,1,1,1,1,1,1,1,1
indst efficiency standards,rubber and plastic products 22,electricity if,,0,0,0,0.026316,0.052632,0.078947,0.105263,0.131579,0.157895,0.184211,0.210526,0.236842,0.263158,0.289474,0.315789,0.342105,0.368421,0.394737,0.421053,0.447368,0.473684,0.5,0.526316,0.552632,0.578947,0.605263,0.631579,0.657895,0.684211,0.710526,0.736842,0.763158,0.789474,0.815789,0.842105,0.868421,0.894737,0.921053,0.947368,0.973684,1,1,1,1,1,1,1,1,1,1,1,1,1,1,1,1,1,1,1,1,1,1,1,1,1,1,1,1,1,1,1,1,1,1,1,1,1,1,1,1,1
indst efficiency standards,rubber and plastic products 22,hard coal if,,0,0,0,0.026316,0.052632,0.078947,0.105263,0.131579,0.157895,0.184211,0.210526,0.236842,0.263158,0.289474,0.315789,0.342105,0.368421,0.394737,0.421053,0.447368,0.473684,0.5,0.526316,0.552632,0.578947,0.605263,0.631579,0.657895,0.684211,0.710526,0.736842,0.763158,0.789474,0.815789,0.842105,0.868421,0.894737,0.921053,0.947368,0.973684,1,1,1,1,1,1,1,1,1,1,1,1,1,1,1,1,1,1,1,1,1,1,1,1,1,1,1,1,1,1,1,1,1,1,1,1,1,1,1,1,1
indst efficiency standards,rubber and plastic products 22,natural gas if,,0,0,0,0.026316,0.052632,0.078947,0.105263,0.131579,0.157895,0.184211,0.210526,0.236842,0.263158,0.289474,0.315789,0.342105,0.368421,0.394737,0.421053,0.447368,0.473684,0.5,0.526316,0.552632,0.578947,0.605263,0.631579,0.657895,0.684211,0.710526,0.736842,0.763158,0.789474,0.815789,0.842105,0.868421,0.894737,0.921053,0.947368,0.973684,1,1,1,1,1,1,1,1,1,1,1,1,1,1,1,1,1,1,1,1,1,1,1,1,1,1,1,1,1,1,1,1,1,1,1,1,1,1,1,1,1
indst efficiency standards,rubber and plastic products 22,biomass if,,0,0,0,0.026316,0.052632,0.078947,0.105263,0.131579,0.157895,0.184211,0.210526,0.236842,0.263158,0.289474,0.315789,0.342105,0.368421,0.394737,0.421053,0.447368,0.473684,0.5,0.526316,0.552632,0.578947,0.605263,0.631579,0.657895,0.684211,0.710526,0.736842,0.763158,0.789474,0.815789,0.842105,0.868421,0.894737,0.921053,0.947368,0.973684,1,1,1,1,1,1,1,1,1,1,1,1,1,1,1,1,1,1,1,1,1,1,1,1,1,1,1,1,1,1,1,1,1,1,1,1,1,1,1,1,1
indst efficiency standards,rubber and plastic products 22,petroleum diesel if,,0,0,0,0.026316,0.052632,0.078947,0.105263,0.131579,0.157895,0.184211,0.210526,0.236842,0.263158,0.289474,0.315789,0.342105,0.368421,0.394737,0.421053,0.447368,0.473684,0.5,0.526316,0.552632,0.578947,0.605263,0.631579,0.657895,0.684211,0.710526,0.736842,0.763158,0.789474,0.815789,0.842105,0.868421,0.894737,0.921053,0.947368,0.973684,1,1,1,1,1,1,1,1,1,1,1,1,1,1,1,1,1,1,1,1,1,1,1,1,1,1,1,1,1,1,1,1,1,1,1,1,1,1,1,1,1
indst efficiency standards,rubber and plastic products 22,heat if,,0,0,0,0.026316,0.052632,0.078947,0.105263,0.131579,0.157895,0.184211,0.210526,0.236842,0.263158,0.289474,0.315789,0.342105,0.368421,0.394737,0.421053,0.447368,0.473684,0.5,0.526316,0.552632,0.578947,0.605263,0.631579,0.657895,0.684211,0.710526,0.736842,0.763158,0.789474,0.815789,0.842105,0.868421,0.894737,0.921053,0.947368,0.973684,1,1,1,1,1,1,1,1,1,1,1,1,1,1,1,1,1,1,1,1,1,1,1,1,1,1,1,1,1,1,1,1,1,1,1,1,1,1,1,1,1
indst efficiency standards,rubber and plastic products 22,crude oil if,,0,0,0,0.026316,0.052632,0.078947,0.105263,0.131579,0.157895,0.184211,0.210526,0.236842,0.263158,0.289474,0.315789,0.342105,0.368421,0.394737,0.421053,0.447368,0.473684,0.5,0.526316,0.552632,0.578947,0.605263,0.631579,0.657895,0.684211,0.710526,0.736842,0.763158,0.789474,0.815789,0.842105,0.868421,0.894737,0.921053,0.947368,0.973684,1,1,1,1,1,1,1,1,1,1,1,1,1,1,1,1,1,1,1,1,1,1,1,1,1,1,1,1,1,1,1,1,1,1,1,1,1,1,1,1,1
indst efficiency standards,rubber and plastic products 22,heavy or residual fuel oil if,,0,0,0,0.026316,0.052632,0.078947,0.105263,0.131579,0.157895,0.184211,0.210526,0.236842,0.263158,0.289474,0.315789,0.342105,0.368421,0.394737,0.421053,0.447368,0.473684,0.5,0.526316,0.552632,0.578947,0.605263,0.631579,0.657895,0.684211,0.710526,0.736842,0.763158,0.789474,0.815789,0.842105,0.868421,0.894737,0.921053,0.947368,0.973684,1,1,1,1,1,1,1,1,1,1,1,1,1,1,1,1,1,1,1,1,1,1,1,1,1,1,1,1,1,1,1,1,1,1,1,1,1,1,1,1,1
indst efficiency standards,rubber and plastic products 22,LPG propane or butane if,,0,0,0,0.026316,0.052632,0.078947,0.105263,0.131579,0.157895,0.184211,0.210526,0.236842,0.263158,0.289474,0.315789,0.342105,0.368421,0.394737,0.421053,0.447368,0.473684,0.5,0.526316,0.552632,0.578947,0.605263,0.631579,0.657895,0.684211,0.710526,0.736842,0.763158,0.789474,0.815789,0.842105,0.868421,0.894737,0.921053,0.947368,0.973684,1,1,1,1,1,1,1,1,1,1,1,1,1,1,1,1,1,1,1,1,1,1,1,1,1,1,1,1,1,1,1,1,1,1,1,1,1,1,1,1,1
indst efficiency standards,rubber and plastic products 22,hydrogen if,,0,0,0,0.026316,0.052632,0.078947,0.105263,0.131579,0.157895,0.184211,0.210526,0.236842,0.263158,0.289474,0.315789,0.342105,0.368421,0.394737,0.421053,0.447368,0.473684,0.5,0.526316,0.552632,0.578947,0.605263,0.631579,0.657895,0.684211,0.710526,0.736842,0.763158,0.789474,0.815789,0.842105,0.868421,0.894737,0.921053,0.947368,0.973684,1,1,1,1,1,1,1,1,1,1,1,1,1,1,1,1,1,1,1,1,1,1,1,1,1,1,1,1,1,1,1,1,1,1,1,1,1,1,1,1,1
indst efficiency standards,glass and glass products 231,electricity if,,0,0,0,0.026316,0.052632,0.078947,0.105263,0.131579,0.157895,0.184211,0.210526,0.236842,0.263158,0.289474,0.315789,0.342105,0.368421,0.394737,0.421053,0.447368,0.473684,0.5,0.526316,0.552632,0.578947,0.605263,0.631579,0.657895,0.684211,0.710526,0.736842,0.763158,0.789474,0.815789,0.842105,0.868421,0.894737,0.921053,0.947368,0.973684,1,1,1,1,1,1,1,1,1,1,1,1,1,1,1,1,1,1,1,1,1,1,1,1,1,1,1,1,1,1,1,1,1,1,1,1,1,1,1,1,1
indst efficiency standards,glass and glass products 231,hard coal if,,0,0,0,0.026316,0.052632,0.078947,0.105263,0.131579,0.157895,0.184211,0.210526,0.236842,0.263158,0.289474,0.315789,0.342105,0.368421,0.394737,0.421053,0.447368,0.473684,0.5,0.526316,0.552632,0.578947,0.605263,0.631579,0.657895,0.684211,0.710526,0.736842,0.763158,0.789474,0.815789,0.842105,0.868421,0.894737,0.921053,0.947368,0.973684,1,1,1,1,1,1,1,1,1,1,1,1,1,1,1,1,1,1,1,1,1,1,1,1,1,1,1,1,1,1,1,1,1,1,1,1,1,1,1,1,1
indst efficiency standards,glass and glass products 231,natural gas if,,0,0,0,0.026316,0.052632,0.078947,0.105263,0.131579,0.157895,0.184211,0.210526,0.236842,0.263158,0.289474,0.315789,0.342105,0.368421,0.394737,0.421053,0.447368,0.473684,0.5,0.526316,0.552632,0.578947,0.605263,0.631579,0.657895,0.684211,0.710526,0.736842,0.763158,0.789474,0.815789,0.842105,0.868421,0.894737,0.921053,0.947368,0.973684,1,1,1,1,1,1,1,1,1,1,1,1,1,1,1,1,1,1,1,1,1,1,1,1,1,1,1,1,1,1,1,1,1,1,1,1,1,1,1,1,1
indst efficiency standards,glass and glass products 231,biomass if,,0,0,0,0.026316,0.052632,0.078947,0.105263,0.131579,0.157895,0.184211,0.210526,0.236842,0.263158,0.289474,0.315789,0.342105,0.368421,0.394737,0.421053,0.447368,0.473684,0.5,0.526316,0.552632,0.578947,0.605263,0.631579,0.657895,0.684211,0.710526,0.736842,0.763158,0.789474,0.815789,0.842105,0.868421,0.894737,0.921053,0.947368,0.973684,1,1,1,1,1,1,1,1,1,1,1,1,1,1,1,1,1,1,1,1,1,1,1,1,1,1,1,1,1,1,1,1,1,1,1,1,1,1,1,1,1
indst efficiency standards,glass and glass products 231,petroleum diesel if,,0,0,0,0.026316,0.052632,0.078947,0.105263,0.131579,0.157895,0.184211,0.210526,0.236842,0.263158,0.289474,0.315789,0.342105,0.368421,0.394737,0.421053,0.447368,0.473684,0.5,0.526316,0.552632,0.578947,0.605263,0.631579,0.657895,0.684211,0.710526,0.736842,0.763158,0.789474,0.815789,0.842105,0.868421,0.894737,0.921053,0.947368,0.973684,1,1,1,1,1,1,1,1,1,1,1,1,1,1,1,1,1,1,1,1,1,1,1,1,1,1,1,1,1,1,1,1,1,1,1,1,1,1,1,1,1
indst efficiency standards,glass and glass products 231,heat if,,0,0,0,0.026316,0.052632,0.078947,0.105263,0.131579,0.157895,0.184211,0.210526,0.236842,0.263158,0.289474,0.315789,0.342105,0.368421,0.394737,0.421053,0.447368,0.473684,0.5,0.526316,0.552632,0.578947,0.605263,0.631579,0.657895,0.684211,0.710526,0.736842,0.763158,0.789474,0.815789,0.842105,0.868421,0.894737,0.921053,0.947368,0.973684,1,1,1,1,1,1,1,1,1,1,1,1,1,1,1,1,1,1,1,1,1,1,1,1,1,1,1,1,1,1,1,1,1,1,1,1,1,1,1,1,1
indst efficiency standards,glass and glass products 231,crude oil if,,0,0,0,0.026316,0.052632,0.078947,0.105263,0.131579,0.157895,0.184211,0.210526,0.236842,0.263158,0.289474,0.315789,0.342105,0.368421,0.394737,0.421053,0.447368,0.473684,0.5,0.526316,0.552632,0.578947,0.605263,0.631579,0.657895,0.684211,0.710526,0.736842,0.763158,0.789474,0.815789,0.842105,0.868421,0.894737,0.921053,0.947368,0.973684,1,1,1,1,1,1,1,1,1,1,1,1,1,1,1,1,1,1,1,1,1,1,1,1,1,1,1,1,1,1,1,1,1,1,1,1,1,1,1,1,1
indst efficiency standards,glass and glass products 231,heavy or residual fuel oil if,,0,0,0,0.026316,0.052632,0.078947,0.105263,0.131579,0.157895,0.184211,0.210526,0.236842,0.263158,0.289474,0.315789,0.342105,0.368421,0.394737,0.421053,0.447368,0.473684,0.5,0.526316,0.552632,0.578947,0.605263,0.631579,0.657895,0.684211,0.710526,0.736842,0.763158,0.789474,0.815789,0.842105,0.868421,0.894737,0.921053,0.947368,0.973684,1,1,1,1,1,1,1,1,1,1,1,1,1,1,1,1,1,1,1,1,1,1,1,1,1,1,1,1,1,1,1,1,1,1,1,1,1,1,1,1,1
indst efficiency standards,glass and glass products 231,LPG propane or butane if,,0,0,0,0.026316,0.052632,0.078947,0.105263,0.131579,0.157895,0.184211,0.210526,0.236842,0.263158,0.289474,0.315789,0.342105,0.368421,0.394737,0.421053,0.447368,0.473684,0.5,0.526316,0.552632,0.578947,0.605263,0.631579,0.657895,0.684211,0.710526,0.736842,0.763158,0.789474,0.815789,0.842105,0.868421,0.894737,0.921053,0.947368,0.973684,1,1,1,1,1,1,1,1,1,1,1,1,1,1,1,1,1,1,1,1,1,1,1,1,1,1,1,1,1,1,1,1,1,1,1,1,1,1,1,1,1
indst efficiency standards,glass and glass products 231,hydrogen if,,0,0,0,0.026316,0.052632,0.078947,0.105263,0.131579,0.157895,0.184211,0.210526,0.236842,0.263158,0.289474,0.315789,0.342105,0.368421,0.394737,0.421053,0.447368,0.473684,0.5,0.526316,0.552632,0.578947,0.605263,0.631579,0.657895,0.684211,0.710526,0.736842,0.763158,0.789474,0.815789,0.842105,0.868421,0.894737,0.921053,0.947368,0.973684,1,1,1,1,1,1,1,1,1,1,1,1,1,1,1,1,1,1,1,1,1,1,1,1,1,1,1,1,1,1,1,1,1,1,1,1,1,1,1,1,1
indst efficiency standards,cement and other nonmetallic minerals 239,electricity if,,0,0.027,0.028,0.059,0.059,0.058,0.031,0.031,0.036,0.035,0.035,0.067167,0.099333,0.1315,0.163667,0.195833,0.228,0.260167,0.292333,0.3245,0.356667,0.388833,0.421,0.453167,0.485333,0.5175,0.549667,0.581833,0.614,0.646167,0.678333,0.7105,0.742667,0.774833,0.807,0.839167,0.871333,0.9035,0.935667,0.967833,1,1,1,1,1,1,1,1,1,1,1,1,1,1,1,1,1,1,1,1,1,1,1,1,1,1,1,1,1,1,1,1,1,1,1,1,1,1,1,1,1
indst efficiency standards,cement and other nonmetallic minerals 239,hard coal if,,0,0.027,0.028,0.059,0.059,0.058,0.031,0.031,0.036,0.035,0.035,0.067167,0.099333,0.1315,0.163667,0.195833,0.228,0.260167,0.292333,0.3245,0.356667,0.388833,0.421,0.453167,0.485333,0.5175,0.549667,0.581833,0.614,0.646167,0.678333,0.7105,0.742667,0.774833,0.807,0.839167,0.871333,0.9035,0.935667,0.967833,1,1,1,1,1,1,1,1,1,1,1,1,1,1,1,1,1,1,1,1,1,1,1,1,1,1,1,1,1,1,1,1,1,1,1,1,1,1,1,1,1
indst efficiency standards,cement and other nonmetallic minerals 239,natural gas if,,0,0.027,0.028,0.059,0.059,0.058,0.031,0.031,0.036,0.035,0.035,0.067167,0.099333,0.1315,0.163667,0.195833,0.228,0.260167,0.292333,0.3245,0.356667,0.388833,0.421,0.453167,0.485333,0.5175,0.549667,0.581833,0.614,0.646167,0.678333,0.7105,0.742667,0.774833,0.807,0.839167,0.871333,0.9035,0.935667,0.967833,1,1,1,1,1,1,1,1,1,1,1,1,1,1,1,1,1,1,1,1,1,1,1,1,1,1,1,1,1,1,1,1,1,1,1,1,1,1,1,1,1
indst efficiency standards,cement and other nonmetallic minerals 239,biomass if,,0,0.027,0.028,0.059,0.059,0.058,0.031,0.031,0.036,0.035,0.035,0.067167,0.099333,0.1315,0.163667,0.195833,0.228,0.260167,0.292333,0.3245,0.356667,0.388833,0.421,0.453167,0.485333,0.5175,0.549667,0.581833,0.614,0.646167,0.678333,0.7105,0.742667,0.774833,0.807,0.839167,0.871333,0.9035,0.935667,0.967833,1,1,1,1,1,1,1,1,1,1,1,1,1,1,1,1,1,1,1,1,1,1,1,1,1,1,1,1,1,1,1,1,1,1,1,1,1,1,1,1,1
indst efficiency standards,cement and other nonmetallic minerals 239,petroleum diesel if,,0,0.027,0.028,0.059,0.059,0.058,0.031,0.031,0.036,0.035,0.035,0.067167,0.099333,0.1315,0.163667,0.195833,0.228,0.260167,0.292333,0.3245,0.356667,0.388833,0.421,0.453167,0.485333,0.5175,0.549667,0.581833,0.614,0.646167,0.678333,0.7105,0.742667,0.774833,0.807,0.839167,0.871333,0.9035,0.935667,0.967833,1,1,1,1,1,1,1,1,1,1,1,1,1,1,1,1,1,1,1,1,1,1,1,1,1,1,1,1,1,1,1,1,1,1,1,1,1,1,1,1,1
indst efficiency standards,cement and other nonmetallic minerals 239,heat if,,0,0.027,0.028,0.059,0.059,0.058,0.031,0.031,0.036,0.035,0.035,0.067167,0.099333,0.1315,0.163667,0.195833,0.228,0.260167,0.292333,0.3245,0.356667,0.388833,0.421,0.453167,0.485333,0.5175,0.549667,0.581833,0.614,0.646167,0.678333,0.7105,0.742667,0.774833,0.807,0.839167,0.871333,0.9035,0.935667,0.967833,1,1,1,1,1,1,1,1,1,1,1,1,1,1,1,1,1,1,1,1,1,1,1,1,1,1,1,1,1,1,1,1,1,1,1,1,1,1,1,1,1
indst efficiency standards,cement and other nonmetallic minerals 239,crude oil if,,0,0.027,0.028,0.059,0.059,0.058,0.031,0.031,0.036,0.035,0.035,0.067167,0.099333,0.1315,0.163667,0.195833,0.228,0.260167,0.292333,0.3245,0.356667,0.388833,0.421,0.453167,0.485333,0.5175,0.549667,0.581833,0.614,0.646167,0.678333,0.7105,0.742667,0.774833,0.807,0.839167,0.871333,0.9035,0.935667,0.967833,1,1,1,1,1,1,1,1,1,1,1,1,1,1,1,1,1,1,1,1,1,1,1,1,1,1,1,1,1,1,1,1,1,1,1,1,1,1,1,1,1
indst efficiency standards,cement and other nonmetallic minerals 239,heavy or residual fuel oil if,,0,0.027,0.028,0.059,0.059,0.058,0.031,0.031,0.036,0.035,0.035,0.067167,0.099333,0.1315,0.163667,0.195833,0.228,0.260167,0.292333,0.3245,0.356667,0.388833,0.421,0.453167,0.485333,0.5175,0.549667,0.581833,0.614,0.646167,0.678333,0.7105,0.742667,0.774833,0.807,0.839167,0.871333,0.9035,0.935667,0.967833,1,1,1,1,1,1,1,1,1,1,1,1,1,1,1,1,1,1,1,1,1,1,1,1,1,1,1,1,1,1,1,1,1,1,1,1,1,1,1,1,1
indst efficiency standards,cement and other nonmetallic minerals 239,LPG propane or butane if,,0,0.027,0.028,0.059,0.059,0.058,0.031,0.031,0.036,0.035,0.035,0.067167,0.099333,0.1315,0.163667,0.195833,0.228,0.260167,0.292333,0.3245,0.356667,0.388833,0.421,0.453167,0.485333,0.5175,0.549667,0.581833,0.614,0.646167,0.678333,0.7105,0.742667,0.774833,0.807,0.839167,0.871333,0.9035,0.935667,0.967833,1,1,1,1,1,1,1,1,1,1,1,1,1,1,1,1,1,1,1,1,1,1,1,1,1,1,1,1,1,1,1,1,1,1,1,1,1,1,1,1,1
indst efficiency standards,cement and other nonmetallic minerals 239,hydrogen if,,0,0.027,0.028,0.059,0.059,0.058,0.031,0.031,0.036,0.035,0.035,0.067167,0.099333,0.1315,0.163667,0.195833,0.228,0.260167,0.292333,0.3245,0.356667,0.388833,0.421,0.453167,0.485333,0.5175,0.549667,0.581833,0.614,0.646167,0.678333,0.7105,0.742667,0.774833,0.807,0.839167,0.871333,0.9035,0.935667,0.967833,1,1,1,1,1,1,1,1,1,1,1,1,1,1,1,1,1,1,1,1,1,1,1,1,1,1,1,1,1,1,1,1,1,1,1,1,1,1,1,1,1
indst efficiency standards,iron and steel 241,electricity if,,0,0.011,0.025,0.044,0.043,0.029,0.019,0.019,0.021,0.021,0.021,0.053633,0.086267,0.1189,0.151533,0.184167,0.2168,0.249433,0.282067,0.3147,0.347333,0.379967,0.4126,0.445233,0.477867,0.5105,0.543133,0.575767,0.6084,0.641033,0.673667,0.7063,0.738933,0.771567,0.8042,0.836833,0.869467,0.9021,0.934733,0.967367,1,1,1,1,1,1,1,1,1,1,1,1,1,1,1,1,1,1,1,1,1,1,1,1,1,1,1,1,1,1,1,1,1,1,1,1,1,1,1,1,1
indst efficiency standards,iron and steel 241,hard coal if,,0,0.011,0.025,0.044,0.043,0.029,0.019,0.019,0.021,0.021,0.021,0.053633,0.086267,0.1189,0.151533,0.184167,0.2168,0.249433,0.282067,0.3147,0.347333,0.379967,0.4126,0.445233,0.477867,0.5105,0.543133,0.575767,0.6084,0.641033,0.673667,0.7063,0.738933,0.771567,0.8042,0.836833,0.869467,0.9021,0.934733,0.967367,1,1,1,1,1,1,1,1,1,1,1,1,1,1,1,1,1,1,1,1,1,1,1,1,1,1,1,1,1,1,1,1,1,1,1,1,1,1,1,1,1
indst efficiency standards,iron and steel 241,natural gas if,,0,0.011,0.025,0.044,0.043,0.029,0.019,0.019,0.021,0.021,0.021,0.053633,0.086267,0.1189,0.151533,0.184167,0.2168,0.249433,0.282067,0.3147,0.347333,0.379967,0.4126,0.445233,0.477867,0.5105,0.543133,0.575767,0.6084,0.641033,0.673667,0.7063,0.738933,0.771567,0.8042,0.836833,0.869467,0.9021,0.934733,0.967367,1,1,1,1,1,1,1,1,1,1,1,1,1,1,1,1,1,1,1,1,1,1,1,1,1,1,1,1,1,1,1,1,1,1,1,1,1,1,1,1,1
indst efficiency standards,iron and steel 241,biomass if,,0,0.011,0.025,0.044,0.043,0.029,0.019,0.019,0.021,0.021,0.021,0.053633,0.086267,0.1189,0.151533,0.184167,0.2168,0.249433,0.282067,0.3147,0.347333,0.379967,0.4126,0.445233,0.477867,0.5105,0.543133,0.575767,0.6084,0.641033,0.673667,0.7063,0.738933,0.771567,0.8042,0.836833,0.869467,0.9021,0.934733,0.967367,1,1,1,1,1,1,1,1,1,1,1,1,1,1,1,1,1,1,1,1,1,1,1,1,1,1,1,1,1,1,1,1,1,1,1,1,1,1,1,1,1
indst efficiency standards,iron and steel 241,petroleum diesel if,,0,0.011,0.025,0.044,0.043,0.029,0.019,0.019,0.021,0.021,0.021,0.053633,0.086267,0.1189,0.151533,0.184167,0.2168,0.249433,0.282067,0.3147,0.347333,0.379967,0.4126,0.445233,0.477867,0.5105,0.543133,0.575767,0.6084,0.641033,0.673667,0.7063,0.738933,0.771567,0.8042,0.836833,0.869467,0.9021,0.934733,0.967367,1,1,1,1,1,1,1,1,1,1,1,1,1,1,1,1,1,1,1,1,1,1,1,1,1,1,1,1,1,1,1,1,1,1,1,1,1,1,1,1,1
indst efficiency standards,iron and steel 241,heat if,,0,0.011,0.025,0.044,0.043,0.029,0.019,0.019,0.021,0.021,0.021,0.053633,0.086267,0.1189,0.151533,0.184167,0.2168,0.249433,0.282067,0.3147,0.347333,0.379967,0.4126,0.445233,0.477867,0.5105,0.543133,0.575767,0.6084,0.641033,0.673667,0.7063,0.738933,0.771567,0.8042,0.836833,0.869467,0.9021,0.934733,0.967367,1,1,1,1,1,1,1,1,1,1,1,1,1,1,1,1,1,1,1,1,1,1,1,1,1,1,1,1,1,1,1,1,1,1,1,1,1,1,1,1,1
indst efficiency standards,iron and steel 241,crude oil if,,0,0.011,0.025,0.044,0.043,0.029,0.019,0.019,0.021,0.021,0.021,0.053633,0.086267,0.1189,0.151533,0.184167,0.2168,0.249433,0.282067,0.3147,0.347333,0.379967,0.4126,0.445233,0.477867,0.5105,0.543133,0.575767,0.6084,0.641033,0.673667,0.7063,0.738933,0.771567,0.8042,0.836833,0.869467,0.9021,0.934733,0.967367,1,1,1,1,1,1,1,1,1,1,1,1,1,1,1,1,1,1,1,1,1,1,1,1,1,1,1,1,1,1,1,1,1,1,1,1,1,1,1,1,1
indst efficiency standards,iron and steel 241,heavy or residual fuel oil if,,0,0.011,0.025,0.044,0.043,0.029,0.019,0.019,0.021,0.021,0.021,0.053633,0.086267,0.1189,0.151533,0.184167,0.2168,0.249433,0.282067,0.3147,0.347333,0.379967,0.4126,0.445233,0.477867,0.5105,0.543133,0.575767,0.6084,0.641033,0.673667,0.7063,0.738933,0.771567,0.8042,0.836833,0.869467,0.9021,0.934733,0.967367,1,1,1,1,1,1,1,1,1,1,1,1,1,1,1,1,1,1,1,1,1,1,1,1,1,1,1,1,1,1,1,1,1,1,1,1,1,1,1,1,1
indst efficiency standards,iron and steel 241,LPG propane or butane if,,0,0.011,0.025,0.044,0.043,0.029,0.019,0.019,0.021,0.021,0.021,0.053633,0.086267,0.1189,0.151533,0.184167,0.2168,0.249433,0.282067,0.3147,0.347333,0.379967,0.4126,0.445233,0.477867,0.5105,0.543133,0.575767,0.6084,0.641033,0.673667,0.7063,0.738933,0.771567,0.8042,0.836833,0.869467,0.9021,0.934733,0.967367,1,1,1,1,1,1,1,1,1,1,1,1,1,1,1,1,1,1,1,1,1,1,1,1,1,1,1,1,1,1,1,1,1,1,1,1,1,1,1,1,1
indst efficiency standards,iron and steel 241,hydrogen if,,0,0.011,0.025,0.044,0.043,0.029,0.019,0.019,0.021,0.021,0.021,0.053633,0.086267,0.1189,0.151533,0.184167,0.2168,0.249433,0.282067,0.3147,0.347333,0.379967,0.4126,0.445233,0.477867,0.5105,0.543133,0.575767,0.6084,0.641033,0.673667,0.7063,0.738933,0.771567,0.8042,0.836833,0.869467,0.9021,0.934733,0.967367,1,1,1,1,1,1,1,1,1,1,1,1,1,1,1,1,1,1,1,1,1,1,1,1,1,1,1,1,1,1,1,1,1,1,1,1,1,1,1,1,1
indst efficiency standards,other metals 242,electricity if,,0,0.011,0.067,0.137,0.13,0.077,0.065,0.062,0.069,0.066,0.064,0.0952,0.1264,0.1576,0.1888,0.22,0.2512,0.2824,0.3136,0.3448,0.376,0.4072,0.4384,0.4696,0.5008,0.532,0.5632,0.5944,0.6256,0.6568,0.688,0.7192,0.7504,0.7816,0.8128,0.844,0.8752,0.9064,0.9376,0.9688,1,1,1,1,1,1,1,1,1,1,1,1,1,1,1,1,1,1,1,1,1,1,1,1,1,1,1,1,1,1,1,1,1,1,1,1,1,1,1,1,1
indst efficiency standards,other metals 242,hard coal if,,0,0.011,0.067,0.137,0.13,0.077,0.065,0.062,0.069,0.066,0.064,0.0952,0.1264,0.1576,0.1888,0.22,0.2512,0.2824,0.3136,0.3448,0.376,0.4072,0.4384,0.4696,0.5008,0.532,0.5632,0.5944,0.6256,0.6568,0.688,0.7192,0.7504,0.7816,0.8128,0.844,0.8752,0.9064,0.9376,0.9688,1,1,1,1,1,1,1,1,1,1,1,1,1,1,1,1,1,1,1,1,1,1,1,1,1,1,1,1,1,1,1,1,1,1,1,1,1,1,1,1,1
indst efficiency standards,other metals 242,natural gas if,,0,0.011,0.067,0.137,0.13,0.077,0.065,0.062,0.069,0.066,0.064,0.0952,0.1264,0.1576,0.1888,0.22,0.2512,0.2824,0.3136,0.3448,0.376,0.4072,0.4384,0.4696,0.5008,0.532,0.5632,0.5944,0.6256,0.6568,0.688,0.7192,0.7504,0.7816,0.8128,0.844,0.8752,0.9064,0.9376,0.9688,1,1,1,1,1,1,1,1,1,1,1,1,1,1,1,1,1,1,1,1,1,1,1,1,1,1,1,1,1,1,1,1,1,1,1,1,1,1,1,1,1
indst efficiency standards,other metals 242,biomass if,,0,0.011,0.067,0.137,0.13,0.077,0.065,0.062,0.069,0.066,0.064,0.0952,0.1264,0.1576,0.1888,0.22,0.2512,0.2824,0.3136,0.3448,0.376,0.4072,0.4384,0.4696,0.5008,0.532,0.5632,0.5944,0.6256,0.6568,0.688,0.7192,0.7504,0.7816,0.8128,0.844,0.8752,0.9064,0.9376,0.9688,1,1,1,1,1,1,1,1,1,1,1,1,1,1,1,1,1,1,1,1,1,1,1,1,1,1,1,1,1,1,1,1,1,1,1,1,1,1,1,1,1
indst efficiency standards,other metals 242,petroleum diesel if,,0,0.011,0.067,0.137,0.13,0.077,0.065,0.062,0.069,0.066,0.064,0.0952,0.1264,0.1576,0.1888,0.22,0.2512,0.2824,0.3136,0.3448,0.376,0.4072,0.4384,0.4696,0.5008,0.532,0.5632,0.5944,0.6256,0.6568,0.688,0.7192,0.7504,0.7816,0.8128,0.844,0.8752,0.9064,0.9376,0.9688,1,1,1,1,1,1,1,1,1,1,1,1,1,1,1,1,1,1,1,1,1,1,1,1,1,1,1,1,1,1,1,1,1,1,1,1,1,1,1,1,1
indst efficiency standards,other metals 242,heat if,,0,0.011,0.067,0.137,0.13,0.077,0.065,0.062,0.069,0.066,0.064,0.0952,0.1264,0.1576,0.1888,0.22,0.2512,0.2824,0.3136,0.3448,0.376,0.4072,0.4384,0.4696,0.5008,0.532,0.5632,0.5944,0.6256,0.6568,0.688,0.7192,0.7504,0.7816,0.8128,0.844,0.8752,0.9064,0.9376,0.9688,1,1,1,1,1,1,1,1,1,1,1,1,1,1,1,1,1,1,1,1,1,1,1,1,1,1,1,1,1,1,1,1,1,1,1,1,1,1,1,1,1
indst efficiency standards,other metals 242,crude oil if,,0,0.011,0.067,0.137,0.13,0.077,0.065,0.062,0.069,0.066,0.064,0.0952,0.1264,0.1576,0.1888,0.22,0.2512,0.2824,0.3136,0.3448,0.376,0.4072,0.4384,0.4696,0.5008,0.532,0.5632,0.5944,0.6256,0.6568,0.688,0.7192,0.7504,0.7816,0.8128,0.844,0.8752,0.9064,0.9376,0.9688,1,1,1,1,1,1,1,1,1,1,1,1,1,1,1,1,1,1,1,1,1,1,1,1,1,1,1,1,1,1,1,1,1,1,1,1,1,1,1,1,1
indst efficiency standards,other metals 242,heavy or residual fuel oil if,,0,0.011,0.067,0.137,0.13,0.077,0.065,0.062,0.069,0.066,0.064,0.0952,0.1264,0.1576,0.1888,0.22,0.2512,0.2824,0.3136,0.3448,0.376,0.4072,0.4384,0.4696,0.5008,0.532,0.5632,0.5944,0.6256,0.6568,0.688,0.7192,0.7504,0.7816,0.8128,0.844,0.8752,0.9064,0.9376,0.9688,1,1,1,1,1,1,1,1,1,1,1,1,1,1,1,1,1,1,1,1,1,1,1,1,1,1,1,1,1,1,1,1,1,1,1,1,1,1,1,1,1
indst efficiency standards,other metals 242,LPG propane or butane if,,0,0.011,0.067,0.137,0.13,0.077,0.065,0.062,0.069,0.066,0.064,0.0952,0.1264,0.1576,0.1888,0.22,0.2512,0.2824,0.3136,0.3448,0.376,0.4072,0.4384,0.4696,0.5008,0.532,0.5632,0.5944,0.6256,0.6568,0.688,0.7192,0.7504,0.7816,0.8128,0.844,0.8752,0.9064,0.9376,0.9688,1,1,1,1,1,1,1,1,1,1,1,1,1,1,1,1,1,1,1,1,1,1,1,1,1,1,1,1,1,1,1,1,1,1,1,1,1,1,1,1,1
indst efficiency standards,other metals 242,hydrogen if,,0,0.011,0.067,0.137,0.13,0.077,0.065,0.062,0.069,0.066,0.064,0.0952,0.1264,0.1576,0.1888,0.22,0.2512,0.2824,0.3136,0.3448,0.376,0.4072,0.4384,0.4696,0.5008,0.532,0.5632,0.5944,0.6256,0.6568,0.688,0.7192,0.7504,0.7816,0.8128,0.844,0.8752,0.9064,0.9376,0.9688,1,1,1,1,1,1,1,1,1,1,1,1,1,1,1,1,1,1,1,1,1,1,1,1,1,1,1,1,1,1,1,1,1,1,1,1,1,1,1,1,1
indst efficiency standards,metal products except machinery and vehicles 25,electricity if,,0,0,0,0.026316,0.052632,0.078947,0.105263,0.131579,0.157895,0.184211,0.210526,0.236842,0.263158,0.289474,0.315789,0.342105,0.368421,0.394737,0.421053,0.447368,0.473684,0.5,0.526316,0.552632,0.578947,0.605263,0.631579,0.657895,0.684211,0.710526,0.736842,0.763158,0.789474,0.815789,0.842105,0.868421,0.894737,0.921053,0.947368,0.973684,1,1,1,1,1,1,1,1,1,1,1,1,1,1,1,1,1,1,1,1,1,1,1,1,1,1,1,1,1,1,1,1,1,1,1,1,1,1,1,1,1
indst efficiency standards,metal products except machinery and vehicles 25,hard coal if,,0,0,0,0.026316,0.052632,0.078947,0.105263,0.131579,0.157895,0.184211,0.210526,0.236842,0.263158,0.289474,0.315789,0.342105,0.368421,0.394737,0.421053,0.447368,0.473684,0.5,0.526316,0.552632,0.578947,0.605263,0.631579,0.657895,0.684211,0.710526,0.736842,0.763158,0.789474,0.815789,0.842105,0.868421,0.894737,0.921053,0.947368,0.973684,1,1,1,1,1,1,1,1,1,1,1,1,1,1,1,1,1,1,1,1,1,1,1,1,1,1,1,1,1,1,1,1,1,1,1,1,1,1,1,1,1
indst efficiency standards,metal products except machinery and vehicles 25,natural gas if,,0,0,0,0.026316,0.052632,0.078947,0.105263,0.131579,0.157895,0.184211,0.210526,0.236842,0.263158,0.289474,0.315789,0.342105,0.368421,0.394737,0.421053,0.447368,0.473684,0.5,0.526316,0.552632,0.578947,0.605263,0.631579,0.657895,0.684211,0.710526,0.736842,0.763158,0.789474,0.815789,0.842105,0.868421,0.894737,0.921053,0.947368,0.973684,1,1,1,1,1,1,1,1,1,1,1,1,1,1,1,1,1,1,1,1,1,1,1,1,1,1,1,1,1,1,1,1,1,1,1,1,1,1,1,1,1
indst efficiency standards,metal products except machinery and vehicles 25,biomass if,,0,0,0,0.026316,0.052632,0.078947,0.105263,0.131579,0.157895,0.184211,0.210526,0.236842,0.263158,0.289474,0.315789,0.342105,0.368421,0.394737,0.421053,0.447368,0.473684,0.5,0.526316,0.552632,0.578947,0.605263,0.631579,0.657895,0.684211,0.710526,0.736842,0.763158,0.789474,0.815789,0.842105,0.868421,0.894737,0.921053,0.947368,0.973684,1,1,1,1,1,1,1,1,1,1,1,1,1,1,1,1,1,1,1,1,1,1,1,1,1,1,1,1,1,1,1,1,1,1,1,1,1,1,1,1,1
indst efficiency standards,metal products except machinery and vehicles 25,petroleum diesel if,,0,0,0,0.026316,0.052632,0.078947,0.105263,0.131579,0.157895,0.184211,0.210526,0.236842,0.263158,0.289474,0.315789,0.342105,0.368421,0.394737,0.421053,0.447368,0.473684,0.5,0.526316,0.552632,0.578947,0.605263,0.631579,0.657895,0.684211,0.710526,0.736842,0.763158,0.789474,0.815789,0.842105,0.868421,0.894737,0.921053,0.947368,0.973684,1,1,1,1,1,1,1,1,1,1,1,1,1,1,1,1,1,1,1,1,1,1,1,1,1,1,1,1,1,1,1,1,1,1,1,1,1,1,1,1,1
indst efficiency standards,metal products except machinery and vehicles 25,heat if,,0,0,0,0.026316,0.052632,0.078947,0.105263,0.131579,0.157895,0.184211,0.210526,0.236842,0.263158,0.289474,0.315789,0.342105,0.368421,0.394737,0.421053,0.447368,0.473684,0.5,0.526316,0.552632,0.578947,0.605263,0.631579,0.657895,0.684211,0.710526,0.736842,0.763158,0.789474,0.815789,0.842105,0.868421,0.894737,0.921053,0.947368,0.973684,1,1,1,1,1,1,1,1,1,1,1,1,1,1,1,1,1,1,1,1,1,1,1,1,1,1,1,1,1,1,1,1,1,1,1,1,1,1,1,1,1
indst efficiency standards,metal products except machinery and vehicles 25,crude oil if,,0,0,0,0.026316,0.052632,0.078947,0.105263,0.131579,0.157895,0.184211,0.210526,0.236842,0.263158,0.289474,0.315789,0.342105,0.368421,0.394737,0.421053,0.447368,0.473684,0.5,0.526316,0.552632,0.578947,0.605263,0.631579,0.657895,0.684211,0.710526,0.736842,0.763158,0.789474,0.815789,0.842105,0.868421,0.894737,0.921053,0.947368,0.973684,1,1,1,1,1,1,1,1,1,1,1,1,1,1,1,1,1,1,1,1,1,1,1,1,1,1,1,1,1,1,1,1,1,1,1,1,1,1,1,1,1
indst efficiency standards,metal products except machinery and vehicles 25,heavy or residual fuel oil if,,0,0,0,0.026316,0.052632,0.078947,0.105263,0.131579,0.157895,0.184211,0.210526,0.236842,0.263158,0.289474,0.315789,0.342105,0.368421,0.394737,0.421053,0.447368,0.473684,0.5,0.526316,0.552632,0.578947,0.605263,0.631579,0.657895,0.684211,0.710526,0.736842,0.763158,0.789474,0.815789,0.842105,0.868421,0.894737,0.921053,0.947368,0.973684,1,1,1,1,1,1,1,1,1,1,1,1,1,1,1,1,1,1,1,1,1,1,1,1,1,1,1,1,1,1,1,1,1,1,1,1,1,1,1,1,1
indst efficiency standards,metal products except machinery and vehicles 25,LPG propane or butane if,,0,0,0,0.026316,0.052632,0.078947,0.105263,0.131579,0.157895,0.184211,0.210526,0.236842,0.263158,0.289474,0.315789,0.342105,0.368421,0.394737,0.421053,0.447368,0.473684,0.5,0.526316,0.552632,0.578947,0.605263,0.631579,0.657895,0.684211,0.710526,0.736842,0.763158,0.789474,0.815789,0.842105,0.868421,0.894737,0.921053,0.947368,0.973684,1,1,1,1,1,1,1,1,1,1,1,1,1,1,1,1,1,1,1,1,1,1,1,1,1,1,1,1,1,1,1,1,1,1,1,1,1,1,1,1,1
indst efficiency standards,metal products except machinery and vehicles 25,hydrogen if,,0,0,0,0.026316,0.052632,0.078947,0.105263,0.131579,0.157895,0.184211,0.210526,0.236842,0.263158,0.289474,0.315789,0.342105,0.368421,0.394737,0.421053,0.447368,0.473684,0.5,0.526316,0.552632,0.578947,0.605263,0.631579,0.657895,0.684211,0.710526,0.736842,0.763158,0.789474,0.815789,0.842105,0.868421,0.894737,0.921053,0.947368,0.973684,1,1,1,1,1,1,1,1,1,1,1,1,1,1,1,1,1,1,1,1,1,1,1,1,1,1,1,1,1,1,1,1,1,1,1,1,1,1,1,1,1
indst efficiency standards,computers and electronics 26,electricity if,,0,0,0,0,0.54,0.503,0.473,0.451,0.51,0.493,0.476,0.493467,0.510933,0.5284,0.545867,0.563333,0.5808,0.598267,0.615733,0.6332,0.650667,0.668133,0.6856,0.703067,0.720533,0.738,0.755467,0.772933,0.7904,0.807867,0.825333,0.8428,0.860267,0.877733,0.8952,0.912667,0.930133,0.9476,0.965067,0.982533,1,1,1,1,1,1,1,1,1,1,1,1,1,1,1,1,1,1,1,1,1,1,1,1,1,1,1,1,1,1,1,1,1,1,1,1,1,1,1,1,1
indst efficiency standards,computers and electronics 26,hard coal if,,0,0,0,0,0.54,0.503,0.473,0.451,0.51,0.493,0.476,0.493467,0.510933,0.5284,0.545867,0.563333,0.5808,0.598267,0.615733,0.6332,0.650667,0.668133,0.6856,0.703067,0.720533,0.738,0.755467,0.772933,0.7904,0.807867,0.825333,0.8428,0.860267,0.877733,0.8952,0.912667,0.930133,0.9476,0.965067,0.982533,1,1,1,1,1,1,1,1,1,1,1,1,1,1,1,1,1,1,1,1,1,1,1,1,1,1,1,1,1,1,1,1,1,1,1,1,1,1,1,1,1
indst efficiency standards,computers and electronics 26,natural gas if,,0,0,0,0,0.54,0.503,0.473,0.451,0.51,0.493,0.476,0.493467,0.510933,0.5284,0.545867,0.563333,0.5808,0.598267,0.615733,0.6332,0.650667,0.668133,0.6856,0.703067,0.720533,0.738,0.755467,0.772933,0.7904,0.807867,0.825333,0.8428,0.860267,0.877733,0.8952,0.912667,0.930133,0.9476,0.965067,0.982533,1,1,1,1,1,1,1,1,1,1,1,1,1,1,1,1,1,1,1,1,1,1,1,1,1,1,1,1,1,1,1,1,1,1,1,1,1,1,1,1,1
indst efficiency standards,computers and electronics 26,biomass if,,0,0,0,0,0.54,0.503,0.473,0.451,0.51,0.493,0.476,0.493467,0.510933,0.5284,0.545867,0.563333,0.5808,0.598267,0.615733,0.6332,0.650667,0.668133,0.6856,0.703067,0.720533,0.738,0.755467,0.772933,0.7904,0.807867,0.825333,0.8428,0.860267,0.877733,0.8952,0.912667,0.930133,0.9476,0.965067,0.982533,1,1,1,1,1,1,1,1,1,1,1,1,1,1,1,1,1,1,1,1,1,1,1,1,1,1,1,1,1,1,1,1,1,1,1,1,1,1,1,1,1
indst efficiency standards,computers and electronics 26,petroleum diesel if,,0,0,0,0,0.54,0.503,0.473,0.451,0.51,0.493,0.476,0.493467,0.510933,0.5284,0.545867,0.563333,0.5808,0.598267,0.615733,0.6332,0.650667,0.668133,0.6856,0.703067,0.720533,0.738,0.755467,0.772933,0.7904,0.807867,0.825333,0.8428,0.860267,0.877733,0.8952,0.912667,0.930133,0.9476,0.965067,0.982533,1,1,1,1,1,1,1,1,1,1,1,1,1,1,1,1,1,1,1,1,1,1,1,1,1,1,1,1,1,1,1,1,1,1,1,1,1,1,1,1,1
indst efficiency standards,computers and electronics 26,heat if,,0,0,0,0,0.54,0.503,0.473,0.451,0.51,0.493,0.476,0.493467,0.510933,0.5284,0.545867,0.563333,0.5808,0.598267,0.615733,0.6332,0.650667,0.668133,0.6856,0.703067,0.720533,0.738,0.755467,0.772933,0.7904,0.807867,0.825333,0.8428,0.860267,0.877733,0.8952,0.912667,0.930133,0.9476,0.965067,0.982533,1,1,1,1,1,1,1,1,1,1,1,1,1,1,1,1,1,1,1,1,1,1,1,1,1,1,1,1,1,1,1,1,1,1,1,1,1,1,1,1,1
indst efficiency standards,computers and electronics 26,crude oil if,,0,0,0,0,0.54,0.503,0.473,0.451,0.51,0.493,0.476,0.493467,0.510933,0.5284,0.545867,0.563333,0.5808,0.598267,0.615733,0.6332,0.650667,0.668133,0.6856,0.703067,0.720533,0.738,0.755467,0.772933,0.7904,0.807867,0.825333,0.8428,0.860267,0.877733,0.8952,0.912667,0.930133,0.9476,0.965067,0.982533,1,1,1,1,1,1,1,1,1,1,1,1,1,1,1,1,1,1,1,1,1,1,1,1,1,1,1,1,1,1,1,1,1,1,1,1,1,1,1,1,1
indst efficiency standards,computers and electronics 26,heavy or residual fuel oil if,,0,0,0,0,0.54,0.503,0.473,0.451,0.51,0.493,0.476,0.493467,0.510933,0.5284,0.545867,0.563333,0.5808,0.598267,0.615733,0.6332,0.650667,0.668133,0.6856,0.703067,0.720533,0.738,0.755467,0.772933,0.7904,0.807867,0.825333,0.8428,0.860267,0.877733,0.8952,0.912667,0.930133,0.9476,0.965067,0.982533,1,1,1,1,1,1,1,1,1,1,1,1,1,1,1,1,1,1,1,1,1,1,1,1,1,1,1,1,1,1,1,1,1,1,1,1,1,1,1,1,1
indst efficiency standards,computers and electronics 26,LPG propane or butane if,,0,0,0,0,0.54,0.503,0.473,0.451,0.51,0.493,0.476,0.493467,0.510933,0.5284,0.545867,0.563333,0.5808,0.598267,0.615733,0.6332,0.650667,0.668133,0.6856,0.703067,0.720533,0.738,0.755467,0.772933,0.7904,0.807867,0.825333,0.8428,0.860267,0.877733,0.8952,0.912667,0.930133,0.9476,0.965067,0.982533,1,1,1,1,1,1,1,1,1,1,1,1,1,1,1,1,1,1,1,1,1,1,1,1,1,1,1,1,1,1,1,1,1,1,1,1,1,1,1,1,1
indst efficiency standards,computers and electronics 26,hydrogen if,,0,0,0,0,0.54,0.503,0.473,0.451,0.51,0.493,0.476,0.493467,0.510933,0.5284,0.545867,0.563333,0.5808,0.598267,0.615733,0.6332,0.650667,0.668133,0.6856,0.703067,0.720533,0.738,0.755467,0.772933,0.7904,0.807867,0.825333,0.8428,0.860267,0.877733,0.8952,0.912667,0.930133,0.9476,0.965067,0.982533,1,1,1,1,1,1,1,1,1,1,1,1,1,1,1,1,1,1,1,1,1,1,1,1,1,1,1,1,1,1,1,1,1,1,1,1,1,1,1,1,1
indst efficiency standards,appliances and electrical equipment 27,electricity if,,0,0,0,0,1,1,1,1,1,1,1,1,1,1,1,1,1,1,1,1,1,1,1,1,1,1,1,1,1,1,1,1,1,1,1,1,1,1,1,1,1,1,1,1,1,1,1,1,1,1,1,1,1,1,1,1,1,1,1,1,1,1,1,1,1,1,1,1,1,1,1,1,1,1,1,1,1,1,1,1,1
indst efficiency standards,appliances and electrical equipment 27,hard coal if,,0,0,0,0,1,1,1,1,1,1,1,1,1,1,1,1,1,1,1,1,1,1,1,1,1,1,1,1,1,1,1,1,1,1,1,1,1,1,1,1,1,1,1,1,1,1,1,1,1,1,1,1,1,1,1,1,1,1,1,1,1,1,1,1,1,1,1,1,1,1,1,1,1,1,1,1,1,1,1,1,1
indst efficiency standards,appliances and electrical equipment 27,natural gas if,,0,0,0,0,1,1,1,1,1,1,1,1,1,1,1,1,1,1,1,1,1,1,1,1,1,1,1,1,1,1,1,1,1,1,1,1,1,1,1,1,1,1,1,1,1,1,1,1,1,1,1,1,1,1,1,1,1,1,1,1,1,1,1,1,1,1,1,1,1,1,1,1,1,1,1,1,1,1,1,1,1
indst efficiency standards,appliances and electrical equipment 27,biomass if,,0,0,0,0,1,1,1,1,1,1,1,1,1,1,1,1,1,1,1,1,1,1,1,1,1,1,1,1,1,1,1,1,1,1,1,1,1,1,1,1,1,1,1,1,1,1,1,1,1,1,1,1,1,1,1,1,1,1,1,1,1,1,1,1,1,1,1,1,1,1,1,1,1,1,1,1,1,1,1,1,1
indst efficiency standards,appliances and electrical equipment 27,petroleum diesel if,,0,0,0,0,1,1,1,1,1,1,1,1,1,1,1,1,1,1,1,1,1,1,1,1,1,1,1,1,1,1,1,1,1,1,1,1,1,1,1,1,1,1,1,1,1,1,1,1,1,1,1,1,1,1,1,1,1,1,1,1,1,1,1,1,1,1,1,1,1,1,1,1,1,1,1,1,1,1,1,1,1
indst efficiency standards,appliances and electrical equipment 27,heat if,,0,0,0,0,1,1,1,1,1,1,1,1,1,1,1,1,1,1,1,1,1,1,1,1,1,1,1,1,1,1,1,1,1,1,1,1,1,1,1,1,1,1,1,1,1,1,1,1,1,1,1,1,1,1,1,1,1,1,1,1,1,1,1,1,1,1,1,1,1,1,1,1,1,1,1,1,1,1,1,1,1
indst efficiency standards,appliances and electrical equipment 27,crude oil if,,0,0,0,0,1,1,1,1,1,1,1,1,1,1,1,1,1,1,1,1,1,1,1,1,1,1,1,1,1,1,1,1,1,1,1,1,1,1,1,1,1,1,1,1,1,1,1,1,1,1,1,1,1,1,1,1,1,1,1,1,1,1,1,1,1,1,1,1,1,1,1,1,1,1,1,1,1,1,1,1,1
indst efficiency standards,appliances and electrical equipment 27,heavy or residual fuel oil if,,0,0,0,0,1,1,1,1,1,1,1,1,1,1,1,1,1,1,1,1,1,1,1,1,1,1,1,1,1,1,1,1,1,1,1,1,1,1,1,1,1,1,1,1,1,1,1,1,1,1,1,1,1,1,1,1,1,1,1,1,1,1,1,1,1,1,1,1,1,1,1,1,1,1,1,1,1,1,1,1,1
indst efficiency standards,appliances and electrical equipment 27,LPG propane or butane if,,0,0,0,0,1,1,1,1,1,1,1,1,1,1,1,1,1,1,1,1,1,1,1,1,1,1,1,1,1,1,1,1,1,1,1,1,1,1,1,1,1,1,1,1,1,1,1,1,1,1,1,1,1,1,1,1,1,1,1,1,1,1,1,1,1,1,1,1,1,1,1,1,1,1,1,1,1,1,1,1,1
indst efficiency standards,appliances and electrical equipment 27,hydrogen if,,0,0,0,0,1,1,1,1,1,1,1,1,1,1,1,1,1,1,1,1,1,1,1,1,1,1,1,1,1,1,1,1,1,1,1,1,1,1,1,1,1,1,1,1,1,1,1,1,1,1,1,1,1,1,1,1,1,1,1,1,1,1,1,1,1,1,1,1,1,1,1,1,1,1,1,1,1,1,1,1,1
indst efficiency standards,other machinery 28,electricity if,,0,0,0,0.026316,0.052632,0.078947,0.105263,0.131579,0.157895,0.184211,0.210526,0.236842,0.263158,0.289474,0.315789,0.342105,0.368421,0.394737,0.421053,0.447368,0.473684,0.5,0.526316,0.552632,0.578947,0.605263,0.631579,0.657895,0.684211,0.710526,0.736842,0.763158,0.789474,0.815789,0.842105,0.868421,0.894737,0.921053,0.947368,0.973684,1,1,1,1,1,1,1,1,1,1,1,1,1,1,1,1,1,1,1,1,1,1,1,1,1,1,1,1,1,1,1,1,1,1,1,1,1,1,1,1,1
indst efficiency standards,other machinery 28,hard coal if,,0,0,0,0.026316,0.052632,0.078947,0.105263,0.131579,0.157895,0.184211,0.210526,0.236842,0.263158,0.289474,0.315789,0.342105,0.368421,0.394737,0.421053,0.447368,0.473684,0.5,0.526316,0.552632,0.578947,0.605263,0.631579,0.657895,0.684211,0.710526,0.736842,0.763158,0.789474,0.815789,0.842105,0.868421,0.894737,0.921053,0.947368,0.973684,1,1,1,1,1,1,1,1,1,1,1,1,1,1,1,1,1,1,1,1,1,1,1,1,1,1,1,1,1,1,1,1,1,1,1,1,1,1,1,1,1
indst efficiency standards,other machinery 28,natural gas if,,0,0,0,0.026316,0.052632,0.078947,0.105263,0.131579,0.157895,0.184211,0.210526,0.236842,0.263158,0.289474,0.315789,0.342105,0.368421,0.394737,0.421053,0.447368,0.473684,0.5,0.526316,0.552632,0.578947,0.605263,0.631579,0.657895,0.684211,0.710526,0.736842,0.763158,0.789474,0.815789,0.842105,0.868421,0.894737,0.921053,0.947368,0.973684,1,1,1,1,1,1,1,1,1,1,1,1,1,1,1,1,1,1,1,1,1,1,1,1,1,1,1,1,1,1,1,1,1,1,1,1,1,1,1,1,1
indst efficiency standards,other machinery 28,biomass if,,0,0,0,0.026316,0.052632,0.078947,0.105263,0.131579,0.157895,0.184211,0.210526,0.236842,0.263158,0.289474,0.315789,0.342105,0.368421,0.394737,0.421053,0.447368,0.473684,0.5,0.526316,0.552632,0.578947,0.605263,0.631579,0.657895,0.684211,0.710526,0.736842,0.763158,0.789474,0.815789,0.842105,0.868421,0.894737,0.921053,0.947368,0.973684,1,1,1,1,1,1,1,1,1,1,1,1,1,1,1,1,1,1,1,1,1,1,1,1,1,1,1,1,1,1,1,1,1,1,1,1,1,1,1,1,1
indst efficiency standards,other machinery 28,petroleum diesel if,,0,0,0,0.026316,0.052632,0.078947,0.105263,0.131579,0.157895,0.184211,0.210526,0.236842,0.263158,0.289474,0.315789,0.342105,0.368421,0.394737,0.421053,0.447368,0.473684,0.5,0.526316,0.552632,0.578947,0.605263,0.631579,0.657895,0.684211,0.710526,0.736842,0.763158,0.789474,0.815789,0.842105,0.868421,0.894737,0.921053,0.947368,0.973684,1,1,1,1,1,1,1,1,1,1,1,1,1,1,1,1,1,1,1,1,1,1,1,1,1,1,1,1,1,1,1,1,1,1,1,1,1,1,1,1,1
indst efficiency standards,other machinery 28,heat if,,0,0,0,0.026316,0.052632,0.078947,0.105263,0.131579,0.157895,0.184211,0.210526,0.236842,0.263158,0.289474,0.315789,0.342105,0.368421,0.394737,0.421053,0.447368,0.473684,0.5,0.526316,0.552632,0.578947,0.605263,0.631579,0.657895,0.684211,0.710526,0.736842,0.763158,0.789474,0.815789,0.842105,0.868421,0.894737,0.921053,0.947368,0.973684,1,1,1,1,1,1,1,1,1,1,1,1,1,1,1,1,1,1,1,1,1,1,1,1,1,1,1,1,1,1,1,1,1,1,1,1,1,1,1,1,1
indst efficiency standards,other machinery 28,crude oil if,,0,0,0,0.026316,0.052632,0.078947,0.105263,0.131579,0.157895,0.184211,0.210526,0.236842,0.263158,0.289474,0.315789,0.342105,0.368421,0.394737,0.421053,0.447368,0.473684,0.5,0.526316,0.552632,0.578947,0.605263,0.631579,0.657895,0.684211,0.710526,0.736842,0.763158,0.789474,0.815789,0.842105,0.868421,0.894737,0.921053,0.947368,0.973684,1,1,1,1,1,1,1,1,1,1,1,1,1,1,1,1,1,1,1,1,1,1,1,1,1,1,1,1,1,1,1,1,1,1,1,1,1,1,1,1,1
indst efficiency standards,other machinery 28,heavy or residual fuel oil if,,0,0,0,0.026316,0.052632,0.078947,0.105263,0.131579,0.157895,0.184211,0.210526,0.236842,0.263158,0.289474,0.315789,0.342105,0.368421,0.394737,0.421053,0.447368,0.473684,0.5,0.526316,0.552632,0.578947,0.605263,0.631579,0.657895,0.684211,0.710526,0.736842,0.763158,0.789474,0.815789,0.842105,0.868421,0.894737,0.921053,0.947368,0.973684,1,1,1,1,1,1,1,1,1,1,1,1,1,1,1,1,1,1,1,1,1,1,1,1,1,1,1,1,1,1,1,1,1,1,1,1,1,1,1,1,1
indst efficiency standards,other machinery 28,LPG propane or butane if,,0,0,0,0.026316,0.052632,0.078947,0.105263,0.131579,0.157895,0.184211,0.210526,0.236842,0.263158,0.289474,0.315789,0.342105,0.368421,0.394737,0.421053,0.447368,0.473684,0.5,0.526316,0.552632,0.578947,0.605263,0.631579,0.657895,0.684211,0.710526,0.736842,0.763158,0.789474,0.815789,0.842105,0.868421,0.894737,0.921053,0.947368,0.973684,1,1,1,1,1,1,1,1,1,1,1,1,1,1,1,1,1,1,1,1,1,1,1,1,1,1,1,1,1,1,1,1,1,1,1,1,1,1,1,1,1
indst efficiency standards,other machinery 28,hydrogen if,,0,0,0,0.026316,0.052632,0.078947,0.105263,0.131579,0.157895,0.184211,0.210526,0.236842,0.263158,0.289474,0.315789,0.342105,0.368421,0.394737,0.421053,0.447368,0.473684,0.5,0.526316,0.552632,0.578947,0.605263,0.631579,0.657895,0.684211,0.710526,0.736842,0.763158,0.789474,0.815789,0.842105,0.868421,0.894737,0.921053,0.947368,0.973684,1,1,1,1,1,1,1,1,1,1,1,1,1,1,1,1,1,1,1,1,1,1,1,1,1,1,1,1,1,1,1,1,1,1,1,1,1,1,1,1,1
indst efficiency standards,road vehicles 29,electricity if,,0,0,0,0.057,0.054,0,0,0,0,0,0,0.033333,0.066667,0.1,0.133333,0.166667,0.2,0.233333,0.266667,0.3,0.333333,0.366667,0.4,0.433333,0.466667,0.5,0.533333,0.566667,0.6,0.633333,0.666667,0.7,0.733333,0.766667,0.8,0.833333,0.866667,0.9,0.933333,0.966667,1,1,1,1,1,1,1,1,1,1,1,1,1,1,1,1,1,1,1,1,1,1,1,1,1,1,1,1,1,1,1,1,1,1,1,1,1,1,1,1,1
indst efficiency standards,road vehicles 29,hard coal if,,0,0,0,0.057,0.054,0,0,0,0,0,0,0.033333,0.066667,0.1,0.133333,0.166667,0.2,0.233333,0.266667,0.3,0.333333,0.366667,0.4,0.433333,0.466667,0.5,0.533333,0.566667,0.6,0.633333,0.666667,0.7,0.733333,0.766667,0.8,0.833333,0.866667,0.9,0.933333,0.966667,1,1,1,1,1,1,1,1,1,1,1,1,1,1,1,1,1,1,1,1,1,1,1,1,1,1,1,1,1,1,1,1,1,1,1,1,1,1,1,1,1
indst efficiency standards,road vehicles 29,natural gas if,,0,0,0,0.057,0.054,0,0,0,0,0,0,0.033333,0.066667,0.1,0.133333,0.166667,0.2,0.233333,0.266667,0.3,0.333333,0.366667,0.4,0.433333,0.466667,0.5,0.533333,0.566667,0.6,0.633333,0.666667,0.7,0.733333,0.766667,0.8,0.833333,0.866667,0.9,0.933333,0.966667,1,1,1,1,1,1,1,1,1,1,1,1,1,1,1,1,1,1,1,1,1,1,1,1,1,1,1,1,1,1,1,1,1,1,1,1,1,1,1,1,1
indst efficiency standards,road vehicles 29,biomass if,,0,0,0,0.057,0.054,0,0,0,0,0,0,0.033333,0.066667,0.1,0.133333,0.166667,0.2,0.233333,0.266667,0.3,0.333333,0.366667,0.4,0.433333,0.466667,0.5,0.533333,0.566667,0.6,0.633333,0.666667,0.7,0.733333,0.766667,0.8,0.833333,0.866667,0.9,0.933333,0.966667,1,1,1,1,1,1,1,1,1,1,1,1,1,1,1,1,1,1,1,1,1,1,1,1,1,1,1,1,1,1,1,1,1,1,1,1,1,1,1,1,1
indst efficiency standards,road vehicles 29,petroleum diesel if,,0,0,0,0.057,0.054,0,0,0,0,0,0,0.033333,0.066667,0.1,0.133333,0.166667,0.2,0.233333,0.266667,0.3,0.333333,0.366667,0.4,0.433333,0.466667,0.5,0.533333,0.566667,0.6,0.633333,0.666667,0.7,0.733333,0.766667,0.8,0.833333,0.866667,0.9,0.933333,0.966667,1,1,1,1,1,1,1,1,1,1,1,1,1,1,1,1,1,1,1,1,1,1,1,1,1,1,1,1,1,1,1,1,1,1,1,1,1,1,1,1,1
indst efficiency standards,road vehicles 29,heat if,,0,0,0,0.057,0.054,0,0,0,0,0,0,0.033333,0.066667,0.1,0.133333,0.166667,0.2,0.233333,0.266667,0.3,0.333333,0.366667,0.4,0.433333,0.466667,0.5,0.533333,0.566667,0.6,0.633333,0.666667,0.7,0.733333,0.766667,0.8,0.833333,0.866667,0.9,0.933333,0.966667,1,1,1,1,1,1,1,1,1,1,1,1,1,1,1,1,1,1,1,1,1,1,1,1,1,1,1,1,1,1,1,1,1,1,1,1,1,1,1,1,1
indst efficiency standards,road vehicles 29,crude oil if,,0,0,0,0.057,0.054,0,0,0,0,0,0,0.033333,0.066667,0.1,0.133333,0.166667,0.2,0.233333,0.266667,0.3,0.333333,0.366667,0.4,0.433333,0.466667,0.5,0.533333,0.566667,0.6,0.633333,0.666667,0.7,0.733333,0.766667,0.8,0.833333,0.866667,0.9,0.933333,0.966667,1,1,1,1,1,1,1,1,1,1,1,1,1,1,1,1,1,1,1,1,1,1,1,1,1,1,1,1,1,1,1,1,1,1,1,1,1,1,1,1,1
indst efficiency standards,road vehicles 29,heavy or residual fuel oil if,,0,0,0,0.057,0.054,0,0,0,0,0,0,0.033333,0.066667,0.1,0.133333,0.166667,0.2,0.233333,0.266667,0.3,0.333333,0.366667,0.4,0.433333,0.466667,0.5,0.533333,0.566667,0.6,0.633333,0.666667,0.7,0.733333,0.766667,0.8,0.833333,0.866667,0.9,0.933333,0.966667,1,1,1,1,1,1,1,1,1,1,1,1,1,1,1,1,1,1,1,1,1,1,1,1,1,1,1,1,1,1,1,1,1,1,1,1,1,1,1,1,1
indst efficiency standards,road vehicles 29,LPG propane or butane if,,0,0,0,0.057,0.054,0,0,0,0,0,0,0.033333,0.066667,0.1,0.133333,0.166667,0.2,0.233333,0.266667,0.3,0.333333,0.366667,0.4,0.433333,0.466667,0.5,0.533333,0.566667,0.6,0.633333,0.666667,0.7,0.733333,0.766667,0.8,0.833333,0.866667,0.9,0.933333,0.966667,1,1,1,1,1,1,1,1,1,1,1,1,1,1,1,1,1,1,1,1,1,1,1,1,1,1,1,1,1,1,1,1,1,1,1,1,1,1,1,1,1
indst efficiency standards,road vehicles 29,hydrogen if,,0,0,0,0.057,0.054,0,0,0,0,0,0,0.033333,0.066667,0.1,0.133333,0.166667,0.2,0.233333,0.266667,0.3,0.333333,0.366667,0.4,0.433333,0.466667,0.5,0.533333,0.566667,0.6,0.633333,0.666667,0.7,0.733333,0.766667,0.8,0.833333,0.866667,0.9,0.933333,0.966667,1,1,1,1,1,1,1,1,1,1,1,1,1,1,1,1,1,1,1,1,1,1,1,1,1,1,1,1,1,1,1,1,1,1,1,1,1,1,1,1,1
indst efficiency standards,nonroad vehicles 30,electricity if,,0,0.084,0.119,0.115,0.113,0.075,0,0,0,0,0,0.033333,0.066667,0.1,0.133333,0.166667,0.2,0.233333,0.266667,0.3,0.333333,0.366667,0.4,0.433333,0.466667,0.5,0.533333,0.566667,0.6,0.633333,0.666667,0.7,0.733333,0.766667,0.8,0.833333,0.866667,0.9,0.933333,0.966667,1,1,1,1,1,1,1,1,1,1,1,1,1,1,1,1,1,1,1,1,1,1,1,1,1,1,1,1,1,1,1,1,1,1,1,1,1,1,1,1,1
indst efficiency standards,nonroad vehicles 30,hard coal if,,0,0.084,0.119,0.115,0.113,0.075,0,0,0,0,0,0.033333,0.066667,0.1,0.133333,0.166667,0.2,0.233333,0.266667,0.3,0.333333,0.366667,0.4,0.433333,0.466667,0.5,0.533333,0.566667,0.6,0.633333,0.666667,0.7,0.733333,0.766667,0.8,0.833333,0.866667,0.9,0.933333,0.966667,1,1,1,1,1,1,1,1,1,1,1,1,1,1,1,1,1,1,1,1,1,1,1,1,1,1,1,1,1,1,1,1,1,1,1,1,1,1,1,1,1
indst efficiency standards,nonroad vehicles 30,natural gas if,,0,0.084,0.119,0.115,0.113,0.075,0,0,0,0,0,0.033333,0.066667,0.1,0.133333,0.166667,0.2,0.233333,0.266667,0.3,0.333333,0.366667,0.4,0.433333,0.466667,0.5,0.533333,0.566667,0.6,0.633333,0.666667,0.7,0.733333,0.766667,0.8,0.833333,0.866667,0.9,0.933333,0.966667,1,1,1,1,1,1,1,1,1,1,1,1,1,1,1,1,1,1,1,1,1,1,1,1,1,1,1,1,1,1,1,1,1,1,1,1,1,1,1,1,1
indst efficiency standards,nonroad vehicles 30,biomass if,,0,0.084,0.119,0.115,0.113,0.075,0,0,0,0,0,0.033333,0.066667,0.1,0.133333,0.166667,0.2,0.233333,0.266667,0.3,0.333333,0.366667,0.4,0.433333,0.466667,0.5,0.533333,0.566667,0.6,0.633333,0.666667,0.7,0.733333,0.766667,0.8,0.833333,0.866667,0.9,0.933333,0.966667,1,1,1,1,1,1,1,1,1,1,1,1,1,1,1,1,1,1,1,1,1,1,1,1,1,1,1,1,1,1,1,1,1,1,1,1,1,1,1,1,1
indst efficiency standards,nonroad vehicles 30,petroleum diesel if,,0,0.084,0.119,0.115,0.113,0.075,0,0,0,0,0,0.033333,0.066667,0.1,0.133333,0.166667,0.2,0.233333,0.266667,0.3,0.333333,0.366667,0.4,0.433333,0.466667,0.5,0.533333,0.566667,0.6,0.633333,0.666667,0.7,0.733333,0.766667,0.8,0.833333,0.866667,0.9,0.933333,0.966667,1,1,1,1,1,1,1,1,1,1,1,1,1,1,1,1,1,1,1,1,1,1,1,1,1,1,1,1,1,1,1,1,1,1,1,1,1,1,1,1,1
indst efficiency standards,nonroad vehicles 30,heat if,,0,0.084,0.119,0.115,0.113,0.075,0,0,0,0,0,0.033333,0.066667,0.1,0.133333,0.166667,0.2,0.233333,0.266667,0.3,0.333333,0.366667,0.4,0.433333,0.466667,0.5,0.533333,0.566667,0.6,0.633333,0.666667,0.7,0.733333,0.766667,0.8,0.833333,0.866667,0.9,0.933333,0.966667,1,1,1,1,1,1,1,1,1,1,1,1,1,1,1,1,1,1,1,1,1,1,1,1,1,1,1,1,1,1,1,1,1,1,1,1,1,1,1,1,1
indst efficiency standards,nonroad vehicles 30,crude oil if,,0,0.084,0.119,0.115,0.113,0.075,0,0,0,0,0,0.033333,0.066667,0.1,0.133333,0.166667,0.2,0.233333,0.266667,0.3,0.333333,0.366667,0.4,0.433333,0.466667,0.5,0.533333,0.566667,0.6,0.633333,0.666667,0.7,0.733333,0.766667,0.8,0.833333,0.866667,0.9,0.933333,0.966667,1,1,1,1,1,1,1,1,1,1,1,1,1,1,1,1,1,1,1,1,1,1,1,1,1,1,1,1,1,1,1,1,1,1,1,1,1,1,1,1,1
indst efficiency standards,nonroad vehicles 30,heavy or residual fuel oil if,,0,0.084,0.119,0.115,0.113,0.075,0,0,0,0,0,0.033333,0.066667,0.1,0.133333,0.166667,0.2,0.233333,0.266667,0.3,0.333333,0.366667,0.4,0.433333,0.466667,0.5,0.533333,0.566667,0.6,0.633333,0.666667,0.7,0.733333,0.766667,0.8,0.833333,0.866667,0.9,0.933333,0.966667,1,1,1,1,1,1,1,1,1,1,1,1,1,1,1,1,1,1,1,1,1,1,1,1,1,1,1,1,1,1,1,1,1,1,1,1,1,1,1,1,1
indst efficiency standards,nonroad vehicles 30,LPG propane or butane if,,0,0.084,0.119,0.115,0.113,0.075,0,0,0,0,0,0.033333,0.066667,0.1,0.133333,0.166667,0.2,0.233333,0.266667,0.3,0.333333,0.366667,0.4,0.433333,0.466667,0.5,0.533333,0.566667,0.6,0.633333,0.666667,0.7,0.733333,0.766667,0.8,0.833333,0.866667,0.9,0.933333,0.966667,1,1,1,1,1,1,1,1,1,1,1,1,1,1,1,1,1,1,1,1,1,1,1,1,1,1,1,1,1,1,1,1,1,1,1,1,1,1,1,1,1
indst efficiency standards,nonroad vehicles 30,hydrogen if,,0,0.084,0.119,0.115,0.113,0.075,0,0,0,0,0,0.033333,0.066667,0.1,0.133333,0.166667,0.2,0.233333,0.266667,0.3,0.333333,0.366667,0.4,0.433333,0.466667,0.5,0.533333,0.566667,0.6,0.633333,0.666667,0.7,0.733333,0.766667,0.8,0.833333,0.866667,0.9,0.933333,0.966667,1,1,1,1,1,1,1,1,1,1,1,1,1,1,1,1,1,1,1,1,1,1,1,1,1,1,1,1,1,1,1,1,1,1,1,1,1,1,1,1,1
indst efficiency standards,other manufacturing 31T33,electricity if,,0,0,0,0.026316,0.052632,0.078947,0.105263,0.131579,0.157895,0.184211,0.210526,0.236842,0.263158,0.289474,0.315789,0.342105,0.368421,0.394737,0.421053,0.447368,0.473684,0.5,0.526316,0.552632,0.578947,0.605263,0.631579,0.657895,0.684211,0.710526,0.736842,0.763158,0.789474,0.815789,0.842105,0.868421,0.894737,0.921053,0.947368,0.973684,1,1,1,1,1,1,1,1,1,1,1,1,1,1,1,1,1,1,1,1,1,1,1,1,1,1,1,1,1,1,1,1,1,1,1,1,1,1,1,1,1
indst efficiency standards,other manufacturing 31T33,hard coal if,,0,0,0,0.026316,0.052632,0.078947,0.105263,0.131579,0.157895,0.184211,0.210526,0.236842,0.263158,0.289474,0.315789,0.342105,0.368421,0.394737,0.421053,0.447368,0.473684,0.5,0.526316,0.552632,0.578947,0.605263,0.631579,0.657895,0.684211,0.710526,0.736842,0.763158,0.789474,0.815789,0.842105,0.868421,0.894737,0.921053,0.947368,0.973684,1,1,1,1,1,1,1,1,1,1,1,1,1,1,1,1,1,1,1,1,1,1,1,1,1,1,1,1,1,1,1,1,1,1,1,1,1,1,1,1,1
indst efficiency standards,other manufacturing 31T33,natural gas if,,0,0,0,0.026316,0.052632,0.078947,0.105263,0.131579,0.157895,0.184211,0.210526,0.236842,0.263158,0.289474,0.315789,0.342105,0.368421,0.394737,0.421053,0.447368,0.473684,0.5,0.526316,0.552632,0.578947,0.605263,0.631579,0.657895,0.684211,0.710526,0.736842,0.763158,0.789474,0.815789,0.842105,0.868421,0.894737,0.921053,0.947368,0.973684,1,1,1,1,1,1,1,1,1,1,1,1,1,1,1,1,1,1,1,1,1,1,1,1,1,1,1,1,1,1,1,1,1,1,1,1,1,1,1,1,1
indst efficiency standards,other manufacturing 31T33,biomass if,,0,0,0,0.026316,0.052632,0.078947,0.105263,0.131579,0.157895,0.184211,0.210526,0.236842,0.263158,0.289474,0.315789,0.342105,0.368421,0.394737,0.421053,0.447368,0.473684,0.5,0.526316,0.552632,0.578947,0.605263,0.631579,0.657895,0.684211,0.710526,0.736842,0.763158,0.789474,0.815789,0.842105,0.868421,0.894737,0.921053,0.947368,0.973684,1,1,1,1,1,1,1,1,1,1,1,1,1,1,1,1,1,1,1,1,1,1,1,1,1,1,1,1,1,1,1,1,1,1,1,1,1,1,1,1,1
indst efficiency standards,other manufacturing 31T33,petroleum diesel if,,0,0,0,0.026316,0.052632,0.078947,0.105263,0.131579,0.157895,0.184211,0.210526,0.236842,0.263158,0.289474,0.315789,0.342105,0.368421,0.394737,0.421053,0.447368,0.473684,0.5,0.526316,0.552632,0.578947,0.605263,0.631579,0.657895,0.684211,0.710526,0.736842,0.763158,0.789474,0.815789,0.842105,0.868421,0.894737,0.921053,0.947368,0.973684,1,1,1,1,1,1,1,1,1,1,1,1,1,1,1,1,1,1,1,1,1,1,1,1,1,1,1,1,1,1,1,1,1,1,1,1,1,1,1,1,1
indst efficiency standards,other manufacturing 31T33,heat if,,0,0,0,0.026316,0.052632,0.078947,0.105263,0.131579,0.157895,0.184211,0.210526,0.236842,0.263158,0.289474,0.315789,0.342105,0.368421,0.394737,0.421053,0.447368,0.473684,0.5,0.526316,0.552632,0.578947,0.605263,0.631579,0.657895,0.684211,0.710526,0.736842,0.763158,0.789474,0.815789,0.842105,0.868421,0.894737,0.921053,0.947368,0.973684,1,1,1,1,1,1,1,1,1,1,1,1,1,1,1,1,1,1,1,1,1,1,1,1,1,1,1,1,1,1,1,1,1,1,1,1,1,1,1,1,1
indst efficiency standards,other manufacturing 31T33,crude oil if,,0,0,0,0.026316,0.052632,0.078947,0.105263,0.131579,0.157895,0.184211,0.210526,0.236842,0.263158,0.289474,0.315789,0.342105,0.368421,0.394737,0.421053,0.447368,0.473684,0.5,0.526316,0.552632,0.578947,0.605263,0.631579,0.657895,0.684211,0.710526,0.736842,0.763158,0.789474,0.815789,0.842105,0.868421,0.894737,0.921053,0.947368,0.973684,1,1,1,1,1,1,1,1,1,1,1,1,1,1,1,1,1,1,1,1,1,1,1,1,1,1,1,1,1,1,1,1,1,1,1,1,1,1,1,1,1
indst efficiency standards,other manufacturing 31T33,heavy or residual fuel oil if,,0,0,0,0.026316,0.052632,0.078947,0.105263,0.131579,0.157895,0.184211,0.210526,0.236842,0.263158,0.289474,0.315789,0.342105,0.368421,0.394737,0.421053,0.447368,0.473684,0.5,0.526316,0.552632,0.578947,0.605263,0.631579,0.657895,0.684211,0.710526,0.736842,0.763158,0.789474,0.815789,0.842105,0.868421,0.894737,0.921053,0.947368,0.973684,1,1,1,1,1,1,1,1,1,1,1,1,1,1,1,1,1,1,1,1,1,1,1,1,1,1,1,1,1,1,1,1,1,1,1,1,1,1,1,1,1
indst efficiency standards,other manufacturing 31T33,LPG propane or butane if,,0,0,0,0.026316,0.052632,0.078947,0.105263,0.131579,0.157895,0.184211,0.210526,0.236842,0.263158,0.289474,0.315789,0.342105,0.368421,0.394737,0.421053,0.447368,0.473684,0.5,0.526316,0.552632,0.578947,0.605263,0.631579,0.657895,0.684211,0.710526,0.736842,0.763158,0.789474,0.815789,0.842105,0.868421,0.894737,0.921053,0.947368,0.973684,1,1,1,1,1,1,1,1,1,1,1,1,1,1,1,1,1,1,1,1,1,1,1,1,1,1,1,1,1,1,1,1,1,1,1,1,1,1,1,1,1
indst efficiency standards,other manufacturing 31T33,hydrogen if,,0,0,0,0.026316,0.052632,0.078947,0.105263,0.131579,0.157895,0.184211,0.210526,0.236842,0.263158,0.289474,0.315789,0.342105,0.368421,0.394737,0.421053,0.447368,0.473684,0.5,0.526316,0.552632,0.578947,0.605263,0.631579,0.657895,0.684211,0.710526,0.736842,0.763158,0.789474,0.815789,0.842105,0.868421,0.894737,0.921053,0.947368,0.973684,1,1,1,1,1,1,1,1,1,1,1,1,1,1,1,1,1,1,1,1,1,1,1,1,1,1,1,1,1,1,1,1,1,1,1,1,1,1,1,1,1
indst efficiency standards,energy pipelines and gas processing 352T353,electricity if,,0,0,0,1,1,0,0,0,0,0,0,0.033333,0.066667,0.1,0.133333,0.166667,0.2,0.233333,0.266667,0.3,0.333333,0.366667,0.4,0.433333,0.466667,0.5,0.533333,0.566667,0.6,0.633333,0.666667,0.7,0.733333,0.766667,0.8,0.833333,0.866667,0.9,0.933333,0.966667,1,1,1,1,1,1,1,1,1,1,1,1,1,1,1,1,1,1,1,1,1,1,1,1,1,1,1,1,1,1,1,1,1,1,1,1,1,1,1,1,1
indst efficiency standards,energy pipelines and gas processing 352T353,hard coal if,,0,0,0,1,1,0,0,0,0,0,0,0.033333,0.066667,0.1,0.133333,0.166667,0.2,0.233333,0.266667,0.3,0.333333,0.366667,0.4,0.433333,0.466667,0.5,0.533333,0.566667,0.6,0.633333,0.666667,0.7,0.733333,0.766667,0.8,0.833333,0.866667,0.9,0.933333,0.966667,1,1,1,1,1,1,1,1,1,1,1,1,1,1,1,1,1,1,1,1,1,1,1,1,1,1,1,1,1,1,1,1,1,1,1,1,1,1,1,1,1
indst efficiency standards,energy pipelines and gas processing 352T353,natural gas if,,0,0,0,1,1,0,0,0,0,0,0,0.033333,0.066667,0.1,0.133333,0.166667,0.2,0.233333,0.266667,0.3,0.333333,0.366667,0.4,0.433333,0.466667,0.5,0.533333,0.566667,0.6,0.633333,0.666667,0.7,0.733333,0.766667,0.8,0.833333,0.866667,0.9,0.933333,0.966667,1,1,1,1,1,1,1,1,1,1,1,1,1,1,1,1,1,1,1,1,1,1,1,1,1,1,1,1,1,1,1,1,1,1,1,1,1,1,1,1,1
indst efficiency standards,energy pipelines and gas processing 352T353,biomass if,,0,0,0,1,1,0,0,0,0,0,0,0.033333,0.066667,0.1,0.133333,0.166667,0.2,0.233333,0.266667,0.3,0.333333,0.366667,0.4,0.433333,0.466667,0.5,0.533333,0.566667,0.6,0.633333,0.666667,0.7,0.733333,0.766667,0.8,0.833333,0.866667,0.9,0.933333,0.966667,1,1,1,1,1,1,1,1,1,1,1,1,1,1,1,1,1,1,1,1,1,1,1,1,1,1,1,1,1,1,1,1,1,1,1,1,1,1,1,1,1
indst efficiency standards,energy pipelines and gas processing 352T353,petroleum diesel if,,0,0,0,1,1,0,0,0,0,0,0,0.033333,0.066667,0.1,0.133333,0.166667,0.2,0.233333,0.266667,0.3,0.333333,0.366667,0.4,0.433333,0.466667,0.5,0.533333,0.566667,0.6,0.633333,0.666667,0.7,0.733333,0.766667,0.8,0.833333,0.866667,0.9,0.933333,0.966667,1,1,1,1,1,1,1,1,1,1,1,1,1,1,1,1,1,1,1,1,1,1,1,1,1,1,1,1,1,1,1,1,1,1,1,1,1,1,1,1,1
indst efficiency standards,energy pipelines and gas processing 352T353,heat if,,0,0,0,1,1,0,0,0,0,0,0,0.033333,0.066667,0.1,0.133333,0.166667,0.2,0.233333,0.266667,0.3,0.333333,0.366667,0.4,0.433333,0.466667,0.5,0.533333,0.566667,0.6,0.633333,0.666667,0.7,0.733333,0.766667,0.8,0.833333,0.866667,0.9,0.933333,0.966667,1,1,1,1,1,1,1,1,1,1,1,1,1,1,1,1,1,1,1,1,1,1,1,1,1,1,1,1,1,1,1,1,1,1,1,1,1,1,1,1,1
indst efficiency standards,energy pipelines and gas processing 352T353,crude oil if,,0,0,0,1,1,0,0,0,0,0,0,0.033333,0.066667,0.1,0.133333,0.166667,0.2,0.233333,0.266667,0.3,0.333333,0.366667,0.4,0.433333,0.466667,0.5,0.533333,0.566667,0.6,0.633333,0.666667,0.7,0.733333,0.766667,0.8,0.833333,0.866667,0.9,0.933333,0.966667,1,1,1,1,1,1,1,1,1,1,1,1,1,1,1,1,1,1,1,1,1,1,1,1,1,1,1,1,1,1,1,1,1,1,1,1,1,1,1,1,1
indst efficiency standards,energy pipelines and gas processing 352T353,heavy or residual fuel oil if,,0,0,0,1,1,0,0,0,0,0,0,0.033333,0.066667,0.1,0.133333,0.166667,0.2,0.233333,0.266667,0.3,0.333333,0.366667,0.4,0.433333,0.466667,0.5,0.533333,0.566667,0.6,0.633333,0.666667,0.7,0.733333,0.766667,0.8,0.833333,0.866667,0.9,0.933333,0.966667,1,1,1,1,1,1,1,1,1,1,1,1,1,1,1,1,1,1,1,1,1,1,1,1,1,1,1,1,1,1,1,1,1,1,1,1,1,1,1,1,1
indst efficiency standards,energy pipelines and gas processing 352T353,LPG propane or butane if,,0,0,0,1,1,0,0,0,0,0,0,0.033333,0.066667,0.1,0.133333,0.166667,0.2,0.233333,0.266667,0.3,0.333333,0.366667,0.4,0.433333,0.466667,0.5,0.533333,0.566667,0.6,0.633333,0.666667,0.7,0.733333,0.766667,0.8,0.833333,0.866667,0.9,0.933333,0.966667,1,1,1,1,1,1,1,1,1,1,1,1,1,1,1,1,1,1,1,1,1,1,1,1,1,1,1,1,1,1,1,1,1,1,1,1,1,1,1,1,1
indst efficiency standards,energy pipelines and gas processing 352T353,hydrogen if,,0,0,0,1,1,0,0,0,0,0,0,0.033333,0.066667,0.1,0.133333,0.166667,0.2,0.233333,0.266667,0.3,0.333333,0.366667,0.4,0.433333,0.466667,0.5,0.533333,0.566667,0.6,0.633333,0.666667,0.7,0.733333,0.766667,0.8,0.833333,0.866667,0.9,0.933333,0.966667,1,1,1,1,1,1,1,1,1,1,1,1,1,1,1,1,1,1,1,1,1,1,1,1,1,1,1,1,1,1,1,1,1,1,1,1,1,1,1,1,1
indst efficiency standards,water and waste 36T39,electricity if,,0,0,0,1,1,0,0,0,0,0,0,0.033333,0.066667,0.1,0.133333,0.166667,0.2,0.233333,0.266667,0.3,0.333333,0.366667,0.4,0.433333,0.466667,0.5,0.533333,0.566667,0.6,0.633333,0.666667,0.7,0.733333,0.766667,0.8,0.833333,0.866667,0.9,0.933333,0.966667,1,1,1,1,1,1,1,1,1,1,1,1,1,1,1,1,1,1,1,1,1,1,1,1,1,1,1,1,1,1,1,1,1,1,1,1,1,1,1,1,1
indst efficiency standards,water and waste 36T39,hard coal if,,0,0,0,1,1,0,0,0,0,0,0,0.033333,0.066667,0.1,0.133333,0.166667,0.2,0.233333,0.266667,0.3,0.333333,0.366667,0.4,0.433333,0.466667,0.5,0.533333,0.566667,0.6,0.633333,0.666667,0.7,0.733333,0.766667,0.8,0.833333,0.866667,0.9,0.933333,0.966667,1,1,1,1,1,1,1,1,1,1,1,1,1,1,1,1,1,1,1,1,1,1,1,1,1,1,1,1,1,1,1,1,1,1,1,1,1,1,1,1,1
indst efficiency standards,water and waste 36T39,natural gas if,,0,0,0,1,1,0,0,0,0,0,0,0.033333,0.066667,0.1,0.133333,0.166667,0.2,0.233333,0.266667,0.3,0.333333,0.366667,0.4,0.433333,0.466667,0.5,0.533333,0.566667,0.6,0.633333,0.666667,0.7,0.733333,0.766667,0.8,0.833333,0.866667,0.9,0.933333,0.966667,1,1,1,1,1,1,1,1,1,1,1,1,1,1,1,1,1,1,1,1,1,1,1,1,1,1,1,1,1,1,1,1,1,1,1,1,1,1,1,1,1
indst efficiency standards,water and waste 36T39,biomass if,,0,0,0,1,1,0,0,0,0,0,0,0.033333,0.066667,0.1,0.133333,0.166667,0.2,0.233333,0.266667,0.3,0.333333,0.366667,0.4,0.433333,0.466667,0.5,0.533333,0.566667,0.6,0.633333,0.666667,0.7,0.733333,0.766667,0.8,0.833333,0.866667,0.9,0.933333,0.966667,1,1,1,1,1,1,1,1,1,1,1,1,1,1,1,1,1,1,1,1,1,1,1,1,1,1,1,1,1,1,1,1,1,1,1,1,1,1,1,1,1
indst efficiency standards,water and waste 36T39,petroleum diesel if,,0,0,0,1,1,0,0,0,0,0,0,0.033333,0.066667,0.1,0.133333,0.166667,0.2,0.233333,0.266667,0.3,0.333333,0.366667,0.4,0.433333,0.466667,0.5,0.533333,0.566667,0.6,0.633333,0.666667,0.7,0.733333,0.766667,0.8,0.833333,0.866667,0.9,0.933333,0.966667,1,1,1,1,1,1,1,1,1,1,1,1,1,1,1,1,1,1,1,1,1,1,1,1,1,1,1,1,1,1,1,1,1,1,1,1,1,1,1,1,1
indst efficiency standards,water and waste 36T39,heat if,,0,0,0,1,1,0,0,0,0,0,0,0.033333,0.066667,0.1,0.133333,0.166667,0.2,0.233333,0.266667,0.3,0.333333,0.366667,0.4,0.433333,0.466667,0.5,0.533333,0.566667,0.6,0.633333,0.666667,0.7,0.733333,0.766667,0.8,0.833333,0.866667,0.9,0.933333,0.966667,1,1,1,1,1,1,1,1,1,1,1,1,1,1,1,1,1,1,1,1,1,1,1,1,1,1,1,1,1,1,1,1,1,1,1,1,1,1,1,1,1
indst efficiency standards,water and waste 36T39,crude oil if,,0,0,0,1,1,0,0,0,0,0,0,0.033333,0.066667,0.1,0.133333,0.166667,0.2,0.233333,0.266667,0.3,0.333333,0.366667,0.4,0.433333,0.466667,0.5,0.533333,0.566667,0.6,0.633333,0.666667,0.7,0.733333,0.766667,0.8,0.833333,0.866667,0.9,0.933333,0.966667,1,1,1,1,1,1,1,1,1,1,1,1,1,1,1,1,1,1,1,1,1,1,1,1,1,1,1,1,1,1,1,1,1,1,1,1,1,1,1,1,1
indst efficiency standards,water and waste 36T39,heavy or residual fuel oil if,,0,0,0,1,1,0,0,0,0,0,0,0.033333,0.066667,0.1,0.133333,0.166667,0.2,0.233333,0.266667,0.3,0.333333,0.366667,0.4,0.433333,0.466667,0.5,0.533333,0.566667,0.6,0.633333,0.666667,0.7,0.733333,0.766667,0.8,0.833333,0.866667,0.9,0.933333,0.966667,1,1,1,1,1,1,1,1,1,1,1,1,1,1,1,1,1,1,1,1,1,1,1,1,1,1,1,1,1,1,1,1,1,1,1,1,1,1,1,1,1
indst efficiency standards,water and waste 36T39,LPG propane or butane if,,0,0,0,1,1,0,0,0,0,0,0,0.033333,0.066667,0.1,0.133333,0.166667,0.2,0.233333,0.266667,0.3,0.333333,0.366667,0.4,0.433333,0.466667,0.5,0.533333,0.566667,0.6,0.633333,0.666667,0.7,0.733333,0.766667,0.8,0.833333,0.866667,0.9,0.933333,0.966667,1,1,1,1,1,1,1,1,1,1,1,1,1,1,1,1,1,1,1,1,1,1,1,1,1,1,1,1,1,1,1,1,1,1,1,1,1,1,1,1,1
indst efficiency standards,water and waste 36T39,hydrogen if,,0,0,0,1,1,0,0,0,0,0,0,0.033333,0.066667,0.1,0.133333,0.166667,0.2,0.233333,0.266667,0.3,0.333333,0.366667,0.4,0.433333,0.466667,0.5,0.533333,0.566667,0.6,0.633333,0.666667,0.7,0.733333,0.766667,0.8,0.833333,0.866667,0.9,0.933333,0.966667,1,1,1,1,1,1,1,1,1,1,1,1,1,1,1,1,1,1,1,1,1,1,1,1,1,1,1,1,1,1,1,1,1,1,1,1,1,1,1,1,1
indst efficiency standards,construction 41T43,electricity if,,0,0,0,0.026316,0.052632,0.078947,0.105263,0.131579,0.157895,0.184211,0.210526,0.236842,0.263158,0.289474,0.315789,0.342105,0.368421,0.394737,0.421053,0.447368,0.473684,0.5,0.526316,0.552632,0.578947,0.605263,0.631579,0.657895,0.684211,0.710526,0.736842,0.763158,0.789474,0.815789,0.842105,0.868421,0.894737,0.921053,0.947368,0.973684,1,1,1,1,1,1,1,1,1,1,1,1,1,1,1,1,1,1,1,1,1,1,1,1,1,1,1,1,1,1,1,1,1,1,1,1,1,1,1,1,1
indst efficiency standards,construction 41T43,hard coal if,,0,0,0,0.026316,0.052632,0.078947,0.105263,0.131579,0.157895,0.184211,0.210526,0.236842,0.263158,0.289474,0.315789,0.342105,0.368421,0.394737,0.421053,0.447368,0.473684,0.5,0.526316,0.552632,0.578947,0.605263,0.631579,0.657895,0.684211,0.710526,0.736842,0.763158,0.789474,0.815789,0.842105,0.868421,0.894737,0.921053,0.947368,0.973684,1,1,1,1,1,1,1,1,1,1,1,1,1,1,1,1,1,1,1,1,1,1,1,1,1,1,1,1,1,1,1,1,1,1,1,1,1,1,1,1,1
indst efficiency standards,construction 41T43,natural gas if,,0,0,0,0.026316,0.052632,0.078947,0.105263,0.131579,0.157895,0.184211,0.210526,0.236842,0.263158,0.289474,0.315789,0.342105,0.368421,0.394737,0.421053,0.447368,0.473684,0.5,0.526316,0.552632,0.578947,0.605263,0.631579,0.657895,0.684211,0.710526,0.736842,0.763158,0.789474,0.815789,0.842105,0.868421,0.894737,0.921053,0.947368,0.973684,1,1,1,1,1,1,1,1,1,1,1,1,1,1,1,1,1,1,1,1,1,1,1,1,1,1,1,1,1,1,1,1,1,1,1,1,1,1,1,1,1
indst efficiency standards,construction 41T43,biomass if,,0,0,0,0.026316,0.052632,0.078947,0.105263,0.131579,0.157895,0.184211,0.210526,0.236842,0.263158,0.289474,0.315789,0.342105,0.368421,0.394737,0.421053,0.447368,0.473684,0.5,0.526316,0.552632,0.578947,0.605263,0.631579,0.657895,0.684211,0.710526,0.736842,0.763158,0.789474,0.815789,0.842105,0.868421,0.894737,0.921053,0.947368,0.973684,1,1,1,1,1,1,1,1,1,1,1,1,1,1,1,1,1,1,1,1,1,1,1,1,1,1,1,1,1,1,1,1,1,1,1,1,1,1,1,1,1
indst efficiency standards,construction 41T43,petroleum diesel if,,0,0,0,0.026316,0.052632,0.078947,0.105263,0.131579,0.157895,0.184211,0.210526,0.236842,0.263158,0.289474,0.315789,0.342105,0.368421,0.394737,0.421053,0.447368,0.473684,0.5,0.526316,0.552632,0.578947,0.605263,0.631579,0.657895,0.684211,0.710526,0.736842,0.763158,0.789474,0.815789,0.842105,0.868421,0.894737,0.921053,0.947368,0.973684,1,1,1,1,1,1,1,1,1,1,1,1,1,1,1,1,1,1,1,1,1,1,1,1,1,1,1,1,1,1,1,1,1,1,1,1,1,1,1,1,1
indst efficiency standards,construction 41T43,heat if,,0,0,0,0.026316,0.052632,0.078947,0.105263,0.131579,0.157895,0.184211,0.210526,0.236842,0.263158,0.289474,0.315789,0.342105,0.368421,0.394737,0.421053,0.447368,0.473684,0.5,0.526316,0.552632,0.578947,0.605263,0.631579,0.657895,0.684211,0.710526,0.736842,0.763158,0.789474,0.815789,0.842105,0.868421,0.894737,0.921053,0.947368,0.973684,1,1,1,1,1,1,1,1,1,1,1,1,1,1,1,1,1,1,1,1,1,1,1,1,1,1,1,1,1,1,1,1,1,1,1,1,1,1,1,1,1
indst efficiency standards,construction 41T43,crude oil if,,0,0,0,0.026316,0.052632,0.078947,0.105263,0.131579,0.157895,0.184211,0.210526,0.236842,0.263158,0.289474,0.315789,0.342105,0.368421,0.394737,0.421053,0.447368,0.473684,0.5,0.526316,0.552632,0.578947,0.605263,0.631579,0.657895,0.684211,0.710526,0.736842,0.763158,0.789474,0.815789,0.842105,0.868421,0.894737,0.921053,0.947368,0.973684,1,1,1,1,1,1,1,1,1,1,1,1,1,1,1,1,1,1,1,1,1,1,1,1,1,1,1,1,1,1,1,1,1,1,1,1,1,1,1,1,1
indst efficiency standards,construction 41T43,heavy or residual fuel oil if,,0,0,0,0.026316,0.052632,0.078947,0.105263,0.131579,0.157895,0.184211,0.210526,0.236842,0.263158,0.289474,0.315789,0.342105,0.368421,0.394737,0.421053,0.447368,0.473684,0.5,0.526316,0.552632,0.578947,0.605263,0.631579,0.657895,0.684211,0.710526,0.736842,0.763158,0.789474,0.815789,0.842105,0.868421,0.894737,0.921053,0.947368,0.973684,1,1,1,1,1,1,1,1,1,1,1,1,1,1,1,1,1,1,1,1,1,1,1,1,1,1,1,1,1,1,1,1,1,1,1,1,1,1,1,1,1
indst efficiency standards,construction 41T43,LPG propane or butane if,,0,0,0,0.026316,0.052632,0.078947,0.105263,0.131579,0.157895,0.184211,0.210526,0.236842,0.263158,0.289474,0.315789,0.342105,0.368421,0.394737,0.421053,0.447368,0.473684,0.5,0.526316,0.552632,0.578947,0.605263,0.631579,0.657895,0.684211,0.710526,0.736842,0.763158,0.789474,0.815789,0.842105,0.868421,0.894737,0.921053,0.947368,0.973684,1,1,1,1,1,1,1,1,1,1,1,1,1,1,1,1,1,1,1,1,1,1,1,1,1,1,1,1,1,1,1,1,1,1,1,1,1,1,1,1,1
indst efficiency standards,construction 41T43,hydrogen if,,0,0,0,0.026316,0.052632,0.078947,0.105263,0.131579,0.157895,0.184211,0.210526,0.236842,0.263158,0.289474,0.315789,0.342105,0.368421,0.394737,0.421053,0.447368,0.473684,0.5,0.526316,0.552632,0.578947,0.605263,0.631579,0.657895,0.684211,0.710526,0.736842,0.763158,0.789474,0.815789,0.842105,0.868421,0.894737,0.921053,0.947368,0.973684,1,1,1,1,1,1,1,1,1,1,1,1,1,1,1,1,1,1,1,1,1,1,1,1,1,1,1,1,1,1,1,1,1,1,1,1,1,1,1,1,1
indst med and high temp fuel type shifting,agriculture and forestry 01T03,electricity if,,0,0,0,0.026316,0.052631,0.078947,0.105263,0.131579,0.157894,0.18421,0.210526,0.308421,0.406316,0.50421,0.602105,0.7,0.712,0.724,0.736,0.748,0.76,0.772,0.784,0.796,0.808,0.82,0.832,0.844,0.856,0.868,0.88,0.892,0.904,0.916,0.928,0.94,0.952,0.964,0.976,0.988,1,1,1,1,1,1,1,1,1,1,1,1,1,1,1,1,1,1,1,1,1,1,1,1,1,1,1,1,1,1,1,1,1,1,1,1,1,1,1,1,1
indst med and high temp fuel type shifting,agriculture and forestry 01T03,hard coal if,,0,0,0,0.026316,0.052632,0.078947,0.105263,0.131579,0.157895,0.184211,0.210526,0.236842,0.263158,0.289474,0.315789,0.342105,0.368421,0.394737,0.421053,0.447368,0.473684,0.5,0.526316,0.552632,0.578947,0.605263,0.631579,0.657895,0.684211,0.710526,0.736842,0.763158,0.789474,0.815789,0.842105,0.868421,0.894737,0.921053,0.947368,0.973684,1,1,1,1,1,1,1,1,1,1,1,1,1,1,1,1,1,1,1,1,1,1,1,1,1,1,1,1,1,1,1,1,1,1,1,1,1,1,1,1,1
indst med and high temp fuel type shifting,agriculture and forestry 01T03,natural gas if,,0,0,0,0.026316,0.052632,0.078947,0.105263,0.131579,0.157895,0.184211,0.210526,0.236842,0.263158,0.289474,0.315789,0.342105,0.368421,0.394737,0.421053,0.447368,0.473684,0.5,0.526316,0.552632,0.578947,0.605263,0.631579,0.657895,0.684211,0.710526,0.736842,0.763158,0.789474,0.815789,0.842105,0.868421,0.894737,0.921053,0.947368,0.973684,1,1,1,1,1,1,1,1,1,1,1,1,1,1,1,1,1,1,1,1,1,1,1,1,1,1,1,1,1,1,1,1,1,1,1,1,1,1,1,1,1
indst med and high temp fuel type shifting,agriculture and forestry 01T03,biomass if,,0,0,0,0.026316,0.052632,0.078947,0.105263,0.131579,0.157895,0.184211,0.210526,0.236842,0.263158,0.289474,0.315789,0.342105,0.368421,0.394737,0.421053,0.447368,0.473684,0.5,0.526316,0.552632,0.578947,0.605263,0.631579,0.657895,0.684211,0.710526,0.736842,0.763158,0.789474,0.815789,0.842105,0.868421,0.894737,0.921053,0.947368,0.973684,1,1,1,1,1,1,1,1,1,1,1,1,1,1,1,1,1,1,1,1,1,1,1,1,1,1,1,1,1,1,1,1,1,1,1,1,1,1,1,1,1
indst med and high temp fuel type shifting,agriculture and forestry 01T03,petroleum diesel if,,0,0,0,0.026316,0.052632,0.078947,0.105263,0.131579,0.157895,0.184211,0.210526,0.236842,0.263158,0.289474,0.315789,0.342105,0.368421,0.394737,0.421053,0.447368,0.473684,0.5,0.526316,0.552632,0.578947,0.605263,0.631579,0.657895,0.684211,0.710526,0.736842,0.763158,0.789474,0.815789,0.842105,0.868421,0.894737,0.921053,0.947368,0.973684,1,1,1,1,1,1,1,1,1,1,1,1,1,1,1,1,1,1,1,1,1,1,1,1,1,1,1,1,1,1,1,1,1,1,1,1,1,1,1,1,1
indst med and high temp fuel type shifting,agriculture and forestry 01T03,heat if,,0,0,0,0.026316,0.052632,0.078947,0.105263,0.131579,0.157895,0.184211,0.210526,0.236842,0.263158,0.289474,0.315789,0.342105,0.368421,0.394737,0.421053,0.447368,0.473684,0.5,0.526316,0.552632,0.578947,0.605263,0.631579,0.657895,0.684211,0.710526,0.736842,0.763158,0.789474,0.815789,0.842105,0.868421,0.894737,0.921053,0.947368,0.973684,1,1,1,1,1,1,1,1,1,1,1,1,1,1,1,1,1,1,1,1,1,1,1,1,1,1,1,1,1,1,1,1,1,1,1,1,1,1,1,1,1
indst med and high temp fuel type shifting,agriculture and forestry 01T03,crude oil if,,0,0,0,0.026316,0.052632,0.078947,0.105263,0.131579,0.157895,0.184211,0.210526,0.236842,0.263158,0.289474,0.315789,0.342105,0.368421,0.394737,0.421053,0.447368,0.473684,0.5,0.526316,0.552632,0.578947,0.605263,0.631579,0.657895,0.684211,0.710526,0.736842,0.763158,0.789474,0.815789,0.842105,0.868421,0.894737,0.921053,0.947368,0.973684,1,1,1,1,1,1,1,1,1,1,1,1,1,1,1,1,1,1,1,1,1,1,1,1,1,1,1,1,1,1,1,1,1,1,1,1,1,1,1,1,1
indst med and high temp fuel type shifting,agriculture and forestry 01T03,heavy or residual fuel oil if,,0,0,0,0.026316,0.052632,0.078947,0.105263,0.131579,0.157895,0.184211,0.210526,0.236842,0.263158,0.289474,0.315789,0.342105,0.368421,0.394737,0.421053,0.447368,0.473684,0.5,0.526316,0.552632,0.578947,0.605263,0.631579,0.657895,0.684211,0.710526,0.736842,0.763158,0.789474,0.815789,0.842105,0.868421,0.894737,0.921053,0.947368,0.973684,1,1,1,1,1,1,1,1,1,1,1,1,1,1,1,1,1,1,1,1,1,1,1,1,1,1,1,1,1,1,1,1,1,1,1,1,1,1,1,1,1
indst med and high temp fuel type shifting,agriculture and forestry 01T03,LPG propane or butane if,,0,0,0,0.026316,0.052632,0.078947,0.105263,0.131579,0.157895,0.184211,0.210526,0.236842,0.263158,0.289474,0.315789,0.342105,0.368421,0.394737,0.421053,0.447368,0.473684,0.5,0.526316,0.552632,0.578947,0.605263,0.631579,0.657895,0.684211,0.710526,0.736842,0.763158,0.789474,0.815789,0.842105,0.868421,0.894737,0.921053,0.947368,0.973684,1,1,1,1,1,1,1,1,1,1,1,1,1,1,1,1,1,1,1,1,1,1,1,1,1,1,1,1,1,1,1,1,1,1,1,1,1,1,1,1,1
indst med and high temp fuel type shifting,agriculture and forestry 01T03,hydrogen if,,0,0,0,0.026316,0.052632,0.078947,0.105263,0.131579,0.157895,0.184211,0.210526,0.236842,0.263158,0.289474,0.315789,0.342105,0.368421,0.394737,0.421053,0.447368,0.473684,0.5,0.526316,0.552632,0.578947,0.605263,0.631579,0.657895,0.684211,0.710526,0.736842,0.763158,0.789474,0.815789,0.842105,0.868421,0.894737,0.921053,0.947368,0.973684,1,1,1,1,1,1,1,1,1,1,1,1,1,1,1,1,1,1,1,1,1,1,1,1,1,1,1,1,1,1,1,1,1,1,1,1,1,1,1,1,1
indst med and high temp fuel type shifting,coal mining 05,electricity if,,0,0,0,0.026316,0.052631,0.078947,0.105263,0.131579,0.157894,0.18421,0.210526,0.308421,0.406316,0.50421,0.602105,0.7,0.712,0.724,0.736,0.748,0.76,0.772,0.784,0.796,0.808,0.82,0.832,0.844,0.856,0.868,0.88,0.892,0.904,0.916,0.928,0.94,0.952,0.964,0.976,0.988,1,1,1,1,1,1,1,1,1,1,1,1,1,1,1,1,1,1,1,1,1,1,1,1,1,1,1,1,1,1,1,1,1,1,1,1,1,1,1,1,1
indst med and high temp fuel type shifting,coal mining 05,hard coal if,,0,0,0,0.026316,0.052632,0.078947,0.105263,0.131579,0.157895,0.184211,0.210526,0.236842,0.263158,0.289474,0.315789,0.342105,0.368421,0.394737,0.421053,0.447368,0.473684,0.5,0.526316,0.552632,0.578947,0.605263,0.631579,0.657895,0.684211,0.710526,0.736842,0.763158,0.789474,0.815789,0.842105,0.868421,0.894737,0.921053,0.947368,0.973684,1,1,1,1,1,1,1,1,1,1,1,1,1,1,1,1,1,1,1,1,1,1,1,1,1,1,1,1,1,1,1,1,1,1,1,1,1,1,1,1,1
indst med and high temp fuel type shifting,coal mining 05,natural gas if,,0,0,0,0.026316,0.052632,0.078947,0.105263,0.131579,0.157895,0.184211,0.210526,0.236842,0.263158,0.289474,0.315789,0.342105,0.368421,0.394737,0.421053,0.447368,0.473684,0.5,0.526316,0.552632,0.578947,0.605263,0.631579,0.657895,0.684211,0.710526,0.736842,0.763158,0.789474,0.815789,0.842105,0.868421,0.894737,0.921053,0.947368,0.973684,1,1,1,1,1,1,1,1,1,1,1,1,1,1,1,1,1,1,1,1,1,1,1,1,1,1,1,1,1,1,1,1,1,1,1,1,1,1,1,1,1
indst med and high temp fuel type shifting,coal mining 05,biomass if,,0,0,0,0.026316,0.052632,0.078947,0.105263,0.131579,0.157895,0.184211,0.210526,0.236842,0.263158,0.289474,0.315789,0.342105,0.368421,0.394737,0.421053,0.447368,0.473684,0.5,0.526316,0.552632,0.578947,0.605263,0.631579,0.657895,0.684211,0.710526,0.736842,0.763158,0.789474,0.815789,0.842105,0.868421,0.894737,0.921053,0.947368,0.973684,1,1,1,1,1,1,1,1,1,1,1,1,1,1,1,1,1,1,1,1,1,1,1,1,1,1,1,1,1,1,1,1,1,1,1,1,1,1,1,1,1
indst med and high temp fuel type shifting,coal mining 05,petroleum diesel if,,0,0,0,0.026316,0.052632,0.078947,0.105263,0.131579,0.157895,0.184211,0.210526,0.236842,0.263158,0.289474,0.315789,0.342105,0.368421,0.394737,0.421053,0.447368,0.473684,0.5,0.526316,0.552632,0.578947,0.605263,0.631579,0.657895,0.684211,0.710526,0.736842,0.763158,0.789474,0.815789,0.842105,0.868421,0.894737,0.921053,0.947368,0.973684,1,1,1,1,1,1,1,1,1,1,1,1,1,1,1,1,1,1,1,1,1,1,1,1,1,1,1,1,1,1,1,1,1,1,1,1,1,1,1,1,1
indst med and high temp fuel type shifting,coal mining 05,heat if,,0,0,0,0.026316,0.052632,0.078947,0.105263,0.131579,0.157895,0.184211,0.210526,0.236842,0.263158,0.289474,0.315789,0.342105,0.368421,0.394737,0.421053,0.447368,0.473684,0.5,0.526316,0.552632,0.578947,0.605263,0.631579,0.657895,0.684211,0.710526,0.736842,0.763158,0.789474,0.815789,0.842105,0.868421,0.894737,0.921053,0.947368,0.973684,1,1,1,1,1,1,1,1,1,1,1,1,1,1,1,1,1,1,1,1,1,1,1,1,1,1,1,1,1,1,1,1,1,1,1,1,1,1,1,1,1
indst med and high temp fuel type shifting,coal mining 05,crude oil if,,0,0,0,0.026316,0.052632,0.078947,0.105263,0.131579,0.157895,0.184211,0.210526,0.236842,0.263158,0.289474,0.315789,0.342105,0.368421,0.394737,0.421053,0.447368,0.473684,0.5,0.526316,0.552632,0.578947,0.605263,0.631579,0.657895,0.684211,0.710526,0.736842,0.763158,0.789474,0.815789,0.842105,0.868421,0.894737,0.921053,0.947368,0.973684,1,1,1,1,1,1,1,1,1,1,1,1,1,1,1,1,1,1,1,1,1,1,1,1,1,1,1,1,1,1,1,1,1,1,1,1,1,1,1,1,1
indst med and high temp fuel type shifting,coal mining 05,heavy or residual fuel oil if,,0,0,0,0.026316,0.052632,0.078947,0.105263,0.131579,0.157895,0.184211,0.210526,0.236842,0.263158,0.289474,0.315789,0.342105,0.368421,0.394737,0.421053,0.447368,0.473684,0.5,0.526316,0.552632,0.578947,0.605263,0.631579,0.657895,0.684211,0.710526,0.736842,0.763158,0.789474,0.815789,0.842105,0.868421,0.894737,0.921053,0.947368,0.973684,1,1,1,1,1,1,1,1,1,1,1,1,1,1,1,1,1,1,1,1,1,1,1,1,1,1,1,1,1,1,1,1,1,1,1,1,1,1,1,1,1
indst med and high temp fuel type shifting,coal mining 05,LPG propane or butane if,,0,0,0,0.026316,0.052632,0.078947,0.105263,0.131579,0.157895,0.184211,0.210526,0.236842,0.263158,0.289474,0.315789,0.342105,0.368421,0.394737,0.421053,0.447368,0.473684,0.5,0.526316,0.552632,0.578947,0.605263,0.631579,0.657895,0.684211,0.710526,0.736842,0.763158,0.789474,0.815789,0.842105,0.868421,0.894737,0.921053,0.947368,0.973684,1,1,1,1,1,1,1,1,1,1,1,1,1,1,1,1,1,1,1,1,1,1,1,1,1,1,1,1,1,1,1,1,1,1,1,1,1,1,1,1,1
indst med and high temp fuel type shifting,coal mining 05,hydrogen if,,0,0,0,0.026316,0.052632,0.078947,0.105263,0.131579,0.157895,0.184211,0.210526,0.236842,0.263158,0.289474,0.315789,0.342105,0.368421,0.394737,0.421053,0.447368,0.473684,0.5,0.526316,0.552632,0.578947,0.605263,0.631579,0.657895,0.684211,0.710526,0.736842,0.763158,0.789474,0.815789,0.842105,0.868421,0.894737,0.921053,0.947368,0.973684,1,1,1,1,1,1,1,1,1,1,1,1,1,1,1,1,1,1,1,1,1,1,1,1,1,1,1,1,1,1,1,1,1,1,1,1,1,1,1,1,1
indst med and high temp fuel type shifting,oil and gas extraction 06,electricity if,,0,0,0,0.026316,0.052631,0.078947,0.105263,0.131579,0.157894,0.18421,0.210526,0.308421,0.406316,0.50421,0.602105,0.7,0.712,0.724,0.736,0.748,0.76,0.772,0.784,0.796,0.808,0.82,0.832,0.844,0.856,0.868,0.88,0.892,0.904,0.916,0.928,0.94,0.952,0.964,0.976,0.988,1,1,1,1,1,1,1,1,1,1,1,1,1,1,1,1,1,1,1,1,1,1,1,1,1,1,1,1,1,1,1,1,1,1,1,1,1,1,1,1,1
indst med and high temp fuel type shifting,oil and gas extraction 06,hard coal if,,0,0,0,0.026316,0.052632,0.078947,0.105263,0.131579,0.157895,0.184211,0.210526,0.236842,0.263158,0.289474,0.315789,0.342105,0.368421,0.394737,0.421053,0.447368,0.473684,0.5,0.526316,0.552632,0.578947,0.605263,0.631579,0.657895,0.684211,0.710526,0.736842,0.763158,0.789474,0.815789,0.842105,0.868421,0.894737,0.921053,0.947368,0.973684,1,1,1,1,1,1,1,1,1,1,1,1,1,1,1,1,1,1,1,1,1,1,1,1,1,1,1,1,1,1,1,1,1,1,1,1,1,1,1,1,1
indst med and high temp fuel type shifting,oil and gas extraction 06,natural gas if,,0,0,0,0.026316,0.052632,0.078947,0.105263,0.131579,0.157895,0.184211,0.210526,0.236842,0.263158,0.289474,0.315789,0.342105,0.368421,0.394737,0.421053,0.447368,0.473684,0.5,0.526316,0.552632,0.578947,0.605263,0.631579,0.657895,0.684211,0.710526,0.736842,0.763158,0.789474,0.815789,0.842105,0.868421,0.894737,0.921053,0.947368,0.973684,1,1,1,1,1,1,1,1,1,1,1,1,1,1,1,1,1,1,1,1,1,1,1,1,1,1,1,1,1,1,1,1,1,1,1,1,1,1,1,1,1
indst med and high temp fuel type shifting,oil and gas extraction 06,biomass if,,0,0,0,0.026316,0.052632,0.078947,0.105263,0.131579,0.157895,0.184211,0.210526,0.236842,0.263158,0.289474,0.315789,0.342105,0.368421,0.394737,0.421053,0.447368,0.473684,0.5,0.526316,0.552632,0.578947,0.605263,0.631579,0.657895,0.684211,0.710526,0.736842,0.763158,0.789474,0.815789,0.842105,0.868421,0.894737,0.921053,0.947368,0.973684,1,1,1,1,1,1,1,1,1,1,1,1,1,1,1,1,1,1,1,1,1,1,1,1,1,1,1,1,1,1,1,1,1,1,1,1,1,1,1,1,1
indst med and high temp fuel type shifting,oil and gas extraction 06,petroleum diesel if,,0,0,0,0.026316,0.052632,0.078947,0.105263,0.131579,0.157895,0.184211,0.210526,0.236842,0.263158,0.289474,0.315789,0.342105,0.368421,0.394737,0.421053,0.447368,0.473684,0.5,0.526316,0.552632,0.578947,0.605263,0.631579,0.657895,0.684211,0.710526,0.736842,0.763158,0.789474,0.815789,0.842105,0.868421,0.894737,0.921053,0.947368,0.973684,1,1,1,1,1,1,1,1,1,1,1,1,1,1,1,1,1,1,1,1,1,1,1,1,1,1,1,1,1,1,1,1,1,1,1,1,1,1,1,1,1
indst med and high temp fuel type shifting,oil and gas extraction 06,heat if,,0,0,0,0.026316,0.052632,0.078947,0.105263,0.131579,0.157895,0.184211,0.210526,0.236842,0.263158,0.289474,0.315789,0.342105,0.368421,0.394737,0.421053,0.447368,0.473684,0.5,0.526316,0.552632,0.578947,0.605263,0.631579,0.657895,0.684211,0.710526,0.736842,0.763158,0.789474,0.815789,0.842105,0.868421,0.894737,0.921053,0.947368,0.973684,1,1,1,1,1,1,1,1,1,1,1,1,1,1,1,1,1,1,1,1,1,1,1,1,1,1,1,1,1,1,1,1,1,1,1,1,1,1,1,1,1
indst med and high temp fuel type shifting,oil and gas extraction 06,crude oil if,,0,0,0,0.026316,0.052632,0.078947,0.105263,0.131579,0.157895,0.184211,0.210526,0.236842,0.263158,0.289474,0.315789,0.342105,0.368421,0.394737,0.421053,0.447368,0.473684,0.5,0.526316,0.552632,0.578947,0.605263,0.631579,0.657895,0.684211,0.710526,0.736842,0.763158,0.789474,0.815789,0.842105,0.868421,0.894737,0.921053,0.947368,0.973684,1,1,1,1,1,1,1,1,1,1,1,1,1,1,1,1,1,1,1,1,1,1,1,1,1,1,1,1,1,1,1,1,1,1,1,1,1,1,1,1,1
indst med and high temp fuel type shifting,oil and gas extraction 06,heavy or residual fuel oil if,,0,0,0,0.026316,0.052632,0.078947,0.105263,0.131579,0.157895,0.184211,0.210526,0.236842,0.263158,0.289474,0.315789,0.342105,0.368421,0.394737,0.421053,0.447368,0.473684,0.5,0.526316,0.552632,0.578947,0.605263,0.631579,0.657895,0.684211,0.710526,0.736842,0.763158,0.789474,0.815789,0.842105,0.868421,0.894737,0.921053,0.947368,0.973684,1,1,1,1,1,1,1,1,1,1,1,1,1,1,1,1,1,1,1,1,1,1,1,1,1,1,1,1,1,1,1,1,1,1,1,1,1,1,1,1,1
indst med and high temp fuel type shifting,oil and gas extraction 06,LPG propane or butane if,,0,0,0,0.026316,0.052632,0.078947,0.105263,0.131579,0.157895,0.184211,0.210526,0.236842,0.263158,0.289474,0.315789,0.342105,0.368421,0.394737,0.421053,0.447368,0.473684,0.5,0.526316,0.552632,0.578947,0.605263,0.631579,0.657895,0.684211,0.710526,0.736842,0.763158,0.789474,0.815789,0.842105,0.868421,0.894737,0.921053,0.947368,0.973684,1,1,1,1,1,1,1,1,1,1,1,1,1,1,1,1,1,1,1,1,1,1,1,1,1,1,1,1,1,1,1,1,1,1,1,1,1,1,1,1,1
indst med and high temp fuel type shifting,oil and gas extraction 06,hydrogen if,,0,0,0,0.026316,0.052632,0.078947,0.105263,0.131579,0.157895,0.184211,0.210526,0.236842,0.263158,0.289474,0.315789,0.342105,0.368421,0.394737,0.421053,0.447368,0.473684,0.5,0.526316,0.552632,0.578947,0.605263,0.631579,0.657895,0.684211,0.710526,0.736842,0.763158,0.789474,0.815789,0.842105,0.868421,0.894737,0.921053,0.947368,0.973684,1,1,1,1,1,1,1,1,1,1,1,1,1,1,1,1,1,1,1,1,1,1,1,1,1,1,1,1,1,1,1,1,1,1,1,1,1,1,1,1,1
indst med and high temp fuel type shifting,other mining and quarrying 07T08,electricity if,,0,0,0,0.026316,0.052631,0.078947,0.105263,0.131579,0.157894,0.18421,0.210526,0.308421,0.406316,0.50421,0.602105,0.7,0.712,0.724,0.736,0.748,0.76,0.772,0.784,0.796,0.808,0.82,0.832,0.844,0.856,0.868,0.88,0.892,0.904,0.916,0.928,0.94,0.952,0.964,0.976,0.988,1,1,1,1,1,1,1,1,1,1,1,1,1,1,1,1,1,1,1,1,1,1,1,1,1,1,1,1,1,1,1,1,1,1,1,1,1,1,1,1,1
indst med and high temp fuel type shifting,other mining and quarrying 07T08,hard coal if,,0,0,0,0.026316,0.052632,0.078947,0.105263,0.131579,0.157895,0.184211,0.210526,0.236842,0.263158,0.289474,0.315789,0.342105,0.368421,0.394737,0.421053,0.447368,0.473684,0.5,0.526316,0.552632,0.578947,0.605263,0.631579,0.657895,0.684211,0.710526,0.736842,0.763158,0.789474,0.815789,0.842105,0.868421,0.894737,0.921053,0.947368,0.973684,1,1,1,1,1,1,1,1,1,1,1,1,1,1,1,1,1,1,1,1,1,1,1,1,1,1,1,1,1,1,1,1,1,1,1,1,1,1,1,1,1
indst med and high temp fuel type shifting,other mining and quarrying 07T08,natural gas if,,0,0,0,0.026316,0.052632,0.078947,0.105263,0.131579,0.157895,0.184211,0.210526,0.236842,0.263158,0.289474,0.315789,0.342105,0.368421,0.394737,0.421053,0.447368,0.473684,0.5,0.526316,0.552632,0.578947,0.605263,0.631579,0.657895,0.684211,0.710526,0.736842,0.763158,0.789474,0.815789,0.842105,0.868421,0.894737,0.921053,0.947368,0.973684,1,1,1,1,1,1,1,1,1,1,1,1,1,1,1,1,1,1,1,1,1,1,1,1,1,1,1,1,1,1,1,1,1,1,1,1,1,1,1,1,1
indst med and high temp fuel type shifting,other mining and quarrying 07T08,biomass if,,0,0,0,0.026316,0.052632,0.078947,0.105263,0.131579,0.157895,0.184211,0.210526,0.236842,0.263158,0.289474,0.315789,0.342105,0.368421,0.394737,0.421053,0.447368,0.473684,0.5,0.526316,0.552632,0.578947,0.605263,0.631579,0.657895,0.684211,0.710526,0.736842,0.763158,0.789474,0.815789,0.842105,0.868421,0.894737,0.921053,0.947368,0.973684,1,1,1,1,1,1,1,1,1,1,1,1,1,1,1,1,1,1,1,1,1,1,1,1,1,1,1,1,1,1,1,1,1,1,1,1,1,1,1,1,1
indst med and high temp fuel type shifting,other mining and quarrying 07T08,petroleum diesel if,,0,0,0,0.026316,0.052632,0.078947,0.105263,0.131579,0.157895,0.184211,0.210526,0.236842,0.263158,0.289474,0.315789,0.342105,0.368421,0.394737,0.421053,0.447368,0.473684,0.5,0.526316,0.552632,0.578947,0.605263,0.631579,0.657895,0.684211,0.710526,0.736842,0.763158,0.789474,0.815789,0.842105,0.868421,0.894737,0.921053,0.947368,0.973684,1,1,1,1,1,1,1,1,1,1,1,1,1,1,1,1,1,1,1,1,1,1,1,1,1,1,1,1,1,1,1,1,1,1,1,1,1,1,1,1,1
indst med and high temp fuel type shifting,other mining and quarrying 07T08,heat if,,0,0,0,0.026316,0.052632,0.078947,0.105263,0.131579,0.157895,0.184211,0.210526,0.236842,0.263158,0.289474,0.315789,0.342105,0.368421,0.394737,0.421053,0.447368,0.473684,0.5,0.526316,0.552632,0.578947,0.605263,0.631579,0.657895,0.684211,0.710526,0.736842,0.763158,0.789474,0.815789,0.842105,0.868421,0.894737,0.921053,0.947368,0.973684,1,1,1,1,1,1,1,1,1,1,1,1,1,1,1,1,1,1,1,1,1,1,1,1,1,1,1,1,1,1,1,1,1,1,1,1,1,1,1,1,1
indst med and high temp fuel type shifting,other mining and quarrying 07T08,crude oil if,,0,0,0,0.026316,0.052632,0.078947,0.105263,0.131579,0.157895,0.184211,0.210526,0.236842,0.263158,0.289474,0.315789,0.342105,0.368421,0.394737,0.421053,0.447368,0.473684,0.5,0.526316,0.552632,0.578947,0.605263,0.631579,0.657895,0.684211,0.710526,0.736842,0.763158,0.789474,0.815789,0.842105,0.868421,0.894737,0.921053,0.947368,0.973684,1,1,1,1,1,1,1,1,1,1,1,1,1,1,1,1,1,1,1,1,1,1,1,1,1,1,1,1,1,1,1,1,1,1,1,1,1,1,1,1,1
indst med and high temp fuel type shifting,other mining and quarrying 07T08,heavy or residual fuel oil if,,0,0,0,0.026316,0.052632,0.078947,0.105263,0.131579,0.157895,0.184211,0.210526,0.236842,0.263158,0.289474,0.315789,0.342105,0.368421,0.394737,0.421053,0.447368,0.473684,0.5,0.526316,0.552632,0.578947,0.605263,0.631579,0.657895,0.684211,0.710526,0.736842,0.763158,0.789474,0.815789,0.842105,0.868421,0.894737,0.921053,0.947368,0.973684,1,1,1,1,1,1,1,1,1,1,1,1,1,1,1,1,1,1,1,1,1,1,1,1,1,1,1,1,1,1,1,1,1,1,1,1,1,1,1,1,1
indst med and high temp fuel type shifting,other mining and quarrying 07T08,LPG propane or butane if,,0,0,0,0.026316,0.052632,0.078947,0.105263,0.131579,0.157895,0.184211,0.210526,0.236842,0.263158,0.289474,0.315789,0.342105,0.368421,0.394737,0.421053,0.447368,0.473684,0.5,0.526316,0.552632,0.578947,0.605263,0.631579,0.657895,0.684211,0.710526,0.736842,0.763158,0.789474,0.815789,0.842105,0.868421,0.894737,0.921053,0.947368,0.973684,1,1,1,1,1,1,1,1,1,1,1,1,1,1,1,1,1,1,1,1,1,1,1,1,1,1,1,1,1,1,1,1,1,1,1,1,1,1,1,1,1
indst med and high temp fuel type shifting,other mining and quarrying 07T08,hydrogen if,,0,0,0,0.026316,0.052632,0.078947,0.105263,0.131579,0.157895,0.184211,0.210526,0.236842,0.263158,0.289474,0.315789,0.342105,0.368421,0.394737,0.421053,0.447368,0.473684,0.5,0.526316,0.552632,0.578947,0.605263,0.631579,0.657895,0.684211,0.710526,0.736842,0.763158,0.789474,0.815789,0.842105,0.868421,0.894737,0.921053,0.947368,0.973684,1,1,1,1,1,1,1,1,1,1,1,1,1,1,1,1,1,1,1,1,1,1,1,1,1,1,1,1,1,1,1,1,1,1,1,1,1,1,1,1,1
indst med and high temp fuel type shifting,food beverage and tobacco 10T12,electricity if,,0,0,0,0.026316,0.052631,0.078947,0.105263,0.131579,0.157894,0.18421,0.210526,0.308421,0.406316,0.50421,0.602105,0.7,0.712,0.724,0.736,0.748,0.76,0.772,0.784,0.796,0.808,0.82,0.832,0.844,0.856,0.868,0.88,0.892,0.904,0.916,0.928,0.94,0.952,0.964,0.976,0.988,1,1,1,1,1,1,1,1,1,1,1,1,1,1,1,1,1,1,1,1,1,1,1,1,1,1,1,1,1,1,1,1,1,1,1,1,1,1,1,1,1
indst med and high temp fuel type shifting,food beverage and tobacco 10T12,hard coal if,,0,0,0,0.026316,0.052632,0.078947,0.105263,0.131579,0.157895,0.184211,0.210526,0.236842,0.263158,0.289474,0.315789,0.342105,0.368421,0.394737,0.421053,0.447368,0.473684,0.5,0.526316,0.552632,0.578947,0.605263,0.631579,0.657895,0.684211,0.710526,0.736842,0.763158,0.789474,0.815789,0.842105,0.868421,0.894737,0.921053,0.947368,0.973684,1,1,1,1,1,1,1,1,1,1,1,1,1,1,1,1,1,1,1,1,1,1,1,1,1,1,1,1,1,1,1,1,1,1,1,1,1,1,1,1,1
indst med and high temp fuel type shifting,food beverage and tobacco 10T12,natural gas if,,0,0,0,0.026316,0.052632,0.078947,0.105263,0.131579,0.157895,0.184211,0.210526,0.236842,0.263158,0.289474,0.315789,0.342105,0.368421,0.394737,0.421053,0.447368,0.473684,0.5,0.526316,0.552632,0.578947,0.605263,0.631579,0.657895,0.684211,0.710526,0.736842,0.763158,0.789474,0.815789,0.842105,0.868421,0.894737,0.921053,0.947368,0.973684,1,1,1,1,1,1,1,1,1,1,1,1,1,1,1,1,1,1,1,1,1,1,1,1,1,1,1,1,1,1,1,1,1,1,1,1,1,1,1,1,1
indst med and high temp fuel type shifting,food beverage and tobacco 10T12,biomass if,,0,0,0,0.026316,0.052632,0.078947,0.105263,0.131579,0.157895,0.184211,0.210526,0.236842,0.263158,0.289474,0.315789,0.342105,0.368421,0.394737,0.421053,0.447368,0.473684,0.5,0.526316,0.552632,0.578947,0.605263,0.631579,0.657895,0.684211,0.710526,0.736842,0.763158,0.789474,0.815789,0.842105,0.868421,0.894737,0.921053,0.947368,0.973684,1,1,1,1,1,1,1,1,1,1,1,1,1,1,1,1,1,1,1,1,1,1,1,1,1,1,1,1,1,1,1,1,1,1,1,1,1,1,1,1,1
indst med and high temp fuel type shifting,food beverage and tobacco 10T12,petroleum diesel if,,0,0,0,0.026316,0.052632,0.078947,0.105263,0.131579,0.157895,0.184211,0.210526,0.236842,0.263158,0.289474,0.315789,0.342105,0.368421,0.394737,0.421053,0.447368,0.473684,0.5,0.526316,0.552632,0.578947,0.605263,0.631579,0.657895,0.684211,0.710526,0.736842,0.763158,0.789474,0.815789,0.842105,0.868421,0.894737,0.921053,0.947368,0.973684,1,1,1,1,1,1,1,1,1,1,1,1,1,1,1,1,1,1,1,1,1,1,1,1,1,1,1,1,1,1,1,1,1,1,1,1,1,1,1,1,1
indst med and high temp fuel type shifting,food beverage and tobacco 10T12,heat if,,0,0,0,0.026316,0.052632,0.078947,0.105263,0.131579,0.157895,0.184211,0.210526,0.236842,0.263158,0.289474,0.315789,0.342105,0.368421,0.394737,0.421053,0.447368,0.473684,0.5,0.526316,0.552632,0.578947,0.605263,0.631579,0.657895,0.684211,0.710526,0.736842,0.763158,0.789474,0.815789,0.842105,0.868421,0.894737,0.921053,0.947368,0.973684,1,1,1,1,1,1,1,1,1,1,1,1,1,1,1,1,1,1,1,1,1,1,1,1,1,1,1,1,1,1,1,1,1,1,1,1,1,1,1,1,1
indst med and high temp fuel type shifting,food beverage and tobacco 10T12,crude oil if,,0,0,0,0.026316,0.052632,0.078947,0.105263,0.131579,0.157895,0.184211,0.210526,0.236842,0.263158,0.289474,0.315789,0.342105,0.368421,0.394737,0.421053,0.447368,0.473684,0.5,0.526316,0.552632,0.578947,0.605263,0.631579,0.657895,0.684211,0.710526,0.736842,0.763158,0.789474,0.815789,0.842105,0.868421,0.894737,0.921053,0.947368,0.973684,1,1,1,1,1,1,1,1,1,1,1,1,1,1,1,1,1,1,1,1,1,1,1,1,1,1,1,1,1,1,1,1,1,1,1,1,1,1,1,1,1
indst med and high temp fuel type shifting,food beverage and tobacco 10T12,heavy or residual fuel oil if,,0,0,0,0.026316,0.052632,0.078947,0.105263,0.131579,0.157895,0.184211,0.210526,0.236842,0.263158,0.289474,0.315789,0.342105,0.368421,0.394737,0.421053,0.447368,0.473684,0.5,0.526316,0.552632,0.578947,0.605263,0.631579,0.657895,0.684211,0.710526,0.736842,0.763158,0.789474,0.815789,0.842105,0.868421,0.894737,0.921053,0.947368,0.973684,1,1,1,1,1,1,1,1,1,1,1,1,1,1,1,1,1,1,1,1,1,1,1,1,1,1,1,1,1,1,1,1,1,1,1,1,1,1,1,1,1
indst med and high temp fuel type shifting,food beverage and tobacco 10T12,LPG propane or butane if,,0,0,0,0.026316,0.052632,0.078947,0.105263,0.131579,0.157895,0.184211,0.210526,0.236842,0.263158,0.289474,0.315789,0.342105,0.368421,0.394737,0.421053,0.447368,0.473684,0.5,0.526316,0.552632,0.578947,0.605263,0.631579,0.657895,0.684211,0.710526,0.736842,0.763158,0.789474,0.815789,0.842105,0.868421,0.894737,0.921053,0.947368,0.973684,1,1,1,1,1,1,1,1,1,1,1,1,1,1,1,1,1,1,1,1,1,1,1,1,1,1,1,1,1,1,1,1,1,1,1,1,1,1,1,1,1
indst med and high temp fuel type shifting,food beverage and tobacco 10T12,hydrogen if,,0,0,0,0.026316,0.052632,0.078947,0.105263,0.131579,0.157895,0.184211,0.210526,0.236842,0.263158,0.289474,0.315789,0.342105,0.368421,0.394737,0.421053,0.447368,0.473684,0.5,0.526316,0.552632,0.578947,0.605263,0.631579,0.657895,0.684211,0.710526,0.736842,0.763158,0.789474,0.815789,0.842105,0.868421,0.894737,0.921053,0.947368,0.973684,1,1,1,1,1,1,1,1,1,1,1,1,1,1,1,1,1,1,1,1,1,1,1,1,1,1,1,1,1,1,1,1,1,1,1,1,1,1,1,1,1
indst med and high temp fuel type shifting,textiles apparel and leather 13T15,electricity if,,0,0,0,0.026316,0.052631,0.078947,0.105263,0.131579,0.157894,0.18421,0.210526,0.308421,0.406316,0.50421,0.602105,0.7,0.712,0.724,0.736,0.748,0.76,0.772,0.784,0.796,0.808,0.82,0.832,0.844,0.856,0.868,0.88,0.892,0.904,0.916,0.928,0.94,0.952,0.964,0.976,0.988,1,1,1,1,1,1,1,1,1,1,1,1,1,1,1,1,1,1,1,1,1,1,1,1,1,1,1,1,1,1,1,1,1,1,1,1,1,1,1,1,1
indst med and high temp fuel type shifting,textiles apparel and leather 13T15,hard coal if,,0,0,0,0.026316,0.052632,0.078947,0.105263,0.131579,0.157895,0.184211,0.210526,0.236842,0.263158,0.289474,0.315789,0.342105,0.368421,0.394737,0.421053,0.447368,0.473684,0.5,0.526316,0.552632,0.578947,0.605263,0.631579,0.657895,0.684211,0.710526,0.736842,0.763158,0.789474,0.815789,0.842105,0.868421,0.894737,0.921053,0.947368,0.973684,1,1,1,1,1,1,1,1,1,1,1,1,1,1,1,1,1,1,1,1,1,1,1,1,1,1,1,1,1,1,1,1,1,1,1,1,1,1,1,1,1
indst med and high temp fuel type shifting,textiles apparel and leather 13T15,natural gas if,,0,0,0,0.026316,0.052632,0.078947,0.105263,0.131579,0.157895,0.184211,0.210526,0.236842,0.263158,0.289474,0.315789,0.342105,0.368421,0.394737,0.421053,0.447368,0.473684,0.5,0.526316,0.552632,0.578947,0.605263,0.631579,0.657895,0.684211,0.710526,0.736842,0.763158,0.789474,0.815789,0.842105,0.868421,0.894737,0.921053,0.947368,0.973684,1,1,1,1,1,1,1,1,1,1,1,1,1,1,1,1,1,1,1,1,1,1,1,1,1,1,1,1,1,1,1,1,1,1,1,1,1,1,1,1,1
indst med and high temp fuel type shifting,textiles apparel and leather 13T15,biomass if,,0,0,0,0.026316,0.052632,0.078947,0.105263,0.131579,0.157895,0.184211,0.210526,0.236842,0.263158,0.289474,0.315789,0.342105,0.368421,0.394737,0.421053,0.447368,0.473684,0.5,0.526316,0.552632,0.578947,0.605263,0.631579,0.657895,0.684211,0.710526,0.736842,0.763158,0.789474,0.815789,0.842105,0.868421,0.894737,0.921053,0.947368,0.973684,1,1,1,1,1,1,1,1,1,1,1,1,1,1,1,1,1,1,1,1,1,1,1,1,1,1,1,1,1,1,1,1,1,1,1,1,1,1,1,1,1
indst med and high temp fuel type shifting,textiles apparel and leather 13T15,petroleum diesel if,,0,0,0,0.026316,0.052632,0.078947,0.105263,0.131579,0.157895,0.184211,0.210526,0.236842,0.263158,0.289474,0.315789,0.342105,0.368421,0.394737,0.421053,0.447368,0.473684,0.5,0.526316,0.552632,0.578947,0.605263,0.631579,0.657895,0.684211,0.710526,0.736842,0.763158,0.789474,0.815789,0.842105,0.868421,0.894737,0.921053,0.947368,0.973684,1,1,1,1,1,1,1,1,1,1,1,1,1,1,1,1,1,1,1,1,1,1,1,1,1,1,1,1,1,1,1,1,1,1,1,1,1,1,1,1,1
indst med and high temp fuel type shifting,textiles apparel and leather 13T15,heat if,,0,0,0,0.026316,0.052632,0.078947,0.105263,0.131579,0.157895,0.184211,0.210526,0.236842,0.263158,0.289474,0.315789,0.342105,0.368421,0.394737,0.421053,0.447368,0.473684,0.5,0.526316,0.552632,0.578947,0.605263,0.631579,0.657895,0.684211,0.710526,0.736842,0.763158,0.789474,0.815789,0.842105,0.868421,0.894737,0.921053,0.947368,0.973684,1,1,1,1,1,1,1,1,1,1,1,1,1,1,1,1,1,1,1,1,1,1,1,1,1,1,1,1,1,1,1,1,1,1,1,1,1,1,1,1,1
indst med and high temp fuel type shifting,textiles apparel and leather 13T15,crude oil if,,0,0,0,0.026316,0.052632,0.078947,0.105263,0.131579,0.157895,0.184211,0.210526,0.236842,0.263158,0.289474,0.315789,0.342105,0.368421,0.394737,0.421053,0.447368,0.473684,0.5,0.526316,0.552632,0.578947,0.605263,0.631579,0.657895,0.684211,0.710526,0.736842,0.763158,0.789474,0.815789,0.842105,0.868421,0.894737,0.921053,0.947368,0.973684,1,1,1,1,1,1,1,1,1,1,1,1,1,1,1,1,1,1,1,1,1,1,1,1,1,1,1,1,1,1,1,1,1,1,1,1,1,1,1,1,1
indst med and high temp fuel type shifting,textiles apparel and leather 13T15,heavy or residual fuel oil if,,0,0,0,0.026316,0.052632,0.078947,0.105263,0.131579,0.157895,0.184211,0.210526,0.236842,0.263158,0.289474,0.315789,0.342105,0.368421,0.394737,0.421053,0.447368,0.473684,0.5,0.526316,0.552632,0.578947,0.605263,0.631579,0.657895,0.684211,0.710526,0.736842,0.763158,0.789474,0.815789,0.842105,0.868421,0.894737,0.921053,0.947368,0.973684,1,1,1,1,1,1,1,1,1,1,1,1,1,1,1,1,1,1,1,1,1,1,1,1,1,1,1,1,1,1,1,1,1,1,1,1,1,1,1,1,1
indst med and high temp fuel type shifting,textiles apparel and leather 13T15,LPG propane or butane if,,0,0,0,0.026316,0.052632,0.078947,0.105263,0.131579,0.157895,0.184211,0.210526,0.236842,0.263158,0.289474,0.315789,0.342105,0.368421,0.394737,0.421053,0.447368,0.473684,0.5,0.526316,0.552632,0.578947,0.605263,0.631579,0.657895,0.684211,0.710526,0.736842,0.763158,0.789474,0.815789,0.842105,0.868421,0.894737,0.921053,0.947368,0.973684,1,1,1,1,1,1,1,1,1,1,1,1,1,1,1,1,1,1,1,1,1,1,1,1,1,1,1,1,1,1,1,1,1,1,1,1,1,1,1,1,1
indst med and high temp fuel type shifting,textiles apparel and leather 13T15,hydrogen if,,0,0,0,0.026316,0.052632,0.078947,0.105263,0.131579,0.157895,0.184211,0.210526,0.236842,0.263158,0.289474,0.315789,0.342105,0.368421,0.394737,0.421053,0.447368,0.473684,0.5,0.526316,0.552632,0.578947,0.605263,0.631579,0.657895,0.684211,0.710526,0.736842,0.763158,0.789474,0.815789,0.842105,0.868421,0.894737,0.921053,0.947368,0.973684,1,1,1,1,1,1,1,1,1,1,1,1,1,1,1,1,1,1,1,1,1,1,1,1,1,1,1,1,1,1,1,1,1,1,1,1,1,1,1,1,1
indst med and high temp fuel type shifting,wood products 16,electricity if,,0,0,0,0.026316,0.052631,0.078947,0.105263,0.131579,0.157894,0.18421,0.210526,0.308421,0.406316,0.50421,0.602105,0.7,0.712,0.724,0.736,0.748,0.76,0.772,0.784,0.796,0.808,0.82,0.832,0.844,0.856,0.868,0.88,0.892,0.904,0.916,0.928,0.94,0.952,0.964,0.976,0.988,1,1,1,1,1,1,1,1,1,1,1,1,1,1,1,1,1,1,1,1,1,1,1,1,1,1,1,1,1,1,1,1,1,1,1,1,1,1,1,1,1
indst med and high temp fuel type shifting,wood products 16,hard coal if,,0,0,0,0.026316,0.052632,0.078947,0.105263,0.131579,0.157895,0.184211,0.210526,0.236842,0.263158,0.289474,0.315789,0.342105,0.368421,0.394737,0.421053,0.447368,0.473684,0.5,0.526316,0.552632,0.578947,0.605263,0.631579,0.657895,0.684211,0.710526,0.736842,0.763158,0.789474,0.815789,0.842105,0.868421,0.894737,0.921053,0.947368,0.973684,1,1,1,1,1,1,1,1,1,1,1,1,1,1,1,1,1,1,1,1,1,1,1,1,1,1,1,1,1,1,1,1,1,1,1,1,1,1,1,1,1
indst med and high temp fuel type shifting,wood products 16,natural gas if,,0,0,0,0.026316,0.052632,0.078947,0.105263,0.131579,0.157895,0.184211,0.210526,0.236842,0.263158,0.289474,0.315789,0.342105,0.368421,0.394737,0.421053,0.447368,0.473684,0.5,0.526316,0.552632,0.578947,0.605263,0.631579,0.657895,0.684211,0.710526,0.736842,0.763158,0.789474,0.815789,0.842105,0.868421,0.894737,0.921053,0.947368,0.973684,1,1,1,1,1,1,1,1,1,1,1,1,1,1,1,1,1,1,1,1,1,1,1,1,1,1,1,1,1,1,1,1,1,1,1,1,1,1,1,1,1
indst med and high temp fuel type shifting,wood products 16,biomass if,,0,0,0,0.026316,0.052632,0.078947,0.105263,0.131579,0.157895,0.184211,0.210526,0.236842,0.263158,0.289474,0.315789,0.342105,0.368421,0.394737,0.421053,0.447368,0.473684,0.5,0.526316,0.552632,0.578947,0.605263,0.631579,0.657895,0.684211,0.710526,0.736842,0.763158,0.789474,0.815789,0.842105,0.868421,0.894737,0.921053,0.947368,0.973684,1,1,1,1,1,1,1,1,1,1,1,1,1,1,1,1,1,1,1,1,1,1,1,1,1,1,1,1,1,1,1,1,1,1,1,1,1,1,1,1,1
indst med and high temp fuel type shifting,wood products 16,petroleum diesel if,,0,0,0,0.026316,0.052632,0.078947,0.105263,0.131579,0.157895,0.184211,0.210526,0.236842,0.263158,0.289474,0.315789,0.342105,0.368421,0.394737,0.421053,0.447368,0.473684,0.5,0.526316,0.552632,0.578947,0.605263,0.631579,0.657895,0.684211,0.710526,0.736842,0.763158,0.789474,0.815789,0.842105,0.868421,0.894737,0.921053,0.947368,0.973684,1,1,1,1,1,1,1,1,1,1,1,1,1,1,1,1,1,1,1,1,1,1,1,1,1,1,1,1,1,1,1,1,1,1,1,1,1,1,1,1,1
indst med and high temp fuel type shifting,wood products 16,heat if,,0,0,0,0.026316,0.052632,0.078947,0.105263,0.131579,0.157895,0.184211,0.210526,0.236842,0.263158,0.289474,0.315789,0.342105,0.368421,0.394737,0.421053,0.447368,0.473684,0.5,0.526316,0.552632,0.578947,0.605263,0.631579,0.657895,0.684211,0.710526,0.736842,0.763158,0.789474,0.815789,0.842105,0.868421,0.894737,0.921053,0.947368,0.973684,1,1,1,1,1,1,1,1,1,1,1,1,1,1,1,1,1,1,1,1,1,1,1,1,1,1,1,1,1,1,1,1,1,1,1,1,1,1,1,1,1
indst med and high temp fuel type shifting,wood products 16,crude oil if,,0,0,0,0.026316,0.052632,0.078947,0.105263,0.131579,0.157895,0.184211,0.210526,0.236842,0.263158,0.289474,0.315789,0.342105,0.368421,0.394737,0.421053,0.447368,0.473684,0.5,0.526316,0.552632,0.578947,0.605263,0.631579,0.657895,0.684211,0.710526,0.736842,0.763158,0.789474,0.815789,0.842105,0.868421,0.894737,0.921053,0.947368,0.973684,1,1,1,1,1,1,1,1,1,1,1,1,1,1,1,1,1,1,1,1,1,1,1,1,1,1,1,1,1,1,1,1,1,1,1,1,1,1,1,1,1
indst med and high temp fuel type shifting,wood products 16,heavy or residual fuel oil if,,0,0,0,0.026316,0.052632,0.078947,0.105263,0.131579,0.157895,0.184211,0.210526,0.236842,0.263158,0.289474,0.315789,0.342105,0.368421,0.394737,0.421053,0.447368,0.473684,0.5,0.526316,0.552632,0.578947,0.605263,0.631579,0.657895,0.684211,0.710526,0.736842,0.763158,0.789474,0.815789,0.842105,0.868421,0.894737,0.921053,0.947368,0.973684,1,1,1,1,1,1,1,1,1,1,1,1,1,1,1,1,1,1,1,1,1,1,1,1,1,1,1,1,1,1,1,1,1,1,1,1,1,1,1,1,1
indst med and high temp fuel type shifting,wood products 16,LPG propane or butane if,,0,0,0,0.026316,0.052632,0.078947,0.105263,0.131579,0.157895,0.184211,0.210526,0.236842,0.263158,0.289474,0.315789,0.342105,0.368421,0.394737,0.421053,0.447368,0.473684,0.5,0.526316,0.552632,0.578947,0.605263,0.631579,0.657895,0.684211,0.710526,0.736842,0.763158,0.789474,0.815789,0.842105,0.868421,0.894737,0.921053,0.947368,0.973684,1,1,1,1,1,1,1,1,1,1,1,1,1,1,1,1,1,1,1,1,1,1,1,1,1,1,1,1,1,1,1,1,1,1,1,1,1,1,1,1,1
indst med and high temp fuel type shifting,wood products 16,hydrogen if,,0,0,0,0.026316,0.052632,0.078947,0.105263,0.131579,0.157895,0.184211,0.210526,0.236842,0.263158,0.289474,0.315789,0.342105,0.368421,0.394737,0.421053,0.447368,0.473684,0.5,0.526316,0.552632,0.578947,0.605263,0.631579,0.657895,0.684211,0.710526,0.736842,0.763158,0.789474,0.815789,0.842105,0.868421,0.894737,0.921053,0.947368,0.973684,1,1,1,1,1,1,1,1,1,1,1,1,1,1,1,1,1,1,1,1,1,1,1,1,1,1,1,1,1,1,1,1,1,1,1,1,1,1,1,1,1
indst med and high temp fuel type shifting,pulp paper and printing 17T18,electricity if,,0,0,0,0.026316,0.052631,0.078947,0.105263,0.131579,0.157894,0.18421,0.210526,0.308421,0.406316,0.50421,0.602105,0.7,0.712,0.724,0.736,0.748,0.76,0.772,0.784,0.796,0.808,0.82,0.832,0.844,0.856,0.868,0.88,0.892,0.904,0.916,0.928,0.94,0.952,0.964,0.976,0.988,1,1,1,1,1,1,1,1,1,1,1,1,1,1,1,1,1,1,1,1,1,1,1,1,1,1,1,1,1,1,1,1,1,1,1,1,1,1,1,1,1
indst med and high temp fuel type shifting,pulp paper and printing 17T18,hard coal if,,0,0,0,0.026316,0.052632,0.078947,0.105263,0.131579,0.157895,0.184211,0.210526,0.236842,0.263158,0.289474,0.315789,0.342105,0.368421,0.394737,0.421053,0.447368,0.473684,0.5,0.526316,0.552632,0.578947,0.605263,0.631579,0.657895,0.684211,0.710526,0.736842,0.763158,0.789474,0.815789,0.842105,0.868421,0.894737,0.921053,0.947368,0.973684,1,1,1,1,1,1,1,1,1,1,1,1,1,1,1,1,1,1,1,1,1,1,1,1,1,1,1,1,1,1,1,1,1,1,1,1,1,1,1,1,1
indst med and high temp fuel type shifting,pulp paper and printing 17T18,natural gas if,,0,0,0,0.026316,0.052632,0.078947,0.105263,0.131579,0.157895,0.184211,0.210526,0.236842,0.263158,0.289474,0.315789,0.342105,0.368421,0.394737,0.421053,0.447368,0.473684,0.5,0.526316,0.552632,0.578947,0.605263,0.631579,0.657895,0.684211,0.710526,0.736842,0.763158,0.789474,0.815789,0.842105,0.868421,0.894737,0.921053,0.947368,0.973684,1,1,1,1,1,1,1,1,1,1,1,1,1,1,1,1,1,1,1,1,1,1,1,1,1,1,1,1,1,1,1,1,1,1,1,1,1,1,1,1,1
indst med and high temp fuel type shifting,pulp paper and printing 17T18,biomass if,,0,0,0,0.026316,0.052632,0.078947,0.105263,0.131579,0.157895,0.184211,0.210526,0.236842,0.263158,0.289474,0.315789,0.342105,0.368421,0.394737,0.421053,0.447368,0.473684,0.5,0.526316,0.552632,0.578947,0.605263,0.631579,0.657895,0.684211,0.710526,0.736842,0.763158,0.789474,0.815789,0.842105,0.868421,0.894737,0.921053,0.947368,0.973684,1,1,1,1,1,1,1,1,1,1,1,1,1,1,1,1,1,1,1,1,1,1,1,1,1,1,1,1,1,1,1,1,1,1,1,1,1,1,1,1,1
indst med and high temp fuel type shifting,pulp paper and printing 17T18,petroleum diesel if,,0,0,0,0.026316,0.052632,0.078947,0.105263,0.131579,0.157895,0.184211,0.210526,0.236842,0.263158,0.289474,0.315789,0.342105,0.368421,0.394737,0.421053,0.447368,0.473684,0.5,0.526316,0.552632,0.578947,0.605263,0.631579,0.657895,0.684211,0.710526,0.736842,0.763158,0.789474,0.815789,0.842105,0.868421,0.894737,0.921053,0.947368,0.973684,1,1,1,1,1,1,1,1,1,1,1,1,1,1,1,1,1,1,1,1,1,1,1,1,1,1,1,1,1,1,1,1,1,1,1,1,1,1,1,1,1
indst med and high temp fuel type shifting,pulp paper and printing 17T18,heat if,,0,0,0,0.026316,0.052632,0.078947,0.105263,0.131579,0.157895,0.184211,0.210526,0.236842,0.263158,0.289474,0.315789,0.342105,0.368421,0.394737,0.421053,0.447368,0.473684,0.5,0.526316,0.552632,0.578947,0.605263,0.631579,0.657895,0.684211,0.710526,0.736842,0.763158,0.789474,0.815789,0.842105,0.868421,0.894737,0.921053,0.947368,0.973684,1,1,1,1,1,1,1,1,1,1,1,1,1,1,1,1,1,1,1,1,1,1,1,1,1,1,1,1,1,1,1,1,1,1,1,1,1,1,1,1,1
indst med and high temp fuel type shifting,pulp paper and printing 17T18,crude oil if,,0,0,0,0.026316,0.052632,0.078947,0.105263,0.131579,0.157895,0.184211,0.210526,0.236842,0.263158,0.289474,0.315789,0.342105,0.368421,0.394737,0.421053,0.447368,0.473684,0.5,0.526316,0.552632,0.578947,0.605263,0.631579,0.657895,0.684211,0.710526,0.736842,0.763158,0.789474,0.815789,0.842105,0.868421,0.894737,0.921053,0.947368,0.973684,1,1,1,1,1,1,1,1,1,1,1,1,1,1,1,1,1,1,1,1,1,1,1,1,1,1,1,1,1,1,1,1,1,1,1,1,1,1,1,1,1
indst med and high temp fuel type shifting,pulp paper and printing 17T18,heavy or residual fuel oil if,,0,0,0,0.026316,0.052632,0.078947,0.105263,0.131579,0.157895,0.184211,0.210526,0.236842,0.263158,0.289474,0.315789,0.342105,0.368421,0.394737,0.421053,0.447368,0.473684,0.5,0.526316,0.552632,0.578947,0.605263,0.631579,0.657895,0.684211,0.710526,0.736842,0.763158,0.789474,0.815789,0.842105,0.868421,0.894737,0.921053,0.947368,0.973684,1,1,1,1,1,1,1,1,1,1,1,1,1,1,1,1,1,1,1,1,1,1,1,1,1,1,1,1,1,1,1,1,1,1,1,1,1,1,1,1,1
indst med and high temp fuel type shifting,pulp paper and printing 17T18,LPG propane or butane if,,0,0,0,0.026316,0.052632,0.078947,0.105263,0.131579,0.157895,0.184211,0.210526,0.236842,0.263158,0.289474,0.315789,0.342105,0.368421,0.394737,0.421053,0.447368,0.473684,0.5,0.526316,0.552632,0.578947,0.605263,0.631579,0.657895,0.684211,0.710526,0.736842,0.763158,0.789474,0.815789,0.842105,0.868421,0.894737,0.921053,0.947368,0.973684,1,1,1,1,1,1,1,1,1,1,1,1,1,1,1,1,1,1,1,1,1,1,1,1,1,1,1,1,1,1,1,1,1,1,1,1,1,1,1,1,1
indst med and high temp fuel type shifting,pulp paper and printing 17T18,hydrogen if,,0,0,0,0.026316,0.052632,0.078947,0.105263,0.131579,0.157895,0.184211,0.210526,0.236842,0.263158,0.289474,0.315789,0.342105,0.368421,0.394737,0.421053,0.447368,0.473684,0.5,0.526316,0.552632,0.578947,0.605263,0.631579,0.657895,0.684211,0.710526,0.736842,0.763158,0.789474,0.815789,0.842105,0.868421,0.894737,0.921053,0.947368,0.973684,1,1,1,1,1,1,1,1,1,1,1,1,1,1,1,1,1,1,1,1,1,1,1,1,1,1,1,1,1,1,1,1,1,1,1,1,1,1,1,1,1
indst med and high temp fuel type shifting,refined petroleum and coke 19,electricity if,,0,0,0,0.026316,0.052632,0.078947,0.105263,0.131579,0.157895,0.184211,0.210526,0.236842,0.263158,0.289474,0.315789,0.342105,0.368421,0.394737,0.421053,0.447368,0.473684,0.5,0.526316,0.552632,0.578947,0.605263,0.631579,0.657895,0.684211,0.710526,0.736842,0.763158,0.789474,0.815789,0.842105,0.868421,0.894737,0.921053,0.947368,0.973684,1,1,1,1,1,1,1,1,1,1,1,1,1,1,1,1,1,1,1,1,1,1,1,1,1,1,1,1,1,1,1,1,1,1,1,1,1,1,1,1,1
indst med and high temp fuel type shifting,refined petroleum and coke 19,hard coal if,,0,0,0,0.026316,0.052632,0.078947,0.105263,0.131579,0.157895,0.184211,0.210526,0.236842,0.263158,0.289474,0.315789,0.342105,0.368421,0.394737,0.421053,0.447368,0.473684,0.5,0.526316,0.552632,0.578947,0.605263,0.631579,0.657895,0.684211,0.710526,0.736842,0.763158,0.789474,0.815789,0.842105,0.868421,0.894737,0.921053,0.947368,0.973684,1,1,1,1,1,1,1,1,1,1,1,1,1,1,1,1,1,1,1,1,1,1,1,1,1,1,1,1,1,1,1,1,1,1,1,1,1,1,1,1,1
indst med and high temp fuel type shifting,refined petroleum and coke 19,natural gas if,,0,0,0,0.026316,0.052632,0.078947,0.105263,0.131579,0.157895,0.184211,0.210526,0.236842,0.263158,0.289474,0.315789,0.342105,0.368421,0.394737,0.421053,0.447368,0.473684,0.5,0.526316,0.552632,0.578947,0.605263,0.631579,0.657895,0.684211,0.710526,0.736842,0.763158,0.789474,0.815789,0.842105,0.868421,0.894737,0.921053,0.947368,0.973684,1,1,1,1,1,1,1,1,1,1,1,1,1,1,1,1,1,1,1,1,1,1,1,1,1,1,1,1,1,1,1,1,1,1,1,1,1,1,1,1,1
indst med and high temp fuel type shifting,refined petroleum and coke 19,biomass if,,0,0,0,0.026316,0.052632,0.078947,0.105263,0.131579,0.157895,0.184211,0.210526,0.236842,0.263158,0.289474,0.315789,0.342105,0.368421,0.394737,0.421053,0.447368,0.473684,0.5,0.526316,0.552632,0.578947,0.605263,0.631579,0.657895,0.684211,0.710526,0.736842,0.763158,0.789474,0.815789,0.842105,0.868421,0.894737,0.921053,0.947368,0.973684,1,1,1,1,1,1,1,1,1,1,1,1,1,1,1,1,1,1,1,1,1,1,1,1,1,1,1,1,1,1,1,1,1,1,1,1,1,1,1,1,1
indst med and high temp fuel type shifting,refined petroleum and coke 19,petroleum diesel if,,0,0,0,0.026316,0.052632,0.078947,0.105263,0.131579,0.157895,0.184211,0.210526,0.236842,0.263158,0.289474,0.315789,0.342105,0.368421,0.394737,0.421053,0.447368,0.473684,0.5,0.526316,0.552632,0.578947,0.605263,0.631579,0.657895,0.684211,0.710526,0.736842,0.763158,0.789474,0.815789,0.842105,0.868421,0.894737,0.921053,0.947368,0.973684,1,1,1,1,1,1,1,1,1,1,1,1,1,1,1,1,1,1,1,1,1,1,1,1,1,1,1,1,1,1,1,1,1,1,1,1,1,1,1,1,1
indst med and high temp fuel type shifting,refined petroleum and coke 19,heat if,,0,0,0,0.026316,0.052632,0.078947,0.105263,0.131579,0.157895,0.184211,0.210526,0.236842,0.263158,0.289474,0.315789,0.342105,0.368421,0.394737,0.421053,0.447368,0.473684,0.5,0.526316,0.552632,0.578947,0.605263,0.631579,0.657895,0.684211,0.710526,0.736842,0.763158,0.789474,0.815789,0.842105,0.868421,0.894737,0.921053,0.947368,0.973684,1,1,1,1,1,1,1,1,1,1,1,1,1,1,1,1,1,1,1,1,1,1,1,1,1,1,1,1,1,1,1,1,1,1,1,1,1,1,1,1,1
indst med and high temp fuel type shifting,refined petroleum and coke 19,crude oil if,,0,0,0,0.026316,0.052632,0.078947,0.105263,0.131579,0.157895,0.184211,0.210526,0.236842,0.263158,0.289474,0.315789,0.342105,0.368421,0.394737,0.421053,0.447368,0.473684,0.5,0.526316,0.552632,0.578947,0.605263,0.631579,0.657895,0.684211,0.710526,0.736842,0.763158,0.789474,0.815789,0.842105,0.868421,0.894737,0.921053,0.947368,0.973684,1,1,1,1,1,1,1,1,1,1,1,1,1,1,1,1,1,1,1,1,1,1,1,1,1,1,1,1,1,1,1,1,1,1,1,1,1,1,1,1,1
indst med and high temp fuel type shifting,refined petroleum and coke 19,heavy or residual fuel oil if,,0,0,0,0.026316,0.052632,0.078947,0.105263,0.131579,0.157895,0.184211,0.210526,0.236842,0.263158,0.289474,0.315789,0.342105,0.368421,0.394737,0.421053,0.447368,0.473684,0.5,0.526316,0.552632,0.578947,0.605263,0.631579,0.657895,0.684211,0.710526,0.736842,0.763158,0.789474,0.815789,0.842105,0.868421,0.894737,0.921053,0.947368,0.973684,1,1,1,1,1,1,1,1,1,1,1,1,1,1,1,1,1,1,1,1,1,1,1,1,1,1,1,1,1,1,1,1,1,1,1,1,1,1,1,1,1
indst med and high temp fuel type shifting,refined petroleum and coke 19,LPG propane or butane if,,0,0,0,0.026316,0.052632,0.078947,0.105263,0.131579,0.157895,0.184211,0.210526,0.236842,0.263158,0.289474,0.315789,0.342105,0.368421,0.394737,0.421053,0.447368,0.473684,0.5,0.526316,0.552632,0.578947,0.605263,0.631579,0.657895,0.684211,0.710526,0.736842,0.763158,0.789474,0.815789,0.842105,0.868421,0.894737,0.921053,0.947368,0.973684,1,1,1,1,1,1,1,1,1,1,1,1,1,1,1,1,1,1,1,1,1,1,1,1,1,1,1,1,1,1,1,1,1,1,1,1,1,1,1,1,1
indst med and high temp fuel type shifting,refined petroleum and coke 19,hydrogen if,,0,0,0,0.026316,0.052632,0.078947,0.105263,0.131579,0.157895,0.184211,0.210526,0.236842,0.263158,0.289474,0.315789,0.342105,0.368421,0.394737,0.421053,0.447368,0.473684,0.5,0.526316,0.552632,0.578947,0.605263,0.631579,0.657895,0.684211,0.710526,0.736842,0.763158,0.789474,0.815789,0.842105,0.868421,0.894737,0.921053,0.947368,0.973684,1,1,1,1,1,1,1,1,1,1,1,1,1,1,1,1,1,1,1,1,1,1,1,1,1,1,1,1,1,1,1,1,1,1,1,1,1,1,1,1,1
indst med and high temp fuel type shifting,chemicals 20,electricity if,,0,0,0,0.026316,0.052632,0.078947,0.105263,0.131579,0.157895,0.184211,0.210526,0.236842,0.263158,0.289474,0.315789,0.342105,0.368421,0.394737,0.421053,0.447368,0.473684,0.5,0.526316,0.552632,0.578947,0.605263,0.631579,0.657895,0.684211,0.710526,0.736842,0.763158,0.789474,0.815789,0.842105,0.868421,0.894737,0.921053,0.947368,0.973684,1,1,1,1,1,1,1,1,1,1,1,1,1,1,1,1,1,1,1,1,1,1,1,1,1,1,1,1,1,1,1,1,1,1,1,1,1,1,1,1,1
indst med and high temp fuel type shifting,chemicals 20,hard coal if,,0,0,0,0.026316,0.052632,0.078947,0.105263,0.131579,0.157895,0.184211,0.210526,0.236842,0.263158,0.289474,0.315789,0.342105,0.368421,0.394737,0.421053,0.447368,0.473684,0.5,0.526316,0.552632,0.578947,0.605263,0.631579,0.657895,0.684211,0.710526,0.736842,0.763158,0.789474,0.815789,0.842105,0.868421,0.894737,0.921053,0.947368,0.973684,1,1,1,1,1,1,1,1,1,1,1,1,1,1,1,1,1,1,1,1,1,1,1,1,1,1,1,1,1,1,1,1,1,1,1,1,1,1,1,1,1
indst med and high temp fuel type shifting,chemicals 20,natural gas if,,0,0,0,0.026316,0.052632,0.078947,0.105263,0.131579,0.157895,0.184211,0.210526,0.236842,0.263158,0.289474,0.315789,0.342105,0.368421,0.394737,0.421053,0.447368,0.473684,0.5,0.526316,0.552632,0.578947,0.605263,0.631579,0.657895,0.684211,0.710526,0.736842,0.763158,0.789474,0.815789,0.842105,0.868421,0.894737,0.921053,0.947368,0.973684,1,1,1,1,1,1,1,1,1,1,1,1,1,1,1,1,1,1,1,1,1,1,1,1,1,1,1,1,1,1,1,1,1,1,1,1,1,1,1,1,1
indst med and high temp fuel type shifting,chemicals 20,biomass if,,0,0,0,0.026316,0.052632,0.078947,0.105263,0.131579,0.157895,0.184211,0.210526,0.236842,0.263158,0.289474,0.315789,0.342105,0.368421,0.394737,0.421053,0.447368,0.473684,0.5,0.526316,0.552632,0.578947,0.605263,0.631579,0.657895,0.684211,0.710526,0.736842,0.763158,0.789474,0.815789,0.842105,0.868421,0.894737,0.921053,0.947368,0.973684,1,1,1,1,1,1,1,1,1,1,1,1,1,1,1,1,1,1,1,1,1,1,1,1,1,1,1,1,1,1,1,1,1,1,1,1,1,1,1,1,1
indst med and high temp fuel type shifting,chemicals 20,petroleum diesel if,,0,0,0,0.026316,0.052632,0.078947,0.105263,0.131579,0.157895,0.184211,0.210526,0.236842,0.263158,0.289474,0.315789,0.342105,0.368421,0.394737,0.421053,0.447368,0.473684,0.5,0.526316,0.552632,0.578947,0.605263,0.631579,0.657895,0.684211,0.710526,0.736842,0.763158,0.789474,0.815789,0.842105,0.868421,0.894737,0.921053,0.947368,0.973684,1,1,1,1,1,1,1,1,1,1,1,1,1,1,1,1,1,1,1,1,1,1,1,1,1,1,1,1,1,1,1,1,1,1,1,1,1,1,1,1,1
indst med and high temp fuel type shifting,chemicals 20,heat if,,0,0,0,0.026316,0.052632,0.078947,0.105263,0.131579,0.157895,0.184211,0.210526,0.236842,0.263158,0.289474,0.315789,0.342105,0.368421,0.394737,0.421053,0.447368,0.473684,0.5,0.526316,0.552632,0.578947,0.605263,0.631579,0.657895,0.684211,0.710526,0.736842,0.763158,0.789474,0.815789,0.842105,0.868421,0.894737,0.921053,0.947368,0.973684,1,1,1,1,1,1,1,1,1,1,1,1,1,1,1,1,1,1,1,1,1,1,1,1,1,1,1,1,1,1,1,1,1,1,1,1,1,1,1,1,1
indst med and high temp fuel type shifting,chemicals 20,crude oil if,,0,0,0,0.026316,0.052632,0.078947,0.105263,0.131579,0.157895,0.184211,0.210526,0.236842,0.263158,0.289474,0.315789,0.342105,0.368421,0.394737,0.421053,0.447368,0.473684,0.5,0.526316,0.552632,0.578947,0.605263,0.631579,0.657895,0.684211,0.710526,0.736842,0.763158,0.789474,0.815789,0.842105,0.868421,0.894737,0.921053,0.947368,0.973684,1,1,1,1,1,1,1,1,1,1,1,1,1,1,1,1,1,1,1,1,1,1,1,1,1,1,1,1,1,1,1,1,1,1,1,1,1,1,1,1,1
indst med and high temp fuel type shifting,chemicals 20,heavy or residual fuel oil if,,0,0,0,0.026316,0.052632,0.078947,0.105263,0.131579,0.157895,0.184211,0.210526,0.236842,0.263158,0.289474,0.315789,0.342105,0.368421,0.394737,0.421053,0.447368,0.473684,0.5,0.526316,0.552632,0.578947,0.605263,0.631579,0.657895,0.684211,0.710526,0.736842,0.763158,0.789474,0.815789,0.842105,0.868421,0.894737,0.921053,0.947368,0.973684,1,1,1,1,1,1,1,1,1,1,1,1,1,1,1,1,1,1,1,1,1,1,1,1,1,1,1,1,1,1,1,1,1,1,1,1,1,1,1,1,1
indst med and high temp fuel type shifting,chemicals 20,LPG propane or butane if,,0,0,0,0.026316,0.052632,0.078947,0.105263,0.131579,0.157895,0.184211,0.210526,0.236842,0.263158,0.289474,0.315789,0.342105,0.368421,0.394737,0.421053,0.447368,0.473684,0.5,0.526316,0.552632,0.578947,0.605263,0.631579,0.657895,0.684211,0.710526,0.736842,0.763158,0.789474,0.815789,0.842105,0.868421,0.894737,0.921053,0.947368,0.973684,1,1,1,1,1,1,1,1,1,1,1,1,1,1,1,1,1,1,1,1,1,1,1,1,1,1,1,1,1,1,1,1,1,1,1,1,1,1,1,1,1
indst med and high temp fuel type shifting,chemicals 20,hydrogen if,,0,0,0,0.026316,0.052632,0.078947,0.105263,0.131579,0.157895,0.184211,0.210526,0.236842,0.263158,0.289474,0.315789,0.342105,0.368421,0.394737,0.421053,0.447368,0.473684,0.5,0.526316,0.552632,0.578947,0.605263,0.631579,0.657895,0.684211,0.710526,0.736842,0.763158,0.789474,0.815789,0.842105,0.868421,0.894737,0.921053,0.947368,0.973684,1,1,1,1,1,1,1,1,1,1,1,1,1,1,1,1,1,1,1,1,1,1,1,1,1,1,1,1,1,1,1,1,1,1,1,1,1,1,1,1,1
indst med and high temp fuel type shifting,rubber and plastic products 22,electricity if,,0,0,0,0.026316,0.052631,0.078947,0.105263,0.131579,0.157894,0.18421,0.210526,0.308421,0.406316,0.50421,0.602105,0.7,0.712,0.724,0.736,0.748,0.76,0.772,0.784,0.796,0.808,0.82,0.832,0.844,0.856,0.868,0.88,0.892,0.904,0.916,0.928,0.94,0.952,0.964,0.976,0.988,1,1,1,1,1,1,1,1,1,1,1,1,1,1,1,1,1,1,1,1,1,1,1,1,1,1,1,1,1,1,1,1,1,1,1,1,1,1,1,1,1
indst med and high temp fuel type shifting,rubber and plastic products 22,hard coal if,,0,0,0,0.026316,0.052632,0.078947,0.105263,0.131579,0.157895,0.184211,0.210526,0.236842,0.263158,0.289474,0.315789,0.342105,0.368421,0.394737,0.421053,0.447368,0.473684,0.5,0.526316,0.552632,0.578947,0.605263,0.631579,0.657895,0.684211,0.710526,0.736842,0.763158,0.789474,0.815789,0.842105,0.868421,0.894737,0.921053,0.947368,0.973684,1,1,1,1,1,1,1,1,1,1,1,1,1,1,1,1,1,1,1,1,1,1,1,1,1,1,1,1,1,1,1,1,1,1,1,1,1,1,1,1,1
indst med and high temp fuel type shifting,rubber and plastic products 22,natural gas if,,0,0,0,0.026316,0.052632,0.078947,0.105263,0.131579,0.157895,0.184211,0.210526,0.236842,0.263158,0.289474,0.315789,0.342105,0.368421,0.394737,0.421053,0.447368,0.473684,0.5,0.526316,0.552632,0.578947,0.605263,0.631579,0.657895,0.684211,0.710526,0.736842,0.763158,0.789474,0.815789,0.842105,0.868421,0.894737,0.921053,0.947368,0.973684,1,1,1,1,1,1,1,1,1,1,1,1,1,1,1,1,1,1,1,1,1,1,1,1,1,1,1,1,1,1,1,1,1,1,1,1,1,1,1,1,1
indst med and high temp fuel type shifting,rubber and plastic products 22,biomass if,,0,0,0,0.026316,0.052632,0.078947,0.105263,0.131579,0.157895,0.184211,0.210526,0.236842,0.263158,0.289474,0.315789,0.342105,0.368421,0.394737,0.421053,0.447368,0.473684,0.5,0.526316,0.552632,0.578947,0.605263,0.631579,0.657895,0.684211,0.710526,0.736842,0.763158,0.789474,0.815789,0.842105,0.868421,0.894737,0.921053,0.947368,0.973684,1,1,1,1,1,1,1,1,1,1,1,1,1,1,1,1,1,1,1,1,1,1,1,1,1,1,1,1,1,1,1,1,1,1,1,1,1,1,1,1,1
indst med and high temp fuel type shifting,rubber and plastic products 22,petroleum diesel if,,0,0,0,0.026316,0.052632,0.078947,0.105263,0.131579,0.157895,0.184211,0.210526,0.236842,0.263158,0.289474,0.315789,0.342105,0.368421,0.394737,0.421053,0.447368,0.473684,0.5,0.526316,0.552632,0.578947,0.605263,0.631579,0.657895,0.684211,0.710526,0.736842,0.763158,0.789474,0.815789,0.842105,0.868421,0.894737,0.921053,0.947368,0.973684,1,1,1,1,1,1,1,1,1,1,1,1,1,1,1,1,1,1,1,1,1,1,1,1,1,1,1,1,1,1,1,1,1,1,1,1,1,1,1,1,1
indst med and high temp fuel type shifting,rubber and plastic products 22,heat if,,0,0,0,0.026316,0.052632,0.078947,0.105263,0.131579,0.157895,0.184211,0.210526,0.236842,0.263158,0.289474,0.315789,0.342105,0.368421,0.394737,0.421053,0.447368,0.473684,0.5,0.526316,0.552632,0.578947,0.605263,0.631579,0.657895,0.684211,0.710526,0.736842,0.763158,0.789474,0.815789,0.842105,0.868421,0.894737,0.921053,0.947368,0.973684,1,1,1,1,1,1,1,1,1,1,1,1,1,1,1,1,1,1,1,1,1,1,1,1,1,1,1,1,1,1,1,1,1,1,1,1,1,1,1,1,1
indst med and high temp fuel type shifting,rubber and plastic products 22,crude oil if,,0,0,0,0.026316,0.052632,0.078947,0.105263,0.131579,0.157895,0.184211,0.210526,0.236842,0.263158,0.289474,0.315789,0.342105,0.368421,0.394737,0.421053,0.447368,0.473684,0.5,0.526316,0.552632,0.578947,0.605263,0.631579,0.657895,0.684211,0.710526,0.736842,0.763158,0.789474,0.815789,0.842105,0.868421,0.894737,0.921053,0.947368,0.973684,1,1,1,1,1,1,1,1,1,1,1,1,1,1,1,1,1,1,1,1,1,1,1,1,1,1,1,1,1,1,1,1,1,1,1,1,1,1,1,1,1
indst med and high temp fuel type shifting,rubber and plastic products 22,heavy or residual fuel oil if,,0,0,0,0.026316,0.052632,0.078947,0.105263,0.131579,0.157895,0.184211,0.210526,0.236842,0.263158,0.289474,0.315789,0.342105,0.368421,0.394737,0.421053,0.447368,0.473684,0.5,0.526316,0.552632,0.578947,0.605263,0.631579,0.657895,0.684211,0.710526,0.736842,0.763158,0.789474,0.815789,0.842105,0.868421,0.894737,0.921053,0.947368,0.973684,1,1,1,1,1,1,1,1,1,1,1,1,1,1,1,1,1,1,1,1,1,1,1,1,1,1,1,1,1,1,1,1,1,1,1,1,1,1,1,1,1
indst med and high temp fuel type shifting,rubber and plastic products 22,LPG propane or butane if,,0,0,0,0.026316,0.052632,0.078947,0.105263,0.131579,0.157895,0.184211,0.210526,0.236842,0.263158,0.289474,0.315789,0.342105,0.368421,0.394737,0.421053,0.447368,0.473684,0.5,0.526316,0.552632,0.578947,0.605263,0.631579,0.657895,0.684211,0.710526,0.736842,0.763158,0.789474,0.815789,0.842105,0.868421,0.894737,0.921053,0.947368,0.973684,1,1,1,1,1,1,1,1,1,1,1,1,1,1,1,1,1,1,1,1,1,1,1,1,1,1,1,1,1,1,1,1,1,1,1,1,1,1,1,1,1
indst med and high temp fuel type shifting,rubber and plastic products 22,hydrogen if,,0,0,0,0.026316,0.052632,0.078947,0.105263,0.131579,0.157895,0.184211,0.210526,0.236842,0.263158,0.289474,0.315789,0.342105,0.368421,0.394737,0.421053,0.447368,0.473684,0.5,0.526316,0.552632,0.578947,0.605263,0.631579,0.657895,0.684211,0.710526,0.736842,0.763158,0.789474,0.815789,0.842105,0.868421,0.894737,0.921053,0.947368,0.973684,1,1,1,1,1,1,1,1,1,1,1,1,1,1,1,1,1,1,1,1,1,1,1,1,1,1,1,1,1,1,1,1,1,1,1,1,1,1,1,1,1
indst med and high temp fuel type shifting,glass and glass products 231,electricity if,,0,0,0,0.026316,0.052631,0.078947,0.105263,0.131579,0.157894,0.18421,0.210526,0.308421,0.406316,0.50421,0.602105,0.7,0.712,0.724,0.736,0.748,0.76,0.772,0.784,0.796,0.808,0.82,0.832,0.844,0.856,0.868,0.88,0.892,0.904,0.916,0.928,0.94,0.952,0.964,0.976,0.988,1,1,1,1,1,1,1,1,1,1,1,1,1,1,1,1,1,1,1,1,1,1,1,1,1,1,1,1,1,1,1,1,1,1,1,1,1,1,1,1,1
indst med and high temp fuel type shifting,glass and glass products 231,hard coal if,,0,0,0,0.026316,0.052632,0.078947,0.105263,0.131579,0.157895,0.184211,0.210526,0.236842,0.263158,0.289474,0.315789,0.342105,0.368421,0.394737,0.421053,0.447368,0.473684,0.5,0.526316,0.552632,0.578947,0.605263,0.631579,0.657895,0.684211,0.710526,0.736842,0.763158,0.789474,0.815789,0.842105,0.868421,0.894737,0.921053,0.947368,0.973684,1,1,1,1,1,1,1,1,1,1,1,1,1,1,1,1,1,1,1,1,1,1,1,1,1,1,1,1,1,1,1,1,1,1,1,1,1,1,1,1,1
indst med and high temp fuel type shifting,glass and glass products 231,natural gas if,,0,0,0,0.026316,0.052632,0.078947,0.105263,0.131579,0.157895,0.184211,0.210526,0.236842,0.263158,0.289474,0.315789,0.342105,0.368421,0.394737,0.421053,0.447368,0.473684,0.5,0.526316,0.552632,0.578947,0.605263,0.631579,0.657895,0.684211,0.710526,0.736842,0.763158,0.789474,0.815789,0.842105,0.868421,0.894737,0.921053,0.947368,0.973684,1,1,1,1,1,1,1,1,1,1,1,1,1,1,1,1,1,1,1,1,1,1,1,1,1,1,1,1,1,1,1,1,1,1,1,1,1,1,1,1,1
indst med and high temp fuel type shifting,glass and glass products 231,biomass if,,0,0,0,0.026316,0.052632,0.078947,0.105263,0.131579,0.157895,0.184211,0.210526,0.236842,0.263158,0.289474,0.315789,0.342105,0.368421,0.394737,0.421053,0.447368,0.473684,0.5,0.526316,0.552632,0.578947,0.605263,0.631579,0.657895,0.684211,0.710526,0.736842,0.763158,0.789474,0.815789,0.842105,0.868421,0.894737,0.921053,0.947368,0.973684,1,1,1,1,1,1,1,1,1,1,1,1,1,1,1,1,1,1,1,1,1,1,1,1,1,1,1,1,1,1,1,1,1,1,1,1,1,1,1,1,1
indst med and high temp fuel type shifting,glass and glass products 231,petroleum diesel if,,0,0,0,0.026316,0.052632,0.078947,0.105263,0.131579,0.157895,0.184211,0.210526,0.236842,0.263158,0.289474,0.315789,0.342105,0.368421,0.394737,0.421053,0.447368,0.473684,0.5,0.526316,0.552632,0.578947,0.605263,0.631579,0.657895,0.684211,0.710526,0.736842,0.763158,0.789474,0.815789,0.842105,0.868421,0.894737,0.921053,0.947368,0.973684,1,1,1,1,1,1,1,1,1,1,1,1,1,1,1,1,1,1,1,1,1,1,1,1,1,1,1,1,1,1,1,1,1,1,1,1,1,1,1,1,1
indst med and high temp fuel type shifting,glass and glass products 231,heat if,,0,0,0,0.026316,0.052632,0.078947,0.105263,0.131579,0.157895,0.184211,0.210526,0.236842,0.263158,0.289474,0.315789,0.342105,0.368421,0.394737,0.421053,0.447368,0.473684,0.5,0.526316,0.552632,0.578947,0.605263,0.631579,0.657895,0.684211,0.710526,0.736842,0.763158,0.789474,0.815789,0.842105,0.868421,0.894737,0.921053,0.947368,0.973684,1,1,1,1,1,1,1,1,1,1,1,1,1,1,1,1,1,1,1,1,1,1,1,1,1,1,1,1,1,1,1,1,1,1,1,1,1,1,1,1,1
indst med and high temp fuel type shifting,glass and glass products 231,crude oil if,,0,0,0,0.026316,0.052632,0.078947,0.105263,0.131579,0.157895,0.184211,0.210526,0.236842,0.263158,0.289474,0.315789,0.342105,0.368421,0.394737,0.421053,0.447368,0.473684,0.5,0.526316,0.552632,0.578947,0.605263,0.631579,0.657895,0.684211,0.710526,0.736842,0.763158,0.789474,0.815789,0.842105,0.868421,0.894737,0.921053,0.947368,0.973684,1,1,1,1,1,1,1,1,1,1,1,1,1,1,1,1,1,1,1,1,1,1,1,1,1,1,1,1,1,1,1,1,1,1,1,1,1,1,1,1,1
indst med and high temp fuel type shifting,glass and glass products 231,heavy or residual fuel oil if,,0,0,0,0.026316,0.052632,0.078947,0.105263,0.131579,0.157895,0.184211,0.210526,0.236842,0.263158,0.289474,0.315789,0.342105,0.368421,0.394737,0.421053,0.447368,0.473684,0.5,0.526316,0.552632,0.578947,0.605263,0.631579,0.657895,0.684211,0.710526,0.736842,0.763158,0.789474,0.815789,0.842105,0.868421,0.894737,0.921053,0.947368,0.973684,1,1,1,1,1,1,1,1,1,1,1,1,1,1,1,1,1,1,1,1,1,1,1,1,1,1,1,1,1,1,1,1,1,1,1,1,1,1,1,1,1
indst med and high temp fuel type shifting,glass and glass products 231,LPG propane or butane if,,0,0,0,0.026316,0.052632,0.078947,0.105263,0.131579,0.157895,0.184211,0.210526,0.236842,0.263158,0.289474,0.315789,0.342105,0.368421,0.394737,0.421053,0.447368,0.473684,0.5,0.526316,0.552632,0.578947,0.605263,0.631579,0.657895,0.684211,0.710526,0.736842,0.763158,0.789474,0.815789,0.842105,0.868421,0.894737,0.921053,0.947368,0.973684,1,1,1,1,1,1,1,1,1,1,1,1,1,1,1,1,1,1,1,1,1,1,1,1,1,1,1,1,1,1,1,1,1,1,1,1,1,1,1,1,1
indst med and high temp fuel type shifting,glass and glass products 231,hydrogen if,,0,0,0,0.026316,0.052632,0.078947,0.105263,0.131579,0.157895,0.184211,0.210526,0.236842,0.263158,0.289474,0.315789,0.342105,0.368421,0.394737,0.421053,0.447368,0.473684,0.5,0.526316,0.552632,0.578947,0.605263,0.631579,0.657895,0.684211,0.710526,0.736842,0.763158,0.789474,0.815789,0.842105,0.868421,0.894737,0.921053,0.947368,0.973684,1,1,1,1,1,1,1,1,1,1,1,1,1,1,1,1,1,1,1,1,1,1,1,1,1,1,1,1,1,1,1,1,1,1,1,1,1,1,1,1,1
indst med and high temp fuel type shifting,cement and other nonmetallic minerals 239,electricity if,,0,0,0,0.026316,0.052632,0.078947,0.105263,0.131579,0.157895,0.184211,0.210526,0.236842,0.263158,0.289474,0.315789,0.342105,0.368421,0.394737,0.421053,0.447368,0.473684,0.5,0.526316,0.552632,0.578947,0.605263,0.631579,0.657895,0.684211,0.710526,0.736842,0.763158,0.789474,0.815789,0.842105,0.868421,0.894737,0.921053,0.947368,0.973684,1,1,1,1,1,1,1,1,1,1,1,1,1,1,1,1,1,1,1,1,1,1,1,1,1,1,1,1,1,1,1,1,1,1,1,1,1,1,1,1,1
indst med and high temp fuel type shifting,cement and other nonmetallic minerals 239,hard coal if,,0,0,0,0.026316,0.052632,0.078947,0.105263,0.131579,0.157895,0.184211,0.210526,0.236842,0.263158,0.289474,0.315789,0.342105,0.368421,0.394737,0.421053,0.447368,0.473684,0.5,0.526316,0.552632,0.578947,0.605263,0.631579,0.657895,0.684211,0.710526,0.736842,0.763158,0.789474,0.815789,0.842105,0.868421,0.894737,0.921053,0.947368,0.973684,1,1,1,1,1,1,1,1,1,1,1,1,1,1,1,1,1,1,1,1,1,1,1,1,1,1,1,1,1,1,1,1,1,1,1,1,1,1,1,1,1
indst med and high temp fuel type shifting,cement and other nonmetallic minerals 239,natural gas if,,0,0,0,0.026316,0.052632,0.078947,0.105263,0.131579,0.157895,0.184211,0.210526,0.236842,0.263158,0.289474,0.315789,0.342105,0.368421,0.394737,0.421053,0.447368,0.473684,0.5,0.526316,0.552632,0.578947,0.605263,0.631579,0.657895,0.684211,0.710526,0.736842,0.763158,0.789474,0.815789,0.842105,0.868421,0.894737,0.921053,0.947368,0.973684,1,1,1,1,1,1,1,1,1,1,1,1,1,1,1,1,1,1,1,1,1,1,1,1,1,1,1,1,1,1,1,1,1,1,1,1,1,1,1,1,1
indst med and high temp fuel type shifting,cement and other nonmetallic minerals 239,biomass if,,0,0,0,0.026316,0.052632,0.078947,0.105263,0.131579,0.157895,0.184211,0.210526,0.236842,0.263158,0.289474,0.315789,0.342105,0.368421,0.394737,0.421053,0.447368,0.473684,0.5,0.526316,0.552632,0.578947,0.605263,0.631579,0.657895,0.684211,0.710526,0.736842,0.763158,0.789474,0.815789,0.842105,0.868421,0.894737,0.921053,0.947368,0.973684,1,1,1,1,1,1,1,1,1,1,1,1,1,1,1,1,1,1,1,1,1,1,1,1,1,1,1,1,1,1,1,1,1,1,1,1,1,1,1,1,1
indst med and high temp fuel type shifting,cement and other nonmetallic minerals 239,petroleum diesel if,,0,0,0,0.026316,0.052632,0.078947,0.105263,0.131579,0.157895,0.184211,0.210526,0.236842,0.263158,0.289474,0.315789,0.342105,0.368421,0.394737,0.421053,0.447368,0.473684,0.5,0.526316,0.552632,0.578947,0.605263,0.631579,0.657895,0.684211,0.710526,0.736842,0.763158,0.789474,0.815789,0.842105,0.868421,0.894737,0.921053,0.947368,0.973684,1,1,1,1,1,1,1,1,1,1,1,1,1,1,1,1,1,1,1,1,1,1,1,1,1,1,1,1,1,1,1,1,1,1,1,1,1,1,1,1,1
indst med and high temp fuel type shifting,cement and other nonmetallic minerals 239,heat if,,0,0,0,0.026316,0.052632,0.078947,0.105263,0.131579,0.157895,0.184211,0.210526,0.236842,0.263158,0.289474,0.315789,0.342105,0.368421,0.394737,0.421053,0.447368,0.473684,0.5,0.526316,0.552632,0.578947,0.605263,0.631579,0.657895,0.684211,0.710526,0.736842,0.763158,0.789474,0.815789,0.842105,0.868421,0.894737,0.921053,0.947368,0.973684,1,1,1,1,1,1,1,1,1,1,1,1,1,1,1,1,1,1,1,1,1,1,1,1,1,1,1,1,1,1,1,1,1,1,1,1,1,1,1,1,1
indst med and high temp fuel type shifting,cement and other nonmetallic minerals 239,crude oil if,,0,0,0,0.026316,0.052632,0.078947,0.105263,0.131579,0.157895,0.184211,0.210526,0.236842,0.263158,0.289474,0.315789,0.342105,0.368421,0.394737,0.421053,0.447368,0.473684,0.5,0.526316,0.552632,0.578947,0.605263,0.631579,0.657895,0.684211,0.710526,0.736842,0.763158,0.789474,0.815789,0.842105,0.868421,0.894737,0.921053,0.947368,0.973684,1,1,1,1,1,1,1,1,1,1,1,1,1,1,1,1,1,1,1,1,1,1,1,1,1,1,1,1,1,1,1,1,1,1,1,1,1,1,1,1,1
indst med and high temp fuel type shifting,cement and other nonmetallic minerals 239,heavy or residual fuel oil if,,0,0,0,0.026316,0.052632,0.078947,0.105263,0.131579,0.157895,0.184211,0.210526,0.236842,0.263158,0.289474,0.315789,0.342105,0.368421,0.394737,0.421053,0.447368,0.473684,0.5,0.526316,0.552632,0.578947,0.605263,0.631579,0.657895,0.684211,0.710526,0.736842,0.763158,0.789474,0.815789,0.842105,0.868421,0.894737,0.921053,0.947368,0.973684,1,1,1,1,1,1,1,1,1,1,1,1,1,1,1,1,1,1,1,1,1,1,1,1,1,1,1,1,1,1,1,1,1,1,1,1,1,1,1,1,1
indst med and high temp fuel type shifting,cement and other nonmetallic minerals 239,LPG propane or butane if,,0,0,0,0.026316,0.052632,0.078947,0.105263,0.131579,0.157895,0.184211,0.210526,0.236842,0.263158,0.289474,0.315789,0.342105,0.368421,0.394737,0.421053,0.447368,0.473684,0.5,0.526316,0.552632,0.578947,0.605263,0.631579,0.657895,0.684211,0.710526,0.736842,0.763158,0.789474,0.815789,0.842105,0.868421,0.894737,0.921053,0.947368,0.973684,1,1,1,1,1,1,1,1,1,1,1,1,1,1,1,1,1,1,1,1,1,1,1,1,1,1,1,1,1,1,1,1,1,1,1,1,1,1,1,1,1
indst med and high temp fuel type shifting,cement and other nonmetallic minerals 239,hydrogen if,,0,0,0,0.026316,0.052632,0.078947,0.105263,0.131579,0.157895,0.184211,0.210526,0.236842,0.263158,0.289474,0.315789,0.342105,0.368421,0.394737,0.421053,0.447368,0.473684,0.5,0.526316,0.552632,0.578947,0.605263,0.631579,0.657895,0.684211,0.710526,0.736842,0.763158,0.789474,0.815789,0.842105,0.868421,0.894737,0.921053,0.947368,0.973684,1,1,1,1,1,1,1,1,1,1,1,1,1,1,1,1,1,1,1,1,1,1,1,1,1,1,1,1,1,1,1,1,1,1,1,1,1,1,1,1,1
indst med and high temp fuel type shifting,iron and steel 241,electricity if,,0,0,0,0.026316,0.052632,0.078947,0.105263,0.131579,0.157895,0.184211,0.210526,0.236842,0.263158,0.289474,0.315789,0.342105,0.368421,0.394737,0.421053,0.447368,0.473684,0.5,0.526316,0.552632,0.578947,0.605263,0.631579,0.657895,0.684211,0.710526,0.736842,0.763158,0.789474,0.815789,0.842105,0.868421,0.894737,0.921053,0.947368,0.973684,1,1,1,1,1,1,1,1,1,1,1,1,1,1,1,1,1,1,1,1,1,1,1,1,1,1,1,1,1,1,1,1,1,1,1,1,1,1,1,1,1
indst med and high temp fuel type shifting,iron and steel 241,hard coal if,,0,0,0,0.026316,0.052632,0.078947,0.105263,0.131579,0.157895,0.184211,0.210526,0.236842,0.263158,0.289474,0.315789,0.342105,0.368421,0.394737,0.421053,0.447368,0.473684,0.5,0.526316,0.552632,0.578947,0.605263,0.631579,0.657895,0.684211,0.710526,0.736842,0.763158,0.789474,0.815789,0.842105,0.868421,0.894737,0.921053,0.947368,0.973684,1,1,1,1,1,1,1,1,1,1,1,1,1,1,1,1,1,1,1,1,1,1,1,1,1,1,1,1,1,1,1,1,1,1,1,1,1,1,1,1,1
indst med and high temp fuel type shifting,iron and steel 241,natural gas if,,0,0,0,0.026316,0.052632,0.078947,0.105263,0.131579,0.157895,0.184211,0.210526,0.236842,0.263158,0.289474,0.315789,0.342105,0.368421,0.394737,0.421053,0.447368,0.473684,0.5,0.526316,0.552632,0.578947,0.605263,0.631579,0.657895,0.684211,0.710526,0.736842,0.763158,0.789474,0.815789,0.842105,0.868421,0.894737,0.921053,0.947368,0.973684,1,1,1,1,1,1,1,1,1,1,1,1,1,1,1,1,1,1,1,1,1,1,1,1,1,1,1,1,1,1,1,1,1,1,1,1,1,1,1,1,1
indst med and high temp fuel type shifting,iron and steel 241,biomass if,,0,0,0,0.026316,0.052632,0.078947,0.105263,0.131579,0.157895,0.184211,0.210526,0.236842,0.263158,0.289474,0.315789,0.342105,0.368421,0.394737,0.421053,0.447368,0.473684,0.5,0.526316,0.552632,0.578947,0.605263,0.631579,0.657895,0.684211,0.710526,0.736842,0.763158,0.789474,0.815789,0.842105,0.868421,0.894737,0.921053,0.947368,0.973684,1,1,1,1,1,1,1,1,1,1,1,1,1,1,1,1,1,1,1,1,1,1,1,1,1,1,1,1,1,1,1,1,1,1,1,1,1,1,1,1,1
indst med and high temp fuel type shifting,iron and steel 241,petroleum diesel if,,0,0,0,0.026316,0.052632,0.078947,0.105263,0.131579,0.157895,0.184211,0.210526,0.236842,0.263158,0.289474,0.315789,0.342105,0.368421,0.394737,0.421053,0.447368,0.473684,0.5,0.526316,0.552632,0.578947,0.605263,0.631579,0.657895,0.684211,0.710526,0.736842,0.763158,0.789474,0.815789,0.842105,0.868421,0.894737,0.921053,0.947368,0.973684,1,1,1,1,1,1,1,1,1,1,1,1,1,1,1,1,1,1,1,1,1,1,1,1,1,1,1,1,1,1,1,1,1,1,1,1,1,1,1,1,1
indst med and high temp fuel type shifting,iron and steel 241,heat if,,0,0,0,0.026316,0.052632,0.078947,0.105263,0.131579,0.157895,0.184211,0.210526,0.236842,0.263158,0.289474,0.315789,0.342105,0.368421,0.394737,0.421053,0.447368,0.473684,0.5,0.526316,0.552632,0.578947,0.605263,0.631579,0.657895,0.684211,0.710526,0.736842,0.763158,0.789474,0.815789,0.842105,0.868421,0.894737,0.921053,0.947368,0.973684,1,1,1,1,1,1,1,1,1,1,1,1,1,1,1,1,1,1,1,1,1,1,1,1,1,1,1,1,1,1,1,1,1,1,1,1,1,1,1,1,1
indst med and high temp fuel type shifting,iron and steel 241,crude oil if,,0,0,0,0.026316,0.052632,0.078947,0.105263,0.131579,0.157895,0.184211,0.210526,0.236842,0.263158,0.289474,0.315789,0.342105,0.368421,0.394737,0.421053,0.447368,0.473684,0.5,0.526316,0.552632,0.578947,0.605263,0.631579,0.657895,0.684211,0.710526,0.736842,0.763158,0.789474,0.815789,0.842105,0.868421,0.894737,0.921053,0.947368,0.973684,1,1,1,1,1,1,1,1,1,1,1,1,1,1,1,1,1,1,1,1,1,1,1,1,1,1,1,1,1,1,1,1,1,1,1,1,1,1,1,1,1
indst med and high temp fuel type shifting,iron and steel 241,heavy or residual fuel oil if,,0,0,0,0.026316,0.052632,0.078947,0.105263,0.131579,0.157895,0.184211,0.210526,0.236842,0.263158,0.289474,0.315789,0.342105,0.368421,0.394737,0.421053,0.447368,0.473684,0.5,0.526316,0.552632,0.578947,0.605263,0.631579,0.657895,0.684211,0.710526,0.736842,0.763158,0.789474,0.815789,0.842105,0.868421,0.894737,0.921053,0.947368,0.973684,1,1,1,1,1,1,1,1,1,1,1,1,1,1,1,1,1,1,1,1,1,1,1,1,1,1,1,1,1,1,1,1,1,1,1,1,1,1,1,1,1
indst med and high temp fuel type shifting,iron and steel 241,LPG propane or butane if,,0,0,0,0.026316,0.052632,0.078947,0.105263,0.131579,0.157895,0.184211,0.210526,0.236842,0.263158,0.289474,0.315789,0.342105,0.368421,0.394737,0.421053,0.447368,0.473684,0.5,0.526316,0.552632,0.578947,0.605263,0.631579,0.657895,0.684211,0.710526,0.736842,0.763158,0.789474,0.815789,0.842105,0.868421,0.894737,0.921053,0.947368,0.973684,1,1,1,1,1,1,1,1,1,1,1,1,1,1,1,1,1,1,1,1,1,1,1,1,1,1,1,1,1,1,1,1,1,1,1,1,1,1,1,1,1
indst med and high temp fuel type shifting,iron and steel 241,hydrogen if,,0,0,0,0.026316,0.052632,0.078947,0.105263,0.131579,0.157895,0.184211,0.210526,0.236842,0.263158,0.289474,0.315789,0.342105,0.368421,0.394737,0.421053,0.447368,0.473684,0.5,0.526316,0.552632,0.578947,0.605263,0.631579,0.657895,0.684211,0.710526,0.736842,0.763158,0.789474,0.815789,0.842105,0.868421,0.894737,0.921053,0.947368,0.973684,1,1,1,1,1,1,1,1,1,1,1,1,1,1,1,1,1,1,1,1,1,1,1,1,1,1,1,1,1,1,1,1,1,1,1,1,1,1,1,1,1
indst med and high temp fuel type shifting,other metals 242,electricity if,,0,0,0,0.026316,0.052632,0.078947,0.105263,0.131579,0.157895,0.184211,0.210526,0.236842,0.263158,0.289474,0.315789,0.342105,0.368421,0.394737,0.421053,0.447368,0.473684,0.5,0.526316,0.552632,0.578947,0.605263,0.631579,0.657895,0.684211,0.710526,0.736842,0.763158,0.789474,0.815789,0.842105,0.868421,0.894737,0.921053,0.947368,0.973684,1,1,1,1,1,1,1,1,1,1,1,1,1,1,1,1,1,1,1,1,1,1,1,1,1,1,1,1,1,1,1,1,1,1,1,1,1,1,1,1,1
indst med and high temp fuel type shifting,other metals 242,hard coal if,,0,0,0,0.026316,0.052632,0.078947,0.105263,0.131579,0.157895,0.184211,0.210526,0.236842,0.263158,0.289474,0.315789,0.342105,0.368421,0.394737,0.421053,0.447368,0.473684,0.5,0.526316,0.552632,0.578947,0.605263,0.631579,0.657895,0.684211,0.710526,0.736842,0.763158,0.789474,0.815789,0.842105,0.868421,0.894737,0.921053,0.947368,0.973684,1,1,1,1,1,1,1,1,1,1,1,1,1,1,1,1,1,1,1,1,1,1,1,1,1,1,1,1,1,1,1,1,1,1,1,1,1,1,1,1,1
indst med and high temp fuel type shifting,other metals 242,natural gas if,,0,0,0,0.026316,0.052632,0.078947,0.105263,0.131579,0.157895,0.184211,0.210526,0.236842,0.263158,0.289474,0.315789,0.342105,0.368421,0.394737,0.421053,0.447368,0.473684,0.5,0.526316,0.552632,0.578947,0.605263,0.631579,0.657895,0.684211,0.710526,0.736842,0.763158,0.789474,0.815789,0.842105,0.868421,0.894737,0.921053,0.947368,0.973684,1,1,1,1,1,1,1,1,1,1,1,1,1,1,1,1,1,1,1,1,1,1,1,1,1,1,1,1,1,1,1,1,1,1,1,1,1,1,1,1,1
indst med and high temp fuel type shifting,other metals 242,biomass if,,0,0,0,0.026316,0.052632,0.078947,0.105263,0.131579,0.157895,0.184211,0.210526,0.236842,0.263158,0.289474,0.315789,0.342105,0.368421,0.394737,0.421053,0.447368,0.473684,0.5,0.526316,0.552632,0.578947,0.605263,0.631579,0.657895,0.684211,0.710526,0.736842,0.763158,0.789474,0.815789,0.842105,0.868421,0.894737,0.921053,0.947368,0.973684,1,1,1,1,1,1,1,1,1,1,1,1,1,1,1,1,1,1,1,1,1,1,1,1,1,1,1,1,1,1,1,1,1,1,1,1,1,1,1,1,1
indst med and high temp fuel type shifting,other metals 242,petroleum diesel if,,0,0,0,0.026316,0.052632,0.078947,0.105263,0.131579,0.157895,0.184211,0.210526,0.236842,0.263158,0.289474,0.315789,0.342105,0.368421,0.394737,0.421053,0.447368,0.473684,0.5,0.526316,0.552632,0.578947,0.605263,0.631579,0.657895,0.684211,0.710526,0.736842,0.763158,0.789474,0.815789,0.842105,0.868421,0.894737,0.921053,0.947368,0.973684,1,1,1,1,1,1,1,1,1,1,1,1,1,1,1,1,1,1,1,1,1,1,1,1,1,1,1,1,1,1,1,1,1,1,1,1,1,1,1,1,1
indst med and high temp fuel type shifting,other metals 242,heat if,,0,0,0,0.026316,0.052632,0.078947,0.105263,0.131579,0.157895,0.184211,0.210526,0.236842,0.263158,0.289474,0.315789,0.342105,0.368421,0.394737,0.421053,0.447368,0.473684,0.5,0.526316,0.552632,0.578947,0.605263,0.631579,0.657895,0.684211,0.710526,0.736842,0.763158,0.789474,0.815789,0.842105,0.868421,0.894737,0.921053,0.947368,0.973684,1,1,1,1,1,1,1,1,1,1,1,1,1,1,1,1,1,1,1,1,1,1,1,1,1,1,1,1,1,1,1,1,1,1,1,1,1,1,1,1,1
indst med and high temp fuel type shifting,other metals 242,crude oil if,,0,0,0,0.026316,0.052632,0.078947,0.105263,0.131579,0.157895,0.184211,0.210526,0.236842,0.263158,0.289474,0.315789,0.342105,0.368421,0.394737,0.421053,0.447368,0.473684,0.5,0.526316,0.552632,0.578947,0.605263,0.631579,0.657895,0.684211,0.710526,0.736842,0.763158,0.789474,0.815789,0.842105,0.868421,0.894737,0.921053,0.947368,0.973684,1,1,1,1,1,1,1,1,1,1,1,1,1,1,1,1,1,1,1,1,1,1,1,1,1,1,1,1,1,1,1,1,1,1,1,1,1,1,1,1,1
indst med and high temp fuel type shifting,other metals 242,heavy or residual fuel oil if,,0,0,0,0.026316,0.052632,0.078947,0.105263,0.131579,0.157895,0.184211,0.210526,0.236842,0.263158,0.289474,0.315789,0.342105,0.368421,0.394737,0.421053,0.447368,0.473684,0.5,0.526316,0.552632,0.578947,0.605263,0.631579,0.657895,0.684211,0.710526,0.736842,0.763158,0.789474,0.815789,0.842105,0.868421,0.894737,0.921053,0.947368,0.973684,1,1,1,1,1,1,1,1,1,1,1,1,1,1,1,1,1,1,1,1,1,1,1,1,1,1,1,1,1,1,1,1,1,1,1,1,1,1,1,1,1
indst med and high temp fuel type shifting,other metals 242,LPG propane or butane if,,0,0,0,0.026316,0.052632,0.078947,0.105263,0.131579,0.157895,0.184211,0.210526,0.236842,0.263158,0.289474,0.315789,0.342105,0.368421,0.394737,0.421053,0.447368,0.473684,0.5,0.526316,0.552632,0.578947,0.605263,0.631579,0.657895,0.684211,0.710526,0.736842,0.763158,0.789474,0.815789,0.842105,0.868421,0.894737,0.921053,0.947368,0.973684,1,1,1,1,1,1,1,1,1,1,1,1,1,1,1,1,1,1,1,1,1,1,1,1,1,1,1,1,1,1,1,1,1,1,1,1,1,1,1,1,1
indst med and high temp fuel type shifting,other metals 242,hydrogen if,,0,0,0,0.026316,0.052632,0.078947,0.105263,0.131579,0.157895,0.184211,0.210526,0.236842,0.263158,0.289474,0.315789,0.342105,0.368421,0.394737,0.421053,0.447368,0.473684,0.5,0.526316,0.552632,0.578947,0.605263,0.631579,0.657895,0.684211,0.710526,0.736842,0.763158,0.789474,0.815789,0.842105,0.868421,0.894737,0.921053,0.947368,0.973684,1,1,1,1,1,1,1,1,1,1,1,1,1,1,1,1,1,1,1,1,1,1,1,1,1,1,1,1,1,1,1,1,1,1,1,1,1,1,1,1,1
indst med and high temp fuel type shifting,metal products except machinery and vehicles 25,electricity if,,0,0,0,0.026316,0.052631,0.078947,0.105263,0.131579,0.157894,0.18421,0.210526,0.308421,0.406316,0.50421,0.602105,0.7,0.712,0.724,0.736,0.748,0.76,0.772,0.784,0.796,0.808,0.82,0.832,0.844,0.856,0.868,0.88,0.892,0.904,0.916,0.928,0.94,0.952,0.964,0.976,0.988,1,1,1,1,1,1,1,1,1,1,1,1,1,1,1,1,1,1,1,1,1,1,1,1,1,1,1,1,1,1,1,1,1,1,1,1,1,1,1,1,1
indst med and high temp fuel type shifting,metal products except machinery and vehicles 25,hard coal if,,0,0,0,0.026316,0.052632,0.078947,0.105263,0.131579,0.157895,0.184211,0.210526,0.236842,0.263158,0.289474,0.315789,0.342105,0.368421,0.394737,0.421053,0.447368,0.473684,0.5,0.526316,0.552632,0.578947,0.605263,0.631579,0.657895,0.684211,0.710526,0.736842,0.763158,0.789474,0.815789,0.842105,0.868421,0.894737,0.921053,0.947368,0.973684,1,1,1,1,1,1,1,1,1,1,1,1,1,1,1,1,1,1,1,1,1,1,1,1,1,1,1,1,1,1,1,1,1,1,1,1,1,1,1,1,1
indst med and high temp fuel type shifting,metal products except machinery and vehicles 25,natural gas if,,0,0,0,0.026316,0.052632,0.078947,0.105263,0.131579,0.157895,0.184211,0.210526,0.236842,0.263158,0.289474,0.315789,0.342105,0.368421,0.394737,0.421053,0.447368,0.473684,0.5,0.526316,0.552632,0.578947,0.605263,0.631579,0.657895,0.684211,0.710526,0.736842,0.763158,0.789474,0.815789,0.842105,0.868421,0.894737,0.921053,0.947368,0.973684,1,1,1,1,1,1,1,1,1,1,1,1,1,1,1,1,1,1,1,1,1,1,1,1,1,1,1,1,1,1,1,1,1,1,1,1,1,1,1,1,1
indst med and high temp fuel type shifting,metal products except machinery and vehicles 25,biomass if,,0,0,0,0.026316,0.052632,0.078947,0.105263,0.131579,0.157895,0.184211,0.210526,0.236842,0.263158,0.289474,0.315789,0.342105,0.368421,0.394737,0.421053,0.447368,0.473684,0.5,0.526316,0.552632,0.578947,0.605263,0.631579,0.657895,0.684211,0.710526,0.736842,0.763158,0.789474,0.815789,0.842105,0.868421,0.894737,0.921053,0.947368,0.973684,1,1,1,1,1,1,1,1,1,1,1,1,1,1,1,1,1,1,1,1,1,1,1,1,1,1,1,1,1,1,1,1,1,1,1,1,1,1,1,1,1
indst med and high temp fuel type shifting,metal products except machinery and vehicles 25,petroleum diesel if,,0,0,0,0.026316,0.052632,0.078947,0.105263,0.131579,0.157895,0.184211,0.210526,0.236842,0.263158,0.289474,0.315789,0.342105,0.368421,0.394737,0.421053,0.447368,0.473684,0.5,0.526316,0.552632,0.578947,0.605263,0.631579,0.657895,0.684211,0.710526,0.736842,0.763158,0.789474,0.815789,0.842105,0.868421,0.894737,0.921053,0.947368,0.973684,1,1,1,1,1,1,1,1,1,1,1,1,1,1,1,1,1,1,1,1,1,1,1,1,1,1,1,1,1,1,1,1,1,1,1,1,1,1,1,1,1
indst med and high temp fuel type shifting,metal products except machinery and vehicles 25,heat if,,0,0,0,0.026316,0.052632,0.078947,0.105263,0.131579,0.157895,0.184211,0.210526,0.236842,0.263158,0.289474,0.315789,0.342105,0.368421,0.394737,0.421053,0.447368,0.473684,0.5,0.526316,0.552632,0.578947,0.605263,0.631579,0.657895,0.684211,0.710526,0.736842,0.763158,0.789474,0.815789,0.842105,0.868421,0.894737,0.921053,0.947368,0.973684,1,1,1,1,1,1,1,1,1,1,1,1,1,1,1,1,1,1,1,1,1,1,1,1,1,1,1,1,1,1,1,1,1,1,1,1,1,1,1,1,1
indst med and high temp fuel type shifting,metal products except machinery and vehicles 25,crude oil if,,0,0,0,0.026316,0.052632,0.078947,0.105263,0.131579,0.157895,0.184211,0.210526,0.236842,0.263158,0.289474,0.315789,0.342105,0.368421,0.394737,0.421053,0.447368,0.473684,0.5,0.526316,0.552632,0.578947,0.605263,0.631579,0.657895,0.684211,0.710526,0.736842,0.763158,0.789474,0.815789,0.842105,0.868421,0.894737,0.921053,0.947368,0.973684,1,1,1,1,1,1,1,1,1,1,1,1,1,1,1,1,1,1,1,1,1,1,1,1,1,1,1,1,1,1,1,1,1,1,1,1,1,1,1,1,1
indst med and high temp fuel type shifting,metal products except machinery and vehicles 25,heavy or residual fuel oil if,,0,0,0,0.026316,0.052632,0.078947,0.105263,0.131579,0.157895,0.184211,0.210526,0.236842,0.263158,0.289474,0.315789,0.342105,0.368421,0.394737,0.421053,0.447368,0.473684,0.5,0.526316,0.552632,0.578947,0.605263,0.631579,0.657895,0.684211,0.710526,0.736842,0.763158,0.789474,0.815789,0.842105,0.868421,0.894737,0.921053,0.947368,0.973684,1,1,1,1,1,1,1,1,1,1,1,1,1,1,1,1,1,1,1,1,1,1,1,1,1,1,1,1,1,1,1,1,1,1,1,1,1,1,1,1,1
indst med and high temp fuel type shifting,metal products except machinery and vehicles 25,LPG propane or butane if,,0,0,0,0.026316,0.052632,0.078947,0.105263,0.131579,0.157895,0.184211,0.210526,0.236842,0.263158,0.289474,0.315789,0.342105,0.368421,0.394737,0.421053,0.447368,0.473684,0.5,0.526316,0.552632,0.578947,0.605263,0.631579,0.657895,0.684211,0.710526,0.736842,0.763158,0.789474,0.815789,0.842105,0.868421,0.894737,0.921053,0.947368,0.973684,1,1,1,1,1,1,1,1,1,1,1,1,1,1,1,1,1,1,1,1,1,1,1,1,1,1,1,1,1,1,1,1,1,1,1,1,1,1,1,1,1
indst med and high temp fuel type shifting,metal products except machinery and vehicles 25,hydrogen if,,0,0,0,0.026316,0.052632,0.078947,0.105263,0.131579,0.157895,0.184211,0.210526,0.236842,0.263158,0.289474,0.315789,0.342105,0.368421,0.394737,0.421053,0.447368,0.473684,0.5,0.526316,0.552632,0.578947,0.605263,0.631579,0.657895,0.684211,0.710526,0.736842,0.763158,0.789474,0.815789,0.842105,0.868421,0.894737,0.921053,0.947368,0.973684,1,1,1,1,1,1,1,1,1,1,1,1,1,1,1,1,1,1,1,1,1,1,1,1,1,1,1,1,1,1,1,1,1,1,1,1,1,1,1,1,1
indst med and high temp fuel type shifting,computers and electronics 26,electricity if,,0,0,0,0.026316,0.052631,0.078947,0.105263,0.131579,0.157894,0.18421,0.210526,0.308421,0.406316,0.50421,0.602105,0.7,0.712,0.724,0.736,0.748,0.76,0.772,0.784,0.796,0.808,0.82,0.832,0.844,0.856,0.868,0.88,0.892,0.904,0.916,0.928,0.94,0.952,0.964,0.976,0.988,1,1,1,1,1,1,1,1,1,1,1,1,1,1,1,1,1,1,1,1,1,1,1,1,1,1,1,1,1,1,1,1,1,1,1,1,1,1,1,1,1
indst med and high temp fuel type shifting,computers and electronics 26,hard coal if,,0,0,0,0.026316,0.052632,0.078947,0.105263,0.131579,0.157895,0.184211,0.210526,0.236842,0.263158,0.289474,0.315789,0.342105,0.368421,0.394737,0.421053,0.447368,0.473684,0.5,0.526316,0.552632,0.578947,0.605263,0.631579,0.657895,0.684211,0.710526,0.736842,0.763158,0.789474,0.815789,0.842105,0.868421,0.894737,0.921053,0.947368,0.973684,1,1,1,1,1,1,1,1,1,1,1,1,1,1,1,1,1,1,1,1,1,1,1,1,1,1,1,1,1,1,1,1,1,1,1,1,1,1,1,1,1
indst med and high temp fuel type shifting,computers and electronics 26,natural gas if,,0,0,0,0.026316,0.052632,0.078947,0.105263,0.131579,0.157895,0.184211,0.210526,0.236842,0.263158,0.289474,0.315789,0.342105,0.368421,0.394737,0.421053,0.447368,0.473684,0.5,0.526316,0.552632,0.578947,0.605263,0.631579,0.657895,0.684211,0.710526,0.736842,0.763158,0.789474,0.815789,0.842105,0.868421,0.894737,0.921053,0.947368,0.973684,1,1,1,1,1,1,1,1,1,1,1,1,1,1,1,1,1,1,1,1,1,1,1,1,1,1,1,1,1,1,1,1,1,1,1,1,1,1,1,1,1
indst med and high temp fuel type shifting,computers and electronics 26,biomass if,,0,0,0,0.026316,0.052632,0.078947,0.105263,0.131579,0.157895,0.184211,0.210526,0.236842,0.263158,0.289474,0.315789,0.342105,0.368421,0.394737,0.421053,0.447368,0.473684,0.5,0.526316,0.552632,0.578947,0.605263,0.631579,0.657895,0.684211,0.710526,0.736842,0.763158,0.789474,0.815789,0.842105,0.868421,0.894737,0.921053,0.947368,0.973684,1,1,1,1,1,1,1,1,1,1,1,1,1,1,1,1,1,1,1,1,1,1,1,1,1,1,1,1,1,1,1,1,1,1,1,1,1,1,1,1,1
indst med and high temp fuel type shifting,computers and electronics 26,petroleum diesel if,,0,0,0,0.026316,0.052632,0.078947,0.105263,0.131579,0.157895,0.184211,0.210526,0.236842,0.263158,0.289474,0.315789,0.342105,0.368421,0.394737,0.421053,0.447368,0.473684,0.5,0.526316,0.552632,0.578947,0.605263,0.631579,0.657895,0.684211,0.710526,0.736842,0.763158,0.789474,0.815789,0.842105,0.868421,0.894737,0.921053,0.947368,0.973684,1,1,1,1,1,1,1,1,1,1,1,1,1,1,1,1,1,1,1,1,1,1,1,1,1,1,1,1,1,1,1,1,1,1,1,1,1,1,1,1,1
indst med and high temp fuel type shifting,computers and electronics 26,heat if,,0,0,0,0.026316,0.052632,0.078947,0.105263,0.131579,0.157895,0.184211,0.210526,0.236842,0.263158,0.289474,0.315789,0.342105,0.368421,0.394737,0.421053,0.447368,0.473684,0.5,0.526316,0.552632,0.578947,0.605263,0.631579,0.657895,0.684211,0.710526,0.736842,0.763158,0.789474,0.815789,0.842105,0.868421,0.894737,0.921053,0.947368,0.973684,1,1,1,1,1,1,1,1,1,1,1,1,1,1,1,1,1,1,1,1,1,1,1,1,1,1,1,1,1,1,1,1,1,1,1,1,1,1,1,1,1
indst med and high temp fuel type shifting,computers and electronics 26,crude oil if,,0,0,0,0.026316,0.052632,0.078947,0.105263,0.131579,0.157895,0.184211,0.210526,0.236842,0.263158,0.289474,0.315789,0.342105,0.368421,0.394737,0.421053,0.447368,0.473684,0.5,0.526316,0.552632,0.578947,0.605263,0.631579,0.657895,0.684211,0.710526,0.736842,0.763158,0.789474,0.815789,0.842105,0.868421,0.894737,0.921053,0.947368,0.973684,1,1,1,1,1,1,1,1,1,1,1,1,1,1,1,1,1,1,1,1,1,1,1,1,1,1,1,1,1,1,1,1,1,1,1,1,1,1,1,1,1
indst med and high temp fuel type shifting,computers and electronics 26,heavy or residual fuel oil if,,0,0,0,0.026316,0.052632,0.078947,0.105263,0.131579,0.157895,0.184211,0.210526,0.236842,0.263158,0.289474,0.315789,0.342105,0.368421,0.394737,0.421053,0.447368,0.473684,0.5,0.526316,0.552632,0.578947,0.605263,0.631579,0.657895,0.684211,0.710526,0.736842,0.763158,0.789474,0.815789,0.842105,0.868421,0.894737,0.921053,0.947368,0.973684,1,1,1,1,1,1,1,1,1,1,1,1,1,1,1,1,1,1,1,1,1,1,1,1,1,1,1,1,1,1,1,1,1,1,1,1,1,1,1,1,1
indst med and high temp fuel type shifting,computers and electronics 26,LPG propane or butane if,,0,0,0,0.026316,0.052632,0.078947,0.105263,0.131579,0.157895,0.184211,0.210526,0.236842,0.263158,0.289474,0.315789,0.342105,0.368421,0.394737,0.421053,0.447368,0.473684,0.5,0.526316,0.552632,0.578947,0.605263,0.631579,0.657895,0.684211,0.710526,0.736842,0.763158,0.789474,0.815789,0.842105,0.868421,0.894737,0.921053,0.947368,0.973684,1,1,1,1,1,1,1,1,1,1,1,1,1,1,1,1,1,1,1,1,1,1,1,1,1,1,1,1,1,1,1,1,1,1,1,1,1,1,1,1,1
indst med and high temp fuel type shifting,computers and electronics 26,hydrogen if,,0,0,0,0.026316,0.052632,0.078947,0.105263,0.131579,0.157895,0.184211,0.210526,0.236842,0.263158,0.289474,0.315789,0.342105,0.368421,0.394737,0.421053,0.447368,0.473684,0.5,0.526316,0.552632,0.578947,0.605263,0.631579,0.657895,0.684211,0.710526,0.736842,0.763158,0.789474,0.815789,0.842105,0.868421,0.894737,0.921053,0.947368,0.973684,1,1,1,1,1,1,1,1,1,1,1,1,1,1,1,1,1,1,1,1,1,1,1,1,1,1,1,1,1,1,1,1,1,1,1,1,1,1,1,1,1
indst med and high temp fuel type shifting,appliances and electrical equipment 27,electricity if,,0,0,0,0.026316,0.052631,0.078947,0.105263,0.131579,0.157894,0.18421,0.210526,0.308421,0.406316,0.50421,0.602105,0.7,0.712,0.724,0.736,0.748,0.76,0.772,0.784,0.796,0.808,0.82,0.832,0.844,0.856,0.868,0.88,0.892,0.904,0.916,0.928,0.94,0.952,0.964,0.976,0.988,1,1,1,1,1,1,1,1,1,1,1,1,1,1,1,1,1,1,1,1,1,1,1,1,1,1,1,1,1,1,1,1,1,1,1,1,1,1,1,1,1
indst med and high temp fuel type shifting,appliances and electrical equipment 27,hard coal if,,0,0,0,0.026316,0.052632,0.078947,0.105263,0.131579,0.157895,0.184211,0.210526,0.236842,0.263158,0.289474,0.315789,0.342105,0.368421,0.394737,0.421053,0.447368,0.473684,0.5,0.526316,0.552632,0.578947,0.605263,0.631579,0.657895,0.684211,0.710526,0.736842,0.763158,0.789474,0.815789,0.842105,0.868421,0.894737,0.921053,0.947368,0.973684,1,1,1,1,1,1,1,1,1,1,1,1,1,1,1,1,1,1,1,1,1,1,1,1,1,1,1,1,1,1,1,1,1,1,1,1,1,1,1,1,1
indst med and high temp fuel type shifting,appliances and electrical equipment 27,natural gas if,,0,0,0,0.026316,0.052632,0.078947,0.105263,0.131579,0.157895,0.184211,0.210526,0.236842,0.263158,0.289474,0.315789,0.342105,0.368421,0.394737,0.421053,0.447368,0.473684,0.5,0.526316,0.552632,0.578947,0.605263,0.631579,0.657895,0.684211,0.710526,0.736842,0.763158,0.789474,0.815789,0.842105,0.868421,0.894737,0.921053,0.947368,0.973684,1,1,1,1,1,1,1,1,1,1,1,1,1,1,1,1,1,1,1,1,1,1,1,1,1,1,1,1,1,1,1,1,1,1,1,1,1,1,1,1,1
indst med and high temp fuel type shifting,appliances and electrical equipment 27,biomass if,,0,0,0,0.026316,0.052632,0.078947,0.105263,0.131579,0.157895,0.184211,0.210526,0.236842,0.263158,0.289474,0.315789,0.342105,0.368421,0.394737,0.421053,0.447368,0.473684,0.5,0.526316,0.552632,0.578947,0.605263,0.631579,0.657895,0.684211,0.710526,0.736842,0.763158,0.789474,0.815789,0.842105,0.868421,0.894737,0.921053,0.947368,0.973684,1,1,1,1,1,1,1,1,1,1,1,1,1,1,1,1,1,1,1,1,1,1,1,1,1,1,1,1,1,1,1,1,1,1,1,1,1,1,1,1,1
indst med and high temp fuel type shifting,appliances and electrical equipment 27,petroleum diesel if,,0,0,0,0.026316,0.052632,0.078947,0.105263,0.131579,0.157895,0.184211,0.210526,0.236842,0.263158,0.289474,0.315789,0.342105,0.368421,0.394737,0.421053,0.447368,0.473684,0.5,0.526316,0.552632,0.578947,0.605263,0.631579,0.657895,0.684211,0.710526,0.736842,0.763158,0.789474,0.815789,0.842105,0.868421,0.894737,0.921053,0.947368,0.973684,1,1,1,1,1,1,1,1,1,1,1,1,1,1,1,1,1,1,1,1,1,1,1,1,1,1,1,1,1,1,1,1,1,1,1,1,1,1,1,1,1
indst med and high temp fuel type shifting,appliances and electrical equipment 27,heat if,,0,0,0,0.026316,0.052632,0.078947,0.105263,0.131579,0.157895,0.184211,0.210526,0.236842,0.263158,0.289474,0.315789,0.342105,0.368421,0.394737,0.421053,0.447368,0.473684,0.5,0.526316,0.552632,0.578947,0.605263,0.631579,0.657895,0.684211,0.710526,0.736842,0.763158,0.789474,0.815789,0.842105,0.868421,0.894737,0.921053,0.947368,0.973684,1,1,1,1,1,1,1,1,1,1,1,1,1,1,1,1,1,1,1,1,1,1,1,1,1,1,1,1,1,1,1,1,1,1,1,1,1,1,1,1,1
indst med and high temp fuel type shifting,appliances and electrical equipment 27,crude oil if,,0,0,0,0.026316,0.052632,0.078947,0.105263,0.131579,0.157895,0.184211,0.210526,0.236842,0.263158,0.289474,0.315789,0.342105,0.368421,0.394737,0.421053,0.447368,0.473684,0.5,0.526316,0.552632,0.578947,0.605263,0.631579,0.657895,0.684211,0.710526,0.736842,0.763158,0.789474,0.815789,0.842105,0.868421,0.894737,0.921053,0.947368,0.973684,1,1,1,1,1,1,1,1,1,1,1,1,1,1,1,1,1,1,1,1,1,1,1,1,1,1,1,1,1,1,1,1,1,1,1,1,1,1,1,1,1
indst med and high temp fuel type shifting,appliances and electrical equipment 27,heavy or residual fuel oil if,,0,0,0,0.026316,0.052632,0.078947,0.105263,0.131579,0.157895,0.184211,0.210526,0.236842,0.263158,0.289474,0.315789,0.342105,0.368421,0.394737,0.421053,0.447368,0.473684,0.5,0.526316,0.552632,0.578947,0.605263,0.631579,0.657895,0.684211,0.710526,0.736842,0.763158,0.789474,0.815789,0.842105,0.868421,0.894737,0.921053,0.947368,0.973684,1,1,1,1,1,1,1,1,1,1,1,1,1,1,1,1,1,1,1,1,1,1,1,1,1,1,1,1,1,1,1,1,1,1,1,1,1,1,1,1,1
indst med and high temp fuel type shifting,appliances and electrical equipment 27,LPG propane or butane if,,0,0,0,0.026316,0.052632,0.078947,0.105263,0.131579,0.157895,0.184211,0.210526,0.236842,0.263158,0.289474,0.315789,0.342105,0.368421,0.394737,0.421053,0.447368,0.473684,0.5,0.526316,0.552632,0.578947,0.605263,0.631579,0.657895,0.684211,0.710526,0.736842,0.763158,0.789474,0.815789,0.842105,0.868421,0.894737,0.921053,0.947368,0.973684,1,1,1,1,1,1,1,1,1,1,1,1,1,1,1,1,1,1,1,1,1,1,1,1,1,1,1,1,1,1,1,1,1,1,1,1,1,1,1,1,1
indst med and high temp fuel type shifting,appliances and electrical equipment 27,hydrogen if,,0,0,0,0.026316,0.052632,0.078947,0.105263,0.131579,0.157895,0.184211,0.210526,0.236842,0.263158,0.289474,0.315789,0.342105,0.368421,0.394737,0.421053,0.447368,0.473684,0.5,0.526316,0.552632,0.578947,0.605263,0.631579,0.657895,0.684211,0.710526,0.736842,0.763158,0.789474,0.815789,0.842105,0.868421,0.894737,0.921053,0.947368,0.973684,1,1,1,1,1,1,1,1,1,1,1,1,1,1,1,1,1,1,1,1,1,1,1,1,1,1,1,1,1,1,1,1,1,1,1,1,1,1,1,1,1
indst med and high temp fuel type shifting,other machinery 28,electricity if,,0,0,0,0.026316,0.052631,0.078947,0.105263,0.131579,0.157894,0.18421,0.210526,0.308421,0.406316,0.50421,0.602105,0.7,0.712,0.724,0.736,0.748,0.76,0.772,0.784,0.796,0.808,0.82,0.832,0.844,0.856,0.868,0.88,0.892,0.904,0.916,0.928,0.94,0.952,0.964,0.976,0.988,1,1,1,1,1,1,1,1,1,1,1,1,1,1,1,1,1,1,1,1,1,1,1,1,1,1,1,1,1,1,1,1,1,1,1,1,1,1,1,1,1
indst med and high temp fuel type shifting,other machinery 28,hard coal if,,0,0,0,0.026316,0.052632,0.078947,0.105263,0.131579,0.157895,0.184211,0.210526,0.236842,0.263158,0.289474,0.315789,0.342105,0.368421,0.394737,0.421053,0.447368,0.473684,0.5,0.526316,0.552632,0.578947,0.605263,0.631579,0.657895,0.684211,0.710526,0.736842,0.763158,0.789474,0.815789,0.842105,0.868421,0.894737,0.921053,0.947368,0.973684,1,1,1,1,1,1,1,1,1,1,1,1,1,1,1,1,1,1,1,1,1,1,1,1,1,1,1,1,1,1,1,1,1,1,1,1,1,1,1,1,1
indst med and high temp fuel type shifting,other machinery 28,natural gas if,,0,0,0,0.026316,0.052632,0.078947,0.105263,0.131579,0.157895,0.184211,0.210526,0.236842,0.263158,0.289474,0.315789,0.342105,0.368421,0.394737,0.421053,0.447368,0.473684,0.5,0.526316,0.552632,0.578947,0.605263,0.631579,0.657895,0.684211,0.710526,0.736842,0.763158,0.789474,0.815789,0.842105,0.868421,0.894737,0.921053,0.947368,0.973684,1,1,1,1,1,1,1,1,1,1,1,1,1,1,1,1,1,1,1,1,1,1,1,1,1,1,1,1,1,1,1,1,1,1,1,1,1,1,1,1,1
indst med and high temp fuel type shifting,other machinery 28,biomass if,,0,0,0,0.026316,0.052632,0.078947,0.105263,0.131579,0.157895,0.184211,0.210526,0.236842,0.263158,0.289474,0.315789,0.342105,0.368421,0.394737,0.421053,0.447368,0.473684,0.5,0.526316,0.552632,0.578947,0.605263,0.631579,0.657895,0.684211,0.710526,0.736842,0.763158,0.789474,0.815789,0.842105,0.868421,0.894737,0.921053,0.947368,0.973684,1,1,1,1,1,1,1,1,1,1,1,1,1,1,1,1,1,1,1,1,1,1,1,1,1,1,1,1,1,1,1,1,1,1,1,1,1,1,1,1,1
indst med and high temp fuel type shifting,other machinery 28,petroleum diesel if,,0,0,0,0.026316,0.052632,0.078947,0.105263,0.131579,0.157895,0.184211,0.210526,0.236842,0.263158,0.289474,0.315789,0.342105,0.368421,0.394737,0.421053,0.447368,0.473684,0.5,0.526316,0.552632,0.578947,0.605263,0.631579,0.657895,0.684211,0.710526,0.736842,0.763158,0.789474,0.815789,0.842105,0.868421,0.894737,0.921053,0.947368,0.973684,1,1,1,1,1,1,1,1,1,1,1,1,1,1,1,1,1,1,1,1,1,1,1,1,1,1,1,1,1,1,1,1,1,1,1,1,1,1,1,1,1
indst med and high temp fuel type shifting,other machinery 28,heat if,,0,0,0,0.026316,0.052632,0.078947,0.105263,0.131579,0.157895,0.184211,0.210526,0.236842,0.263158,0.289474,0.315789,0.342105,0.368421,0.394737,0.421053,0.447368,0.473684,0.5,0.526316,0.552632,0.578947,0.605263,0.631579,0.657895,0.684211,0.710526,0.736842,0.763158,0.789474,0.815789,0.842105,0.868421,0.894737,0.921053,0.947368,0.973684,1,1,1,1,1,1,1,1,1,1,1,1,1,1,1,1,1,1,1,1,1,1,1,1,1,1,1,1,1,1,1,1,1,1,1,1,1,1,1,1,1
indst med and high temp fuel type shifting,other machinery 28,crude oil if,,0,0,0,0.026316,0.052632,0.078947,0.105263,0.131579,0.157895,0.184211,0.210526,0.236842,0.263158,0.289474,0.315789,0.342105,0.368421,0.394737,0.421053,0.447368,0.473684,0.5,0.526316,0.552632,0.578947,0.605263,0.631579,0.657895,0.684211,0.710526,0.736842,0.763158,0.789474,0.815789,0.842105,0.868421,0.894737,0.921053,0.947368,0.973684,1,1,1,1,1,1,1,1,1,1,1,1,1,1,1,1,1,1,1,1,1,1,1,1,1,1,1,1,1,1,1,1,1,1,1,1,1,1,1,1,1
indst med and high temp fuel type shifting,other machinery 28,heavy or residual fuel oil if,,0,0,0,0.026316,0.052632,0.078947,0.105263,0.131579,0.157895,0.184211,0.210526,0.236842,0.263158,0.289474,0.315789,0.342105,0.368421,0.394737,0.421053,0.447368,0.473684,0.5,0.526316,0.552632,0.578947,0.605263,0.631579,0.657895,0.684211,0.710526,0.736842,0.763158,0.789474,0.815789,0.842105,0.868421,0.894737,0.921053,0.947368,0.973684,1,1,1,1,1,1,1,1,1,1,1,1,1,1,1,1,1,1,1,1,1,1,1,1,1,1,1,1,1,1,1,1,1,1,1,1,1,1,1,1,1
indst med and high temp fuel type shifting,other machinery 28,LPG propane or butane if,,0,0,0,0.026316,0.052632,0.078947,0.105263,0.131579,0.157895,0.184211,0.210526,0.236842,0.263158,0.289474,0.315789,0.342105,0.368421,0.394737,0.421053,0.447368,0.473684,0.5,0.526316,0.552632,0.578947,0.605263,0.631579,0.657895,0.684211,0.710526,0.736842,0.763158,0.789474,0.815789,0.842105,0.868421,0.894737,0.921053,0.947368,0.973684,1,1,1,1,1,1,1,1,1,1,1,1,1,1,1,1,1,1,1,1,1,1,1,1,1,1,1,1,1,1,1,1,1,1,1,1,1,1,1,1,1
indst med and high temp fuel type shifting,other machinery 28,hydrogen if,,0,0,0,0.026316,0.052632,0.078947,0.105263,0.131579,0.157895,0.184211,0.210526,0.236842,0.263158,0.289474,0.315789,0.342105,0.368421,0.394737,0.421053,0.447368,0.473684,0.5,0.526316,0.552632,0.578947,0.605263,0.631579,0.657895,0.684211,0.710526,0.736842,0.763158,0.789474,0.815789,0.842105,0.868421,0.894737,0.921053,0.947368,0.973684,1,1,1,1,1,1,1,1,1,1,1,1,1,1,1,1,1,1,1,1,1,1,1,1,1,1,1,1,1,1,1,1,1,1,1,1,1,1,1,1,1
indst med and high temp fuel type shifting,road vehicles 29,electricity if,,0,0,0,0.026316,0.052631,0.078947,0.105263,0.131579,0.157894,0.18421,0.210526,0.308421,0.406316,0.50421,0.602105,0.7,0.712,0.724,0.736,0.748,0.76,0.772,0.784,0.796,0.808,0.82,0.832,0.844,0.856,0.868,0.88,0.892,0.904,0.916,0.928,0.94,0.952,0.964,0.976,0.988,1,1,1,1,1,1,1,1,1,1,1,1,1,1,1,1,1,1,1,1,1,1,1,1,1,1,1,1,1,1,1,1,1,1,1,1,1,1,1,1,1
indst med and high temp fuel type shifting,road vehicles 29,hard coal if,,0,0,0,0.026316,0.052632,0.078947,0.105263,0.131579,0.157895,0.184211,0.210526,0.236842,0.263158,0.289474,0.315789,0.342105,0.368421,0.394737,0.421053,0.447368,0.473684,0.5,0.526316,0.552632,0.578947,0.605263,0.631579,0.657895,0.684211,0.710526,0.736842,0.763158,0.789474,0.815789,0.842105,0.868421,0.894737,0.921053,0.947368,0.973684,1,1,1,1,1,1,1,1,1,1,1,1,1,1,1,1,1,1,1,1,1,1,1,1,1,1,1,1,1,1,1,1,1,1,1,1,1,1,1,1,1
indst med and high temp fuel type shifting,road vehicles 29,natural gas if,,0,0,0,0.026316,0.052632,0.078947,0.105263,0.131579,0.157895,0.184211,0.210526,0.236842,0.263158,0.289474,0.315789,0.342105,0.368421,0.394737,0.421053,0.447368,0.473684,0.5,0.526316,0.552632,0.578947,0.605263,0.631579,0.657895,0.684211,0.710526,0.736842,0.763158,0.789474,0.815789,0.842105,0.868421,0.894737,0.921053,0.947368,0.973684,1,1,1,1,1,1,1,1,1,1,1,1,1,1,1,1,1,1,1,1,1,1,1,1,1,1,1,1,1,1,1,1,1,1,1,1,1,1,1,1,1
indst med and high temp fuel type shifting,road vehicles 29,biomass if,,0,0,0,0.026316,0.052632,0.078947,0.105263,0.131579,0.157895,0.184211,0.210526,0.236842,0.263158,0.289474,0.315789,0.342105,0.368421,0.394737,0.421053,0.447368,0.473684,0.5,0.526316,0.552632,0.578947,0.605263,0.631579,0.657895,0.684211,0.710526,0.736842,0.763158,0.789474,0.815789,0.842105,0.868421,0.894737,0.921053,0.947368,0.973684,1,1,1,1,1,1,1,1,1,1,1,1,1,1,1,1,1,1,1,1,1,1,1,1,1,1,1,1,1,1,1,1,1,1,1,1,1,1,1,1,1
indst med and high temp fuel type shifting,road vehicles 29,petroleum diesel if,,0,0,0,0.026316,0.052632,0.078947,0.105263,0.131579,0.157895,0.184211,0.210526,0.236842,0.263158,0.289474,0.315789,0.342105,0.368421,0.394737,0.421053,0.447368,0.473684,0.5,0.526316,0.552632,0.578947,0.605263,0.631579,0.657895,0.684211,0.710526,0.736842,0.763158,0.789474,0.815789,0.842105,0.868421,0.894737,0.921053,0.947368,0.973684,1,1,1,1,1,1,1,1,1,1,1,1,1,1,1,1,1,1,1,1,1,1,1,1,1,1,1,1,1,1,1,1,1,1,1,1,1,1,1,1,1
indst med and high temp fuel type shifting,road vehicles 29,heat if,,0,0,0,0.026316,0.052632,0.078947,0.105263,0.131579,0.157895,0.184211,0.210526,0.236842,0.263158,0.289474,0.315789,0.342105,0.368421,0.394737,0.421053,0.447368,0.473684,0.5,0.526316,0.552632,0.578947,0.605263,0.631579,0.657895,0.684211,0.710526,0.736842,0.763158,0.789474,0.815789,0.842105,0.868421,0.894737,0.921053,0.947368,0.973684,1,1,1,1,1,1,1,1,1,1,1,1,1,1,1,1,1,1,1,1,1,1,1,1,1,1,1,1,1,1,1,1,1,1,1,1,1,1,1,1,1
indst med and high temp fuel type shifting,road vehicles 29,crude oil if,,0,0,0,0.026316,0.052632,0.078947,0.105263,0.131579,0.157895,0.184211,0.210526,0.236842,0.263158,0.289474,0.315789,0.342105,0.368421,0.394737,0.421053,0.447368,0.473684,0.5,0.526316,0.552632,0.578947,0.605263,0.631579,0.657895,0.684211,0.710526,0.736842,0.763158,0.789474,0.815789,0.842105,0.868421,0.894737,0.921053,0.947368,0.973684,1,1,1,1,1,1,1,1,1,1,1,1,1,1,1,1,1,1,1,1,1,1,1,1,1,1,1,1,1,1,1,1,1,1,1,1,1,1,1,1,1
indst med and high temp fuel type shifting,road vehicles 29,heavy or residual fuel oil if,,0,0,0,0.026316,0.052632,0.078947,0.105263,0.131579,0.157895,0.184211,0.210526,0.236842,0.263158,0.289474,0.315789,0.342105,0.368421,0.394737,0.421053,0.447368,0.473684,0.5,0.526316,0.552632,0.578947,0.605263,0.631579,0.657895,0.684211,0.710526,0.736842,0.763158,0.789474,0.815789,0.842105,0.868421,0.894737,0.921053,0.947368,0.973684,1,1,1,1,1,1,1,1,1,1,1,1,1,1,1,1,1,1,1,1,1,1,1,1,1,1,1,1,1,1,1,1,1,1,1,1,1,1,1,1,1
indst med and high temp fuel type shifting,road vehicles 29,LPG propane or butane if,,0,0,0,0.026316,0.052632,0.078947,0.105263,0.131579,0.157895,0.184211,0.210526,0.236842,0.263158,0.289474,0.315789,0.342105,0.368421,0.394737,0.421053,0.447368,0.473684,0.5,0.526316,0.552632,0.578947,0.605263,0.631579,0.657895,0.684211,0.710526,0.736842,0.763158,0.789474,0.815789,0.842105,0.868421,0.894737,0.921053,0.947368,0.973684,1,1,1,1,1,1,1,1,1,1,1,1,1,1,1,1,1,1,1,1,1,1,1,1,1,1,1,1,1,1,1,1,1,1,1,1,1,1,1,1,1
indst med and high temp fuel type shifting,road vehicles 29,hydrogen if,,0,0,0,0.026316,0.052632,0.078947,0.105263,0.131579,0.157895,0.184211,0.210526,0.236842,0.263158,0.289474,0.315789,0.342105,0.368421,0.394737,0.421053,0.447368,0.473684,0.5,0.526316,0.552632,0.578947,0.605263,0.631579,0.657895,0.684211,0.710526,0.736842,0.763158,0.789474,0.815789,0.842105,0.868421,0.894737,0.921053,0.947368,0.973684,1,1,1,1,1,1,1,1,1,1,1,1,1,1,1,1,1,1,1,1,1,1,1,1,1,1,1,1,1,1,1,1,1,1,1,1,1,1,1,1,1
indst med and high temp fuel type shifting,nonroad vehicles 30,electricity if,,0,0,0,0.026316,0.052631,0.078947,0.105263,0.131579,0.157894,0.18421,0.210526,0.308421,0.406316,0.50421,0.602105,0.7,0.712,0.724,0.736,0.748,0.76,0.772,0.784,0.796,0.808,0.82,0.832,0.844,0.856,0.868,0.88,0.892,0.904,0.916,0.928,0.94,0.952,0.964,0.976,0.988,1,1,1,1,1,1,1,1,1,1,1,1,1,1,1,1,1,1,1,1,1,1,1,1,1,1,1,1,1,1,1,1,1,1,1,1,1,1,1,1,1
indst med and high temp fuel type shifting,nonroad vehicles 30,hard coal if,,0,0,0,0.026316,0.052632,0.078947,0.105263,0.131579,0.157895,0.184211,0.210526,0.236842,0.263158,0.289474,0.315789,0.342105,0.368421,0.394737,0.421053,0.447368,0.473684,0.5,0.526316,0.552632,0.578947,0.605263,0.631579,0.657895,0.684211,0.710526,0.736842,0.763158,0.789474,0.815789,0.842105,0.868421,0.894737,0.921053,0.947368,0.973684,1,1,1,1,1,1,1,1,1,1,1,1,1,1,1,1,1,1,1,1,1,1,1,1,1,1,1,1,1,1,1,1,1,1,1,1,1,1,1,1,1
indst med and high temp fuel type shifting,nonroad vehicles 30,natural gas if,,0,0,0,0.026316,0.052632,0.078947,0.105263,0.131579,0.157895,0.184211,0.210526,0.236842,0.263158,0.289474,0.315789,0.342105,0.368421,0.394737,0.421053,0.447368,0.473684,0.5,0.526316,0.552632,0.578947,0.605263,0.631579,0.657895,0.684211,0.710526,0.736842,0.763158,0.789474,0.815789,0.842105,0.868421,0.894737,0.921053,0.947368,0.973684,1,1,1,1,1,1,1,1,1,1,1,1,1,1,1,1,1,1,1,1,1,1,1,1,1,1,1,1,1,1,1,1,1,1,1,1,1,1,1,1,1
indst med and high temp fuel type shifting,nonroad vehicles 30,biomass if,,0,0,0,0.026316,0.052632,0.078947,0.105263,0.131579,0.157895,0.184211,0.210526,0.236842,0.263158,0.289474,0.315789,0.342105,0.368421,0.394737,0.421053,0.447368,0.473684,0.5,0.526316,0.552632,0.578947,0.605263,0.631579,0.657895,0.684211,0.710526,0.736842,0.763158,0.789474,0.815789,0.842105,0.868421,0.894737,0.921053,0.947368,0.973684,1,1,1,1,1,1,1,1,1,1,1,1,1,1,1,1,1,1,1,1,1,1,1,1,1,1,1,1,1,1,1,1,1,1,1,1,1,1,1,1,1
indst med and high temp fuel type shifting,nonroad vehicles 30,petroleum diesel if,,0,0,0,0.026316,0.052632,0.078947,0.105263,0.131579,0.157895,0.184211,0.210526,0.236842,0.263158,0.289474,0.315789,0.342105,0.368421,0.394737,0.421053,0.447368,0.473684,0.5,0.526316,0.552632,0.578947,0.605263,0.631579,0.657895,0.684211,0.710526,0.736842,0.763158,0.789474,0.815789,0.842105,0.868421,0.894737,0.921053,0.947368,0.973684,1,1,1,1,1,1,1,1,1,1,1,1,1,1,1,1,1,1,1,1,1,1,1,1,1,1,1,1,1,1,1,1,1,1,1,1,1,1,1,1,1
indst med and high temp fuel type shifting,nonroad vehicles 30,heat if,,0,0,0,0.026316,0.052632,0.078947,0.105263,0.131579,0.157895,0.184211,0.210526,0.236842,0.263158,0.289474,0.315789,0.342105,0.368421,0.394737,0.421053,0.447368,0.473684,0.5,0.526316,0.552632,0.578947,0.605263,0.631579,0.657895,0.684211,0.710526,0.736842,0.763158,0.789474,0.815789,0.842105,0.868421,0.894737,0.921053,0.947368,0.973684,1,1,1,1,1,1,1,1,1,1,1,1,1,1,1,1,1,1,1,1,1,1,1,1,1,1,1,1,1,1,1,1,1,1,1,1,1,1,1,1,1
indst med and high temp fuel type shifting,nonroad vehicles 30,crude oil if,,0,0,0,0.026316,0.052632,0.078947,0.105263,0.131579,0.157895,0.184211,0.210526,0.236842,0.263158,0.289474,0.315789,0.342105,0.368421,0.394737,0.421053,0.447368,0.473684,0.5,0.526316,0.552632,0.578947,0.605263,0.631579,0.657895,0.684211,0.710526,0.736842,0.763158,0.789474,0.815789,0.842105,0.868421,0.894737,0.921053,0.947368,0.973684,1,1,1,1,1,1,1,1,1,1,1,1,1,1,1,1,1,1,1,1,1,1,1,1,1,1,1,1,1,1,1,1,1,1,1,1,1,1,1,1,1
indst med and high temp fuel type shifting,nonroad vehicles 30,heavy or residual fuel oil if,,0,0,0,0.026316,0.052632,0.078947,0.105263,0.131579,0.157895,0.184211,0.210526,0.236842,0.263158,0.289474,0.315789,0.342105,0.368421,0.394737,0.421053,0.447368,0.473684,0.5,0.526316,0.552632,0.578947,0.605263,0.631579,0.657895,0.684211,0.710526,0.736842,0.763158,0.789474,0.815789,0.842105,0.868421,0.894737,0.921053,0.947368,0.973684,1,1,1,1,1,1,1,1,1,1,1,1,1,1,1,1,1,1,1,1,1,1,1,1,1,1,1,1,1,1,1,1,1,1,1,1,1,1,1,1,1
indst med and high temp fuel type shifting,nonroad vehicles 30,LPG propane or butane if,,0,0,0,0.026316,0.052632,0.078947,0.105263,0.131579,0.157895,0.184211,0.210526,0.236842,0.263158,0.289474,0.315789,0.342105,0.368421,0.394737,0.421053,0.447368,0.473684,0.5,0.526316,0.552632,0.578947,0.605263,0.631579,0.657895,0.684211,0.710526,0.736842,0.763158,0.789474,0.815789,0.842105,0.868421,0.894737,0.921053,0.947368,0.973684,1,1,1,1,1,1,1,1,1,1,1,1,1,1,1,1,1,1,1,1,1,1,1,1,1,1,1,1,1,1,1,1,1,1,1,1,1,1,1,1,1
indst med and high temp fuel type shifting,nonroad vehicles 30,hydrogen if,,0,0,0,0.026316,0.052632,0.078947,0.105263,0.131579,0.157895,0.184211,0.210526,0.236842,0.263158,0.289474,0.315789,0.342105,0.368421,0.394737,0.421053,0.447368,0.473684,0.5,0.526316,0.552632,0.578947,0.605263,0.631579,0.657895,0.684211,0.710526,0.736842,0.763158,0.789474,0.815789,0.842105,0.868421,0.894737,0.921053,0.947368,0.973684,1,1,1,1,1,1,1,1,1,1,1,1,1,1,1,1,1,1,1,1,1,1,1,1,1,1,1,1,1,1,1,1,1,1,1,1,1,1,1,1,1
indst med and high temp fuel type shifting,other manufacturing 31T33,electricity if,,0,0,0,0.026316,0.052631,0.078947,0.105263,0.131579,0.157894,0.18421,0.210526,0.308421,0.406316,0.50421,0.602105,0.7,0.712,0.724,0.736,0.748,0.76,0.772,0.784,0.796,0.808,0.82,0.832,0.844,0.856,0.868,0.88,0.892,0.904,0.916,0.928,0.94,0.952,0.964,0.976,0.988,1,1,1,1,1,1,1,1,1,1,1,1,1,1,1,1,1,1,1,1,1,1,1,1,1,1,1,1,1,1,1,1,1,1,1,1,1,1,1,1,1
indst med and high temp fuel type shifting,other manufacturing 31T33,hard coal if,,0,0,0,0.026316,0.052632,0.078947,0.105263,0.131579,0.157895,0.184211,0.210526,0.236842,0.263158,0.289474,0.315789,0.342105,0.368421,0.394737,0.421053,0.447368,0.473684,0.5,0.526316,0.552632,0.578947,0.605263,0.631579,0.657895,0.684211,0.710526,0.736842,0.763158,0.789474,0.815789,0.842105,0.868421,0.894737,0.921053,0.947368,0.973684,1,1,1,1,1,1,1,1,1,1,1,1,1,1,1,1,1,1,1,1,1,1,1,1,1,1,1,1,1,1,1,1,1,1,1,1,1,1,1,1,1
indst med and high temp fuel type shifting,other manufacturing 31T33,natural gas if,,0,0,0,0.026316,0.052632,0.078947,0.105263,0.131579,0.157895,0.184211,0.210526,0.236842,0.263158,0.289474,0.315789,0.342105,0.368421,0.394737,0.421053,0.447368,0.473684,0.5,0.526316,0.552632,0.578947,0.605263,0.631579,0.657895,0.684211,0.710526,0.736842,0.763158,0.789474,0.815789,0.842105,0.868421,0.894737,0.921053,0.947368,0.973684,1,1,1,1,1,1,1,1,1,1,1,1,1,1,1,1,1,1,1,1,1,1,1,1,1,1,1,1,1,1,1,1,1,1,1,1,1,1,1,1,1
indst med and high temp fuel type shifting,other manufacturing 31T33,biomass if,,0,0,0,0.026316,0.052632,0.078947,0.105263,0.131579,0.157895,0.184211,0.210526,0.236842,0.263158,0.289474,0.315789,0.342105,0.368421,0.394737,0.421053,0.447368,0.473684,0.5,0.526316,0.552632,0.578947,0.605263,0.631579,0.657895,0.684211,0.710526,0.736842,0.763158,0.789474,0.815789,0.842105,0.868421,0.894737,0.921053,0.947368,0.973684,1,1,1,1,1,1,1,1,1,1,1,1,1,1,1,1,1,1,1,1,1,1,1,1,1,1,1,1,1,1,1,1,1,1,1,1,1,1,1,1,1
indst med and high temp fuel type shifting,other manufacturing 31T33,petroleum diesel if,,0,0,0,0.026316,0.052632,0.078947,0.105263,0.131579,0.157895,0.184211,0.210526,0.236842,0.263158,0.289474,0.315789,0.342105,0.368421,0.394737,0.421053,0.447368,0.473684,0.5,0.526316,0.552632,0.578947,0.605263,0.631579,0.657895,0.684211,0.710526,0.736842,0.763158,0.789474,0.815789,0.842105,0.868421,0.894737,0.921053,0.947368,0.973684,1,1,1,1,1,1,1,1,1,1,1,1,1,1,1,1,1,1,1,1,1,1,1,1,1,1,1,1,1,1,1,1,1,1,1,1,1,1,1,1,1
indst med and high temp fuel type shifting,other manufacturing 31T33,heat if,,0,0,0,0.026316,0.052632,0.078947,0.105263,0.131579,0.157895,0.184211,0.210526,0.236842,0.263158,0.289474,0.315789,0.342105,0.368421,0.394737,0.421053,0.447368,0.473684,0.5,0.526316,0.552632,0.578947,0.605263,0.631579,0.657895,0.684211,0.710526,0.736842,0.763158,0.789474,0.815789,0.842105,0.868421,0.894737,0.921053,0.947368,0.973684,1,1,1,1,1,1,1,1,1,1,1,1,1,1,1,1,1,1,1,1,1,1,1,1,1,1,1,1,1,1,1,1,1,1,1,1,1,1,1,1,1
indst med and high temp fuel type shifting,other manufacturing 31T33,crude oil if,,0,0,0,0.026316,0.052632,0.078947,0.105263,0.131579,0.157895,0.184211,0.210526,0.236842,0.263158,0.289474,0.315789,0.342105,0.368421,0.394737,0.421053,0.447368,0.473684,0.5,0.526316,0.552632,0.578947,0.605263,0.631579,0.657895,0.684211,0.710526,0.736842,0.763158,0.789474,0.815789,0.842105,0.868421,0.894737,0.921053,0.947368,0.973684,1,1,1,1,1,1,1,1,1,1,1,1,1,1,1,1,1,1,1,1,1,1,1,1,1,1,1,1,1,1,1,1,1,1,1,1,1,1,1,1,1
indst med and high temp fuel type shifting,other manufacturing 31T33,heavy or residual fuel oil if,,0,0,0,0.026316,0.052632,0.078947,0.105263,0.131579,0.157895,0.184211,0.210526,0.236842,0.263158,0.289474,0.315789,0.342105,0.368421,0.394737,0.421053,0.447368,0.473684,0.5,0.526316,0.552632,0.578947,0.605263,0.631579,0.657895,0.684211,0.710526,0.736842,0.763158,0.789474,0.815789,0.842105,0.868421,0.894737,0.921053,0.947368,0.973684,1,1,1,1,1,1,1,1,1,1,1,1,1,1,1,1,1,1,1,1,1,1,1,1,1,1,1,1,1,1,1,1,1,1,1,1,1,1,1,1,1
indst med and high temp fuel type shifting,other manufacturing 31T33,LPG propane or butane if,,0,0,0,0.026316,0.052632,0.078947,0.105263,0.131579,0.157895,0.184211,0.210526,0.236842,0.263158,0.289474,0.315789,0.342105,0.368421,0.394737,0.421053,0.447368,0.473684,0.5,0.526316,0.552632,0.578947,0.605263,0.631579,0.657895,0.684211,0.710526,0.736842,0.763158,0.789474,0.815789,0.842105,0.868421,0.894737,0.921053,0.947368,0.973684,1,1,1,1,1,1,1,1,1,1,1,1,1,1,1,1,1,1,1,1,1,1,1,1,1,1,1,1,1,1,1,1,1,1,1,1,1,1,1,1,1
indst med and high temp fuel type shifting,other manufacturing 31T33,hydrogen if,,0,0,0,0.026316,0.052632,0.078947,0.105263,0.131579,0.157895,0.184211,0.210526,0.236842,0.263158,0.289474,0.315789,0.342105,0.368421,0.394737,0.421053,0.447368,0.473684,0.5,0.526316,0.552632,0.578947,0.605263,0.631579,0.657895,0.684211,0.710526,0.736842,0.763158,0.789474,0.815789,0.842105,0.868421,0.894737,0.921053,0.947368,0.973684,1,1,1,1,1,1,1,1,1,1,1,1,1,1,1,1,1,1,1,1,1,1,1,1,1,1,1,1,1,1,1,1,1,1,1,1,1,1,1,1,1
indst med and high temp fuel type shifting,energy pipelines and gas processing 352T353,electricity if,,0,0,0,0.026316,0.052631,0.078947,0.105263,0.131579,0.157894,0.18421,0.210526,0.308421,0.406316,0.50421,0.602105,0.7,0.712,0.724,0.736,0.748,0.76,0.772,0.784,0.796,0.808,0.82,0.832,0.844,0.856,0.868,0.88,0.892,0.904,0.916,0.928,0.94,0.952,0.964,0.976,0.988,1,1,1,1,1,1,1,1,1,1,1,1,1,1,1,1,1,1,1,1,1,1,1,1,1,1,1,1,1,1,1,1,1,1,1,1,1,1,1,1,1
indst med and high temp fuel type shifting,energy pipelines and gas processing 352T353,hard coal if,,0,0,0,0.026316,0.052632,0.078947,0.105263,0.131579,0.157895,0.184211,0.210526,0.236842,0.263158,0.289474,0.315789,0.342105,0.368421,0.394737,0.421053,0.447368,0.473684,0.5,0.526316,0.552632,0.578947,0.605263,0.631579,0.657895,0.684211,0.710526,0.736842,0.763158,0.789474,0.815789,0.842105,0.868421,0.894737,0.921053,0.947368,0.973684,1,1,1,1,1,1,1,1,1,1,1,1,1,1,1,1,1,1,1,1,1,1,1,1,1,1,1,1,1,1,1,1,1,1,1,1,1,1,1,1,1
indst med and high temp fuel type shifting,energy pipelines and gas processing 352T353,natural gas if,,0,0,0,0.026316,0.052632,0.078947,0.105263,0.131579,0.157895,0.184211,0.210526,0.236842,0.263158,0.289474,0.315789,0.342105,0.368421,0.394737,0.421053,0.447368,0.473684,0.5,0.526316,0.552632,0.578947,0.605263,0.631579,0.657895,0.684211,0.710526,0.736842,0.763158,0.789474,0.815789,0.842105,0.868421,0.894737,0.921053,0.947368,0.973684,1,1,1,1,1,1,1,1,1,1,1,1,1,1,1,1,1,1,1,1,1,1,1,1,1,1,1,1,1,1,1,1,1,1,1,1,1,1,1,1,1
indst med and high temp fuel type shifting,energy pipelines and gas processing 352T353,biomass if,,0,0,0,0.026316,0.052632,0.078947,0.105263,0.131579,0.157895,0.184211,0.210526,0.236842,0.263158,0.289474,0.315789,0.342105,0.368421,0.394737,0.421053,0.447368,0.473684,0.5,0.526316,0.552632,0.578947,0.605263,0.631579,0.657895,0.684211,0.710526,0.736842,0.763158,0.789474,0.815789,0.842105,0.868421,0.894737,0.921053,0.947368,0.973684,1,1,1,1,1,1,1,1,1,1,1,1,1,1,1,1,1,1,1,1,1,1,1,1,1,1,1,1,1,1,1,1,1,1,1,1,1,1,1,1,1
indst med and high temp fuel type shifting,energy pipelines and gas processing 352T353,petroleum diesel if,,0,0,0,0.026316,0.052632,0.078947,0.105263,0.131579,0.157895,0.184211,0.210526,0.236842,0.263158,0.289474,0.315789,0.342105,0.368421,0.394737,0.421053,0.447368,0.473684,0.5,0.526316,0.552632,0.578947,0.605263,0.631579,0.657895,0.684211,0.710526,0.736842,0.763158,0.789474,0.815789,0.842105,0.868421,0.894737,0.921053,0.947368,0.973684,1,1,1,1,1,1,1,1,1,1,1,1,1,1,1,1,1,1,1,1,1,1,1,1,1,1,1,1,1,1,1,1,1,1,1,1,1,1,1,1,1
indst med and high temp fuel type shifting,energy pipelines and gas processing 352T353,heat if,,0,0,0,0.026316,0.052632,0.078947,0.105263,0.131579,0.157895,0.184211,0.210526,0.236842,0.263158,0.289474,0.315789,0.342105,0.368421,0.394737,0.421053,0.447368,0.473684,0.5,0.526316,0.552632,0.578947,0.605263,0.631579,0.657895,0.684211,0.710526,0.736842,0.763158,0.789474,0.815789,0.842105,0.868421,0.894737,0.921053,0.947368,0.973684,1,1,1,1,1,1,1,1,1,1,1,1,1,1,1,1,1,1,1,1,1,1,1,1,1,1,1,1,1,1,1,1,1,1,1,1,1,1,1,1,1
indst med and high temp fuel type shifting,energy pipelines and gas processing 352T353,crude oil if,,0,0,0,0.026316,0.052632,0.078947,0.105263,0.131579,0.157895,0.184211,0.210526,0.236842,0.263158,0.289474,0.315789,0.342105,0.368421,0.394737,0.421053,0.447368,0.473684,0.5,0.526316,0.552632,0.578947,0.605263,0.631579,0.657895,0.684211,0.710526,0.736842,0.763158,0.789474,0.815789,0.842105,0.868421,0.894737,0.921053,0.947368,0.973684,1,1,1,1,1,1,1,1,1,1,1,1,1,1,1,1,1,1,1,1,1,1,1,1,1,1,1,1,1,1,1,1,1,1,1,1,1,1,1,1,1
indst med and high temp fuel type shifting,energy pipelines and gas processing 352T353,heavy or residual fuel oil if,,0,0,0,0.026316,0.052632,0.078947,0.105263,0.131579,0.157895,0.184211,0.210526,0.236842,0.263158,0.289474,0.315789,0.342105,0.368421,0.394737,0.421053,0.447368,0.473684,0.5,0.526316,0.552632,0.578947,0.605263,0.631579,0.657895,0.684211,0.710526,0.736842,0.763158,0.789474,0.815789,0.842105,0.868421,0.894737,0.921053,0.947368,0.973684,1,1,1,1,1,1,1,1,1,1,1,1,1,1,1,1,1,1,1,1,1,1,1,1,1,1,1,1,1,1,1,1,1,1,1,1,1,1,1,1,1
indst med and high temp fuel type shifting,energy pipelines and gas processing 352T353,LPG propane or butane if,,0,0,0,0.026316,0.052632,0.078947,0.105263,0.131579,0.157895,0.184211,0.210526,0.236842,0.263158,0.289474,0.315789,0.342105,0.368421,0.394737,0.421053,0.447368,0.473684,0.5,0.526316,0.552632,0.578947,0.605263,0.631579,0.657895,0.684211,0.710526,0.736842,0.763158,0.789474,0.815789,0.842105,0.868421,0.894737,0.921053,0.947368,0.973684,1,1,1,1,1,1,1,1,1,1,1,1,1,1,1,1,1,1,1,1,1,1,1,1,1,1,1,1,1,1,1,1,1,1,1,1,1,1,1,1,1
indst med and high temp fuel type shifting,energy pipelines and gas processing 352T353,hydrogen if,,0,0,0,0.026316,0.052632,0.078947,0.105263,0.131579,0.157895,0.184211,0.210526,0.236842,0.263158,0.289474,0.315789,0.342105,0.368421,0.394737,0.421053,0.447368,0.473684,0.5,0.526316,0.552632,0.578947,0.605263,0.631579,0.657895,0.684211,0.710526,0.736842,0.763158,0.789474,0.815789,0.842105,0.868421,0.894737,0.921053,0.947368,0.973684,1,1,1,1,1,1,1,1,1,1,1,1,1,1,1,1,1,1,1,1,1,1,1,1,1,1,1,1,1,1,1,1,1,1,1,1,1,1,1,1,1
indst med and high temp fuel type shifting,water and waste 36T39,electricity if,,0,0,0,0.026316,0.052631,0.078947,0.105263,0.131579,0.157894,0.18421,0.210526,0.308421,0.406316,0.50421,0.602105,0.7,0.712,0.724,0.736,0.748,0.76,0.772,0.784,0.796,0.808,0.82,0.832,0.844,0.856,0.868,0.88,0.892,0.904,0.916,0.928,0.94,0.952,0.964,0.976,0.988,1,1,1,1,1,1,1,1,1,1,1,1,1,1,1,1,1,1,1,1,1,1,1,1,1,1,1,1,1,1,1,1,1,1,1,1,1,1,1,1,1
indst med and high temp fuel type shifting,water and waste 36T39,hard coal if,,0,0,0,0.026316,0.052632,0.078947,0.105263,0.131579,0.157895,0.184211,0.210526,0.236842,0.263158,0.289474,0.315789,0.342105,0.368421,0.394737,0.421053,0.447368,0.473684,0.5,0.526316,0.552632,0.578947,0.605263,0.631579,0.657895,0.684211,0.710526,0.736842,0.763158,0.789474,0.815789,0.842105,0.868421,0.894737,0.921053,0.947368,0.973684,1,1,1,1,1,1,1,1,1,1,1,1,1,1,1,1,1,1,1,1,1,1,1,1,1,1,1,1,1,1,1,1,1,1,1,1,1,1,1,1,1
indst med and high temp fuel type shifting,water and waste 36T39,natural gas if,,0,0,0,0.026316,0.052632,0.078947,0.105263,0.131579,0.157895,0.184211,0.210526,0.236842,0.263158,0.289474,0.315789,0.342105,0.368421,0.394737,0.421053,0.447368,0.473684,0.5,0.526316,0.552632,0.578947,0.605263,0.631579,0.657895,0.684211,0.710526,0.736842,0.763158,0.789474,0.815789,0.842105,0.868421,0.894737,0.921053,0.947368,0.973684,1,1,1,1,1,1,1,1,1,1,1,1,1,1,1,1,1,1,1,1,1,1,1,1,1,1,1,1,1,1,1,1,1,1,1,1,1,1,1,1,1
indst med and high temp fuel type shifting,water and waste 36T39,biomass if,,0,0,0,0.026316,0.052632,0.078947,0.105263,0.131579,0.157895,0.184211,0.210526,0.236842,0.263158,0.289474,0.315789,0.342105,0.368421,0.394737,0.421053,0.447368,0.473684,0.5,0.526316,0.552632,0.578947,0.605263,0.631579,0.657895,0.684211,0.710526,0.736842,0.763158,0.789474,0.815789,0.842105,0.868421,0.894737,0.921053,0.947368,0.973684,1,1,1,1,1,1,1,1,1,1,1,1,1,1,1,1,1,1,1,1,1,1,1,1,1,1,1,1,1,1,1,1,1,1,1,1,1,1,1,1,1
indst med and high temp fuel type shifting,water and waste 36T39,petroleum diesel if,,0,0,0,0.026316,0.052632,0.078947,0.105263,0.131579,0.157895,0.184211,0.210526,0.236842,0.263158,0.289474,0.315789,0.342105,0.368421,0.394737,0.421053,0.447368,0.473684,0.5,0.526316,0.552632,0.578947,0.605263,0.631579,0.657895,0.684211,0.710526,0.736842,0.763158,0.789474,0.815789,0.842105,0.868421,0.894737,0.921053,0.947368,0.973684,1,1,1,1,1,1,1,1,1,1,1,1,1,1,1,1,1,1,1,1,1,1,1,1,1,1,1,1,1,1,1,1,1,1,1,1,1,1,1,1,1
indst med and high temp fuel type shifting,water and waste 36T39,heat if,,0,0,0,0.026316,0.052632,0.078947,0.105263,0.131579,0.157895,0.184211,0.210526,0.236842,0.263158,0.289474,0.315789,0.342105,0.368421,0.394737,0.421053,0.447368,0.473684,0.5,0.526316,0.552632,0.578947,0.605263,0.631579,0.657895,0.684211,0.710526,0.736842,0.763158,0.789474,0.815789,0.842105,0.868421,0.894737,0.921053,0.947368,0.973684,1,1,1,1,1,1,1,1,1,1,1,1,1,1,1,1,1,1,1,1,1,1,1,1,1,1,1,1,1,1,1,1,1,1,1,1,1,1,1,1,1
indst med and high temp fuel type shifting,water and waste 36T39,crude oil if,,0,0,0,0.026316,0.052632,0.078947,0.105263,0.131579,0.157895,0.184211,0.210526,0.236842,0.263158,0.289474,0.315789,0.342105,0.368421,0.394737,0.421053,0.447368,0.473684,0.5,0.526316,0.552632,0.578947,0.605263,0.631579,0.657895,0.684211,0.710526,0.736842,0.763158,0.789474,0.815789,0.842105,0.868421,0.894737,0.921053,0.947368,0.973684,1,1,1,1,1,1,1,1,1,1,1,1,1,1,1,1,1,1,1,1,1,1,1,1,1,1,1,1,1,1,1,1,1,1,1,1,1,1,1,1,1
indst med and high temp fuel type shifting,water and waste 36T39,heavy or residual fuel oil if,,0,0,0,0.026316,0.052632,0.078947,0.105263,0.131579,0.157895,0.184211,0.210526,0.236842,0.263158,0.289474,0.315789,0.342105,0.368421,0.394737,0.421053,0.447368,0.473684,0.5,0.526316,0.552632,0.578947,0.605263,0.631579,0.657895,0.684211,0.710526,0.736842,0.763158,0.789474,0.815789,0.842105,0.868421,0.894737,0.921053,0.947368,0.973684,1,1,1,1,1,1,1,1,1,1,1,1,1,1,1,1,1,1,1,1,1,1,1,1,1,1,1,1,1,1,1,1,1,1,1,1,1,1,1,1,1
indst med and high temp fuel type shifting,water and waste 36T39,LPG propane or butane if,,0,0,0,0.026316,0.052632,0.078947,0.105263,0.131579,0.157895,0.184211,0.210526,0.236842,0.263158,0.289474,0.315789,0.342105,0.368421,0.394737,0.421053,0.447368,0.473684,0.5,0.526316,0.552632,0.578947,0.605263,0.631579,0.657895,0.684211,0.710526,0.736842,0.763158,0.789474,0.815789,0.842105,0.868421,0.894737,0.921053,0.947368,0.973684,1,1,1,1,1,1,1,1,1,1,1,1,1,1,1,1,1,1,1,1,1,1,1,1,1,1,1,1,1,1,1,1,1,1,1,1,1,1,1,1,1
indst med and high temp fuel type shifting,water and waste 36T39,hydrogen if,,0,0,0,0.026316,0.052632,0.078947,0.105263,0.131579,0.157895,0.184211,0.210526,0.236842,0.263158,0.289474,0.315789,0.342105,0.368421,0.394737,0.421053,0.447368,0.473684,0.5,0.526316,0.552632,0.578947,0.605263,0.631579,0.657895,0.684211,0.710526,0.736842,0.763158,0.789474,0.815789,0.842105,0.868421,0.894737,0.921053,0.947368,0.973684,1,1,1,1,1,1,1,1,1,1,1,1,1,1,1,1,1,1,1,1,1,1,1,1,1,1,1,1,1,1,1,1,1,1,1,1,1,1,1,1,1
indst med and high temp fuel type shifting,construction 41T43,electricity if,,0,0,0,0.026316,0.052631,0.078947,0.105263,0.131579,0.157894,0.18421,0.210526,0.308421,0.406316,0.50421,0.602105,0.7,0.712,0.724,0.736,0.748,0.76,0.772,0.784,0.796,0.808,0.82,0.832,0.844,0.856,0.868,0.88,0.892,0.904,0.916,0.928,0.94,0.952,0.964,0.976,0.988,1,1,1,1,1,1,1,1,1,1,1,1,1,1,1,1,1,1,1,1,1,1,1,1,1,1,1,1,1,1,1,1,1,1,1,1,1,1,1,1,1
indst med and high temp fuel type shifting,construction 41T43,hard coal if,,0,0,0,0.026316,0.052632,0.078947,0.105263,0.131579,0.157895,0.184211,0.210526,0.236842,0.263158,0.289474,0.315789,0.342105,0.368421,0.394737,0.421053,0.447368,0.473684,0.5,0.526316,0.552632,0.578947,0.605263,0.631579,0.657895,0.684211,0.710526,0.736842,0.763158,0.789474,0.815789,0.842105,0.868421,0.894737,0.921053,0.947368,0.973684,1,1,1,1,1,1,1,1,1,1,1,1,1,1,1,1,1,1,1,1,1,1,1,1,1,1,1,1,1,1,1,1,1,1,1,1,1,1,1,1,1
indst med and high temp fuel type shifting,construction 41T43,natural gas if,,0,0,0,0.026316,0.052632,0.078947,0.105263,0.131579,0.157895,0.184211,0.210526,0.236842,0.263158,0.289474,0.315789,0.342105,0.368421,0.394737,0.421053,0.447368,0.473684,0.5,0.526316,0.552632,0.578947,0.605263,0.631579,0.657895,0.684211,0.710526,0.736842,0.763158,0.789474,0.815789,0.842105,0.868421,0.894737,0.921053,0.947368,0.973684,1,1,1,1,1,1,1,1,1,1,1,1,1,1,1,1,1,1,1,1,1,1,1,1,1,1,1,1,1,1,1,1,1,1,1,1,1,1,1,1,1
indst med and high temp fuel type shifting,construction 41T43,biomass if,,0,0,0,0.026316,0.052632,0.078947,0.105263,0.131579,0.157895,0.184211,0.210526,0.236842,0.263158,0.289474,0.315789,0.342105,0.368421,0.394737,0.421053,0.447368,0.473684,0.5,0.526316,0.552632,0.578947,0.605263,0.631579,0.657895,0.684211,0.710526,0.736842,0.763158,0.789474,0.815789,0.842105,0.868421,0.894737,0.921053,0.947368,0.973684,1,1,1,1,1,1,1,1,1,1,1,1,1,1,1,1,1,1,1,1,1,1,1,1,1,1,1,1,1,1,1,1,1,1,1,1,1,1,1,1,1
indst med and high temp fuel type shifting,construction 41T43,petroleum diesel if,,0,0,0,0.026316,0.052632,0.078947,0.105263,0.131579,0.157895,0.184211,0.210526,0.236842,0.263158,0.289474,0.315789,0.342105,0.368421,0.394737,0.421053,0.447368,0.473684,0.5,0.526316,0.552632,0.578947,0.605263,0.631579,0.657895,0.684211,0.710526,0.736842,0.763158,0.789474,0.815789,0.842105,0.868421,0.894737,0.921053,0.947368,0.973684,1,1,1,1,1,1,1,1,1,1,1,1,1,1,1,1,1,1,1,1,1,1,1,1,1,1,1,1,1,1,1,1,1,1,1,1,1,1,1,1,1
indst med and high temp fuel type shifting,construction 41T43,heat if,,0,0,0,0.026316,0.052632,0.078947,0.105263,0.131579,0.157895,0.184211,0.210526,0.236842,0.263158,0.289474,0.315789,0.342105,0.368421,0.394737,0.421053,0.447368,0.473684,0.5,0.526316,0.552632,0.578947,0.605263,0.631579,0.657895,0.684211,0.710526,0.736842,0.763158,0.789474,0.815789,0.842105,0.868421,0.894737,0.921053,0.947368,0.973684,1,1,1,1,1,1,1,1,1,1,1,1,1,1,1,1,1,1,1,1,1,1,1,1,1,1,1,1,1,1,1,1,1,1,1,1,1,1,1,1,1
indst med and high temp fuel type shifting,construction 41T43,crude oil if,,0,0,0,0.026316,0.052632,0.078947,0.105263,0.131579,0.157895,0.184211,0.210526,0.236842,0.263158,0.289474,0.315789,0.342105,0.368421,0.394737,0.421053,0.447368,0.473684,0.5,0.526316,0.552632,0.578947,0.605263,0.631579,0.657895,0.684211,0.710526,0.736842,0.763158,0.789474,0.815789,0.842105,0.868421,0.894737,0.921053,0.947368,0.973684,1,1,1,1,1,1,1,1,1,1,1,1,1,1,1,1,1,1,1,1,1,1,1,1,1,1,1,1,1,1,1,1,1,1,1,1,1,1,1,1,1
indst med and high temp fuel type shifting,construction 41T43,heavy or residual fuel oil if,,0,0,0,0.026316,0.052632,0.078947,0.105263,0.131579,0.157895,0.184211,0.210526,0.236842,0.263158,0.289474,0.315789,0.342105,0.368421,0.394737,0.421053,0.447368,0.473684,0.5,0.526316,0.552632,0.578947,0.605263,0.631579,0.657895,0.684211,0.710526,0.736842,0.763158,0.789474,0.815789,0.842105,0.868421,0.894737,0.921053,0.947368,0.973684,1,1,1,1,1,1,1,1,1,1,1,1,1,1,1,1,1,1,1,1,1,1,1,1,1,1,1,1,1,1,1,1,1,1,1,1,1,1,1,1,1
indst med and high temp fuel type shifting,construction 41T43,LPG propane or butane if,,0,0,0,0.026316,0.052632,0.078947,0.105263,0.131579,0.157895,0.184211,0.210526,0.236842,0.263158,0.289474,0.315789,0.342105,0.368421,0.394737,0.421053,0.447368,0.473684,0.5,0.526316,0.552632,0.578947,0.605263,0.631579,0.657895,0.684211,0.710526,0.736842,0.763158,0.789474,0.815789,0.842105,0.868421,0.894737,0.921053,0.947368,0.973684,1,1,1,1,1,1,1,1,1,1,1,1,1,1,1,1,1,1,1,1,1,1,1,1,1,1,1,1,1,1,1,1,1,1,1,1,1,1,1,1,1
indst med and high temp fuel type shifting,construction 41T43,hydrogen if,,0,0,0,0.026316,0.052632,0.078947,0.105263,0.131579,0.157895,0.184211,0.210526,0.236842,0.263158,0.289474,0.315789,0.342105,0.368421,0.394737,0.421053,0.447368,0.473684,0.5,0.526316,0.552632,0.578947,0.605263,0.631579,0.657895,0.684211,0.710526,0.736842,0.763158,0.789474,0.815789,0.842105,0.868421,0.894737,0.921053,0.947368,0.973684,1,1,1,1,1,1,1,1,1,1,1,1,1,1,1,1,1,1,1,1,1,1,1,1,1,1,1,1,1,1,1,1,1,1,1,1,1,1,1,1,1
indst low temp fuel type shifting,agriculture and forestry 01T03,,,0,0,0,0.026316,0.052632,0.078947,0.105263,0.131579,0.157895,0.184211,0.210526,0.236842,0.263158,0.289474,0.315789,0.342105,0.368421,0.394737,0.421053,0.447368,0.473684,0.5,0.526316,0.552632,0.578947,0.605263,0.631579,0.657895,0.684211,0.710526,0.736842,0.763158,0.789474,0.815789,0.842105,0.868421,0.894737,0.921053,0.947368,0.973684,1,1,1,1,1,1,1,1,1,1,1,1,1,1,1,1,1,1,1,1,1,1,1,1,1,1,1,1,1,1,1,1,1,1,1,1,1,1,1,1,1
indst low temp fuel type shifting,coal mining 05,,,0,0,0,0,0,0,0.055735,0.111471,0.167206,0.334412,0.501618,0.668824,0.83603,0.863356,0.890683,0.918009,0.945335,0.972661,0.974764,0.976867,0.97897,0.981073,0.983176,0.985279,0.987382,0.989485,0.991588,0.993691,0.995794,0.997897,1,1,1,1,1,1,1,1,1,1,1,1,1,1,1,1,1,1,1,1,1,1,1,1,1,1,1,1,1,1,1,1,1,1,1,1,1,1,1,1,1,1,1,1,1,1,1,1,1,1,1
indst low temp fuel type shifting,oil and gas extraction 06,,,0,0,0,0,0,0,0.055735,0.111471,0.167206,0.334412,0.501618,0.668824,0.83603,0.863356,0.890683,0.918009,0.945335,0.972661,0.974764,0.976867,0.97897,0.981073,0.983176,0.985279,0.987382,0.989485,0.991588,0.993691,0.995794,0.997897,1,1,1,1,1,1,1,1,1,1,1,1,1,1,1,1,1,1,1,1,1,1,1,1,1,1,1,1,1,1,1,1,1,1,1,1,1,1,1,1,1,1,1,1,1,1,1,1,1,1,1
indst low temp fuel type shifting,other mining and quarrying 07T08,,,0,0,0,0,0,0,0.055735,0.111471,0.167206,0.334412,0.501618,0.668824,0.83603,0.863356,0.890683,0.918009,0.945335,0.972661,0.974764,0.976867,0.97897,0.981073,0.983176,0.985279,0.987382,0.989485,0.991588,0.993691,0.995794,0.997897,1,1,1,1,1,1,1,1,1,1,1,1,1,1,1,1,1,1,1,1,1,1,1,1,1,1,1,1,1,1,1,1,1,1,1,1,1,1,1,1,1,1,1,1,1,1,1,1,1,1,1
indst low temp fuel type shifting,food beverage and tobacco 10T12,,,0,0,0,0,0,0,0.03789,0.07578,0.11367,0.227339,0.341009,0.454678,0.568348,0.644855,0.721363,0.79787,0.874377,0.950885,0.954663,0.958441,0.962219,0.965997,0.969775,0.973553,0.977331,0.981109,0.984888,0.988666,0.992444,0.996222,1,1,1,1,1,1,1,1,1,1,1,1,1,1,1,1,1,1,1,1,1,1,1,1,1,1,1,1,1,1,1,1,1,1,1,1,1,1,1,1,1,1,1,1,1,1,1,1,1,1,1
indst low temp fuel type shifting,textiles apparel and leather 13T15,,,0,0,0,0,0,0,0.052405,0.104809,0.157214,0.314428,0.471642,0.628857,0.786071,0.828857,0.871642,0.914428,0.957214,1,1,1,1,1,1,1,1,1,1,1,1,1,1,1,1,1,1,1,1,1,1,1,1,1,1,1,1,1,1,1,1,1,1,1,1,1,1,1,1,1,1,1,1,1,1,1,1,1,1,1,1,1,1,1,1,1,1,1,1,1,1,1,1
indst low temp fuel type shifting,wood products 16,,,0,0,0,0,0,0,0.058164,0.116327,0.174491,0.348982,0.523473,0.697964,0.872454,0.883708,0.894962,0.906217,0.917471,0.928725,0.934207,0.93969,0.945173,0.950655,0.956138,0.961621,0.967104,0.972586,0.978069,0.983552,0.989035,0.994517,1,1,1,1,1,1,1,1,1,1,1,1,1,1,1,1,1,1,1,1,1,1,1,1,1,1,1,1,1,1,1,1,1,1,1,1,1,1,1,1,1,1,1,1,1,1,1,1,1,1,1
indst low temp fuel type shifting,pulp paper and printing 17T18,,,0,0,0,0,0,0,0.029887,0.059773,0.08966,0.17932,0.26898,0.35864,0.4483,0.471282,0.494263,0.517245,0.540227,0.563208,0.596808,0.630407,0.664006,0.697606,0.731205,0.764805,0.798404,0.832003,0.865603,0.899202,0.932801,0.966401,1,1,1,1,1,1,1,1,1,1,1,1,1,1,1,1,1,1,1,1,1,1,1,1,1,1,1,1,1,1,1,1,1,1,1,1,1,1,1,1,1,1,1,1,1,1,1,1,1,1,1
indst low temp fuel type shifting,refined petroleum and coke 19,,,0,0,0,0,0,0,0.041511,0.083022,0.124533,0.249066,0.373599,0.498132,0.622665,0.664176,0.705687,0.747197,0.788708,0.830219,0.843279,0.85634,0.8694,0.88246,0.89552,0.90858,0.92164,0.9347,0.94776,0.96082,0.97388,0.98694,1,1,1,1,1,1,1,1,1,1,1,1,1,1,1,1,1,1,1,1,1,1,1,1,1,1,1,1,1,1,1,1,1,1,1,1,1,1,1,1,1,1,1,1,1,1,1,1,1,1,1
indst low temp fuel type shifting,chemicals 20,,,0,0,0,0,0,0,0.04151,0.08302,0.12453,0.24906,0.37359,0.49812,0.622651,0.664161,0.705671,0.747181,0.788691,0.830201,0.843262,0.856324,0.869385,0.882447,0.895508,0.90857,0.921631,0.934693,0.947754,0.960816,0.973877,0.986939,1,1,1,1,1,1,1,1,1,1,1,1,1,1,1,1,1,1,1,1,1,1,1,1,1,1,1,1,1,1,1,1,1,1,1,1,1,1,1,1,1,1,1,1,1,1,1,1,1,1,1
indst low temp fuel type shifting,rubber and plastic products 22,,,0,0,0,0,0,0,0.041496,0.082993,0.124489,0.248978,0.373467,0.497955,0.622444,0.663971,0.705498,0.747024,0.788551,0.830077,0.843148,0.856219,0.86929,0.882361,0.895432,0.908503,0.921574,0.934645,0.947716,0.960787,0.973858,0.986929,1,1,1,1,1,1,1,1,1,1,1,1,1,1,1,1,1,1,1,1,1,1,1,1,1,1,1,1,1,1,1,1,1,1,1,1,1,1,1,1,1,1,1,1,1,1,1,1,1,1,1
indst low temp fuel type shifting,glass and glass products 231,,,0,0,0,0,0,0,0.05747,0.11494,0.17241,0.344821,0.517231,0.689641,0.862052,0.881253,0.900455,0.919656,0.938858,0.95806,0.961286,0.964512,0.967738,0.970964,0.974191,0.977417,0.980643,0.983869,0.987095,0.990321,0.993548,0.996774,1,1,1,1,1,1,1,1,1,1,1,1,1,1,1,1,1,1,1,1,1,1,1,1,1,1,1,1,1,1,1,1,1,1,1,1,1,1,1,1,1,1,1,1,1,1,1,1,1,1,1
indst low temp fuel type shifting,cement and other nonmetallic minerals 239,,,0,0,0,0,0,0,0.021666,0.043331,0.064997,0.129994,0.19499,0.259987,0.324984,0.459987,0.59499,0.729994,0.864997,1,1,1,1,1,1,1,1,1,1,1,1,1,1,1,1,1,1,1,1,1,1,1,1,1,1,1,1,1,1,1,1,1,1,1,1,1,1,1,1,1,1,1,1,1,1,1,1,1,1,1,1,1,1,1,1,1,1,1,1,1,1,1,1
indst low temp fuel type shifting,iron and steel 241,,,0,0,0,0,0,0,0.045161,0.090322,0.135483,0.270966,0.406449,0.541932,0.677415,0.722572,0.767728,0.812885,0.858041,0.903198,0.910644,0.91809,0.925537,0.932983,0.940429,0.947876,0.955322,0.962768,0.970215,0.977661,0.985107,0.992554,1,1,1,1,1,1,1,1,1,1,1,1,1,1,1,1,1,1,1,1,1,1,1,1,1,1,1,1,1,1,1,1,1,1,1,1,1,1,1,1,1,1,1,1,1,1,1,1,1,1,1
indst low temp fuel type shifting,other metals 242,,,0,0,0,0,0,0,0.045838,0.091675,0.137513,0.275026,0.412539,0.550052,0.687565,0.731313,0.775061,0.818809,0.862557,0.906304,0.913512,0.920719,0.927926,0.935134,0.942341,0.949549,0.956756,0.963963,0.971171,0.978378,0.985585,0.992793,1,1,1,1,1,1,1,1,1,1,1,1,1,1,1,1,1,1,1,1,1,1,1,1,1,1,1,1,1,1,1,1,1,1,1,1,1,1,1,1,1,1,1,1,1,1,1,1,1,1,1
indst low temp fuel type shifting,metal products except machinery and vehicles 25,,,0,0,0,0,0,0,0.057493,0.114986,0.172479,0.344958,0.517437,0.689916,0.862395,0.881546,0.900697,0.919849,0.939,0.958152,0.961371,0.96459,0.967809,0.971028,0.974247,0.977466,0.980685,0.983904,0.987124,0.990343,0.993562,0.996781,1,1,1,1,1,1,1,1,1,1,1,1,1,1,1,1,1,1,1,1,1,1,1,1,1,1,1,1,1,1,1,1,1,1,1,1,1,1,1,1,1,1,1,1,1,1,1,1,1,1,1
indst low temp fuel type shifting,computers and electronics 26,,,0,0,0,0,0,0,0.055735,0.111471,0.167206,0.334412,0.501618,0.668824,0.83603,0.863356,0.890683,0.918009,0.945335,0.972661,0.974764,0.976867,0.97897,0.981073,0.983176,0.985279,0.987382,0.989485,0.991588,0.993691,0.995794,0.997897,1,1,1,1,1,1,1,1,1,1,1,1,1,1,1,1,1,1,1,1,1,1,1,1,1,1,1,1,1,1,1,1,1,1,1,1,1,1,1,1,1,1,1,1,1,1,1,1,1,1,1
indst low temp fuel type shifting,appliances and electrical equipment 27,,,0,0,0,0,0,0,0.055735,0.111471,0.167206,0.334412,0.501618,0.668824,0.83603,0.863356,0.890683,0.918009,0.945335,0.972661,0.974764,0.976867,0.97897,0.981073,0.983176,0.985279,0.987382,0.989485,0.991588,0.993691,0.995794,0.997897,1,1,1,1,1,1,1,1,1,1,1,1,1,1,1,1,1,1,1,1,1,1,1,1,1,1,1,1,1,1,1,1,1,1,1,1,1,1,1,1,1,1,1,1,1,1,1,1,1,1,1
indst low temp fuel type shifting,other machinery 28,,,0,0,0,0,0,0,0.055735,0.111471,0.167206,0.334412,0.501618,0.668824,0.83603,0.863356,0.890683,0.918009,0.945335,0.972661,0.974764,0.976867,0.97897,0.981073,0.983176,0.985279,0.987382,0.989485,0.991588,0.993691,0.995794,0.997897,1,1,1,1,1,1,1,1,1,1,1,1,1,1,1,1,1,1,1,1,1,1,1,1,1,1,1,1,1,1,1,1,1,1,1,1,1,1,1,1,1,1,1,1,1,1,1,1,1,1,1
indst low temp fuel type shifting,road vehicles 29,,,0,0,0,0,0,0,0.062128,0.124256,0.186384,0.372768,0.559152,0.745536,0.93192,0.942144,0.952367,0.962591,0.972815,0.983039,0.984344,0.985648,0.986953,0.988258,0.989562,0.990867,0.992172,0.993476,0.994781,0.996086,0.997391,0.998695,1,1,1,1,1,1,1,1,1,1,1,1,1,1,1,1,1,1,1,1,1,1,1,1,1,1,1,1,1,1,1,1,1,1,1,1,1,1,1,1,1,1,1,1,1,1,1,1,1,1,1
indst low temp fuel type shifting,nonroad vehicles 30,,,0,0,0,0,0,0,0.055735,0.111471,0.167206,0.334412,0.501618,0.668824,0.83603,0.863356,0.890683,0.918009,0.945335,0.972661,0.974764,0.976867,0.97897,0.981073,0.983176,0.985279,0.987382,0.989485,0.991588,0.993691,0.995794,0.997897,1,1,1,1,1,1,1,1,1,1,1,1,1,1,1,1,1,1,1,1,1,1,1,1,1,1,1,1,1,1,1,1,1,1,1,1,1,1,1,1,1,1,1,1,1,1,1,1,1,1,1
indst low temp fuel type shifting,other manufacturing 31T33,,,0,0,0,0,0,0,0.05748,0.114961,0.172441,0.344882,0.517323,0.689764,0.862205,0.881365,0.900525,0.919685,0.938845,0.958005,0.961236,0.964466,0.967696,0.970927,0.974157,0.977387,0.980618,0.983848,0.987079,0.990309,0.993539,0.99677,1,1,1,1,1,1,1,1,1,1,1,1,1,1,1,1,1,1,1,1,1,1,1,1,1,1,1,1,1,1,1,1,1,1,1,1,1,1,1,1,1,1,1,1,1,1,1,1,1,1,1
indst low temp fuel type shifting,energy pipelines and gas processing 352T353,,,0,0,0,0,0,0,0.055735,0.111471,0.167206,0.334412,0.501618,0.668824,0.83603,0.863356,0.890683,0.918009,0.945335,0.972661,0.974764,0.976867,0.97897,0.981073,0.983176,0.985279,0.987382,0.989485,0.991588,0.993691,0.995794,0.997897,1,1,1,1,1,1,1,1,1,1,1,1,1,1,1,1,1,1,1,1,1,1,1,1,1,1,1,1,1,1,1,1,1,1,1,1,1,1,1,1,1,1,1,1,1,1,1,1,1,1,1
indst low temp fuel type shifting,water and waste 36T39,,,0,0,0,0,0,0,0.055735,0.111471,0.167206,0.334412,0.501618,0.668824,0.83603,0.863356,0.890683,0.918009,0.945335,0.972661,0.974764,0.976867,0.97897,0.981073,0.983176,0.985279,0.987382,0.989485,0.991588,0.993691,0.995794,0.997897,1,1,1,1,1,1,1,1,1,1,1,1,1,1,1,1,1,1,1,1,1,1,1,1,1,1,1,1,1,1,1,1,1,1,1,1,1,1,1,1,1,1,1,1,1,1,1,1,1,1,1
indst low temp fuel type shifting,construction 41T43,,,0,0,0,0,0,0,0.046667,0.093333,0.14,0.28,0.42,0.56,0.7,0.75,0.8,0.85,0.9,0.95,0.953846,0.957692,0.961538,0.965385,0.969231,0.973077,0.976923,0.980769,0.984615,0.988462,0.992308,0.996154,1,1,1,1,1,1,1,1,1,1,1,1,1,1,1,1,1,1,1,1,1,1,1,1,1,1,1,1,1,1,1,1,1,1,1,1,1,1,1,1,1,1,1,1,1,1,1,1,1,1,1
indst reduce nonenergy product demand,agriculture and forestry 01T03,,,0,0,0,0.026316,0.052632,0.078947,0.105263,0.131579,0.157895,0.184211,0.210526,0.236842,0.263158,0.289474,0.315789,0.342105,0.368421,0.394737,0.421053,0.447368,0.473684,0.5,0.526316,0.552632,0.578947,0.605263,0.631579,0.657895,0.684211,0.710526,0.736842,0.763158,0.789474,0.815789,0.842105,0.868421,0.894737,0.921053,0.947368,0.973684,1,1,1,1,1,1,1,1,1,1,1,1,1,1,1,1,1,1,1,1,1,1,1,1,1,1,1,1,1,1,1,1,1,1,1,1,1,1,1,1,1
indst reduce nonenergy product demand,coal mining 05,,,0,0,0,0.026316,0.052632,0.078947,0.105263,0.131579,0.157895,0.184211,0.210526,0.236842,0.263158,0.289474,0.315789,0.342105,0.368421,0.394737,0.421053,0.447368,0.473684,0.5,0.526316,0.552632,0.578947,0.605263,0.631579,0.657895,0.684211,0.710526,0.736842,0.763158,0.789474,0.815789,0.842105,0.868421,0.894737,0.921053,0.947368,0.973684,1,1,1,1,1,1,1,1,1,1,1,1,1,1,1,1,1,1,1,1,1,1,1,1,1,1,1,1,1,1,1,1,1,1,1,1,1,1,1,1,1
indst reduce nonenergy product demand,oil and gas extraction 06,,,0,0,0,0.026316,0.052632,0.078947,0.105263,0.131579,0.157895,0.184211,0.210526,0.236842,0.263158,0.289474,0.315789,0.342105,0.368421,0.394737,0.421053,0.447368,0.473684,0.5,0.526316,0.552632,0.578947,0.605263,0.631579,0.657895,0.684211,0.710526,0.736842,0.763158,0.789474,0.815789,0.842105,0.868421,0.894737,0.921053,0.947368,0.973684,1,1,1,1,1,1,1,1,1,1,1,1,1,1,1,1,1,1,1,1,1,1,1,1,1,1,1,1,1,1,1,1,1,1,1,1,1,1,1,1,1
indst reduce nonenergy product demand,other mining and quarrying 07T08,,,0,0,0,0.026316,0.052632,0.078947,0.105263,0.131579,0.157895,0.184211,0.210526,0.236842,0.263158,0.289474,0.315789,0.342105,0.368421,0.394737,0.421053,0.447368,0.473684,0.5,0.526316,0.552632,0.578947,0.605263,0.631579,0.657895,0.684211,0.710526,0.736842,0.763158,0.789474,0.815789,0.842105,0.868421,0.894737,0.921053,0.947368,0.973684,1,1,1,1,1,1,1,1,1,1,1,1,1,1,1,1,1,1,1,1,1,1,1,1,1,1,1,1,1,1,1,1,1,1,1,1,1,1,1,1,1
indst reduce nonenergy product demand,food beverage and tobacco 10T12,,,0,0,0,0.026316,0.052632,0.078947,0.105263,0.131579,0.157895,0.184211,0.210526,0.236842,0.263158,0.289474,0.315789,0.342105,0.368421,0.394737,0.421053,0.447368,0.473684,0.5,0.526316,0.552632,0.578947,0.605263,0.631579,0.657895,0.684211,0.710526,0.736842,0.763158,0.789474,0.815789,0.842105,0.868421,0.894737,0.921053,0.947368,0.973684,1,1,1,1,1,1,1,1,1,1,1,1,1,1,1,1,1,1,1,1,1,1,1,1,1,1,1,1,1,1,1,1,1,1,1,1,1,1,1,1,1
indst reduce nonenergy product demand,textiles apparel and leather 13T15,,,0,0,0,0.026316,0.052632,0.078947,0.105263,0.131579,0.157895,0.184211,0.210526,0.236842,0.263158,0.289474,0.315789,0.342105,0.368421,0.394737,0.421053,0.447368,0.473684,0.5,0.526316,0.552632,0.578947,0.605263,0.631579,0.657895,0.684211,0.710526,0.736842,0.763158,0.789474,0.815789,0.842105,0.868421,0.894737,0.921053,0.947368,0.973684,1,1,1,1,1,1,1,1,1,1,1,1,1,1,1,1,1,1,1,1,1,1,1,1,1,1,1,1,1,1,1,1,1,1,1,1,1,1,1,1,1
indst reduce nonenergy product demand,wood products 16,,,0,0,0,0.026316,0.052632,0.078947,0.105263,0.131579,0.157895,0.184211,0.210526,0.236842,0.263158,0.289474,0.315789,0.342105,0.368421,0.394737,0.421053,0.447368,0.473684,0.5,0.526316,0.552632,0.578947,0.605263,0.631579,0.657895,0.684211,0.710526,0.736842,0.763158,0.789474,0.815789,0.842105,0.868421,0.894737,0.921053,0.947368,0.973684,1,1,1,1,1,1,1,1,1,1,1,1,1,1,1,1,1,1,1,1,1,1,1,1,1,1,1,1,1,1,1,1,1,1,1,1,1,1,1,1,1
indst reduce nonenergy product demand,pulp paper and printing 17T18,,,0,0,0,0.026316,0.052632,0.078947,0.105263,0.131579,0.157895,0.184211,0.210526,0.236842,0.263158,0.289474,0.315789,0.342105,0.368421,0.394737,0.421053,0.447368,0.473684,0.5,0.526316,0.552632,0.578947,0.605263,0.631579,0.657895,0.684211,0.710526,0.736842,0.763158,0.789474,0.815789,0.842105,0.868421,0.894737,0.921053,0.947368,0.973684,1,1,1,1,1,1,1,1,1,1,1,1,1,1,1,1,1,1,1,1,1,1,1,1,1,1,1,1,1,1,1,1,1,1,1,1,1,1,1,1,1
indst reduce nonenergy product demand,refined petroleum and coke 19,,,0,0.205,0.585,0.553,0.997,0.997083,0.997167,0.99725,0.997333,0.997417,0.9975,0.997583,0.997667,0.99775,0.997833,0.997917,0.998,0.998083,0.998167,0.99825,0.998333,0.998417,0.9985,0.998583,0.998667,0.99875,0.998833,0.998917,0.999,0.999083,0.999167,0.99925,0.999333,0.999417,0.9995,0.999583,0.999667,0.99975,0.999833,0.999917,1,1,1,1,1,1,1,1,1,1,1,1,1,1,1,1,1,1,1,1,1,1,1,1,1,1,1,1,1,1,1,1,1,1,1,1,1,1,1,1,1
indst reduce nonenergy product demand,chemicals 20,,,0,0,0,0,0,0,0.1346,0.2692,0.4038,0.5384,0.673,0.7384,0.8038,0.8692,0.9346,1,1,1,1,1,1,1,1,1,1,1,1,1,1,1,1,1,1,1,1,1,1,1,1,1,1,1,1,1,1,1,1,1,1,1,1,1,1,1,1,1,1,1,1,1,1,1,1,1,1,1,1,1,1,1,1,1,1,1,1,1,1,1,1,1,1
indst reduce nonenergy product demand,rubber and plastic products 22,,,0,0,0,0.026316,0.052632,0.078947,0.105263,0.131579,0.157895,0.184211,0.210526,0.236842,0.263158,0.289474,0.315789,0.342105,0.368421,0.394737,0.421053,0.447368,0.473684,0.5,0.526316,0.552632,0.578947,0.605263,0.631579,0.657895,0.684211,0.710526,0.736842,0.763158,0.789474,0.815789,0.842105,0.868421,0.894737,0.921053,0.947368,0.973684,1,1,1,1,1,1,1,1,1,1,1,1,1,1,1,1,1,1,1,1,1,1,1,1,1,1,1,1,1,1,1,1,1,1,1,1,1,1,1,1,1
indst reduce nonenergy product demand,glass and glass products 231,,,0,0,0,0.026316,0.052632,0.078947,0.105263,0.131579,0.157895,0.184211,0.210526,0.236842,0.263158,0.289474,0.315789,0.342105,0.368421,0.394737,0.421053,0.447368,0.473684,0.5,0.526316,0.552632,0.578947,0.605263,0.631579,0.657895,0.684211,0.710526,0.736842,0.763158,0.789474,0.815789,0.842105,0.868421,0.894737,0.921053,0.947368,0.973684,1,1,1,1,1,1,1,1,1,1,1,1,1,1,1,1,1,1,1,1,1,1,1,1,1,1,1,1,1,1,1,1,1,1,1,1,1,1,1,1,1
indst reduce nonenergy product demand,cement and other nonmetallic minerals 239,,,0,0.013,0.189,0.291,0.425,0.517,0.597,0.677,0.757,0.837,0.917,0.9336,0.9502,0.9668,0.9834,1,1,1,1,1,1,1,1,1,1,1,1,1,1,1,1,1,1,1,1,1,1,1,1,1,1,1,1,1,1,1,1,1,1,1,1,1,1,1,1,1,1,1,1,1,1,1,1,1,1,1,1,1,1,1,1,1,1,1,1,1,1,1,1,1,1
indst reduce nonenergy product demand,iron and steel 241,,,0,0.107,0.202,0.283,0.365,0.476,0.5548,0.6336,0.7124,0.7912,0.87,0.896,0.922,0.948,0.974,1,1,1,1,1,1,1,1,1,1,1,1,1,1,1,1,1,1,1,1,1,1,1,1,1,1,1,1,1,1,1,1,1,1,1,1,1,1,1,1,1,1,1,1,1,1,1,1,1,1,1,1,1,1,1,1,1,1,1,1,1,1,1,1,1,1
indst reduce nonenergy product demand,other metals 242,,,0,0.044,0.114,0.208,0.239,0.299,0.3874,0.4758,0.5642,0.6526,0.741,0.7928,0.8446,0.8964,0.9482,1,1,1,1,1,1,1,1,1,1,1,1,1,1,1,1,1,1,1,1,1,1,1,1,1,1,1,1,1,1,1,1,1,1,1,1,1,1,1,1,1,1,1,1,1,1,1,1,1,1,1,1,1,1,1,1,1,1,1,1,1,1,1,1,1,1
indst reduce nonenergy product demand,metal products except machinery and vehicles 25,,,0,0,0,0.026316,0.052632,0.078947,0.105263,0.131579,0.157895,0.184211,0.210526,0.236842,0.263158,0.289474,0.315789,0.342105,0.368421,0.394737,0.421053,0.447368,0.473684,0.5,0.526316,0.552632,0.578947,0.605263,0.631579,0.657895,0.684211,0.710526,0.736842,0.763158,0.789474,0.815789,0.842105,0.868421,0.894737,0.921053,0.947368,0.973684,1,1,1,1,1,1,1,1,1,1,1,1,1,1,1,1,1,1,1,1,1,1,1,1,1,1,1,1,1,1,1,1,1,1,1,1,1,1,1,1,1
indst reduce nonenergy product demand,computers and electronics 26,,,0,0,0,0.026316,0.052632,0.078947,0.105263,0.131579,0.157895,0.184211,0.210526,0.236842,0.263158,0.289474,0.315789,0.342105,0.368421,0.394737,0.421053,0.447368,0.473684,0.5,0.526316,0.552632,0.578947,0.605263,0.631579,0.657895,0.684211,0.710526,0.736842,0.763158,0.789474,0.815789,0.842105,0.868421,0.894737,0.921053,0.947368,0.973684,1,1,1,1,1,1,1,1,1,1,1,1,1,1,1,1,1,1,1,1,1,1,1,1,1,1,1,1,1,1,1,1,1,1,1,1,1,1,1,1,1
indst reduce nonenergy product demand,appliances and electrical equipment 27,,,0,0,0,0.026316,0.052632,0.078947,0.105263,0.131579,0.157895,0.184211,0.210526,0.236842,0.263158,0.289474,0.315789,0.342105,0.368421,0.394737,0.421053,0.447368,0.473684,0.5,0.526316,0.552632,0.578947,0.605263,0.631579,0.657895,0.684211,0.710526,0.736842,0.763158,0.789474,0.815789,0.842105,0.868421,0.894737,0.921053,0.947368,0.973684,1,1,1,1,1,1,1,1,1,1,1,1,1,1,1,1,1,1,1,1,1,1,1,1,1,1,1,1,1,1,1,1,1,1,1,1,1,1,1,1,1
indst reduce nonenergy product demand,other machinery 28,,,0,0,0,0.026316,0.052632,0.078947,0.105263,0.131579,0.157895,0.184211,0.210526,0.236842,0.263158,0.289474,0.315789,0.342105,0.368421,0.394737,0.421053,0.447368,0.473684,0.5,0.526316,0.552632,0.578947,0.605263,0.631579,0.657895,0.684211,0.710526,0.736842,0.763158,0.789474,0.815789,0.842105,0.868421,0.894737,0.921053,0.947368,0.973684,1,1,1,1,1,1,1,1,1,1,1,1,1,1,1,1,1,1,1,1,1,1,1,1,1,1,1,1,1,1,1,1,1,1,1,1,1,1,1,1,1
indst reduce nonenergy product demand,road vehicles 29,,,0,0,0,0.026316,0.052632,0.078947,0.105263,0.131579,0.157895,0.184211,0.210526,0.236842,0.263158,0.289474,0.315789,0.342105,0.368421,0.394737,0.421053,0.447368,0.473684,0.5,0.526316,0.552632,0.578947,0.605263,0.631579,0.657895,0.684211,0.710526,0.736842,0.763158,0.789474,0.815789,0.842105,0.868421,0.894737,0.921053,0.947368,0.973684,1,1,1,1,1,1,1,1,1,1,1,1,1,1,1,1,1,1,1,1,1,1,1,1,1,1,1,1,1,1,1,1,1,1,1,1,1,1,1,1,1
indst reduce nonenergy product demand,nonroad vehicles 30,,,0,0,0,0.026316,0.052632,0.078947,0.105263,0.131579,0.157895,0.184211,0.210526,0.236842,0.263158,0.289474,0.315789,0.342105,0.368421,0.394737,0.421053,0.447368,0.473684,0.5,0.526316,0.552632,0.578947,0.605263,0.631579,0.657895,0.684211,0.710526,0.736842,0.763158,0.789474,0.815789,0.842105,0.868421,0.894737,0.921053,0.947368,0.973684,1,1,1,1,1,1,1,1,1,1,1,1,1,1,1,1,1,1,1,1,1,1,1,1,1,1,1,1,1,1,1,1,1,1,1,1,1,1,1,1,1
indst reduce nonenergy product demand,other manufacturing 31T33,,,0,0,0,0.026316,0.052632,0.078947,0.105263,0.131579,0.157895,0.184211,0.210526,0.236842,0.263158,0.289474,0.315789,0.342105,0.368421,0.394737,0.421053,0.447368,0.473684,0.5,0.526316,0.552632,0.578947,0.605263,0.631579,0.657895,0.684211,0.710526,0.736842,0.763158,0.789474,0.815789,0.842105,0.868421,0.894737,0.921053,0.947368,0.973684,1,1,1,1,1,1,1,1,1,1,1,1,1,1,1,1,1,1,1,1,1,1,1,1,1,1,1,1,1,1,1,1,1,1,1,1,1,1,1,1,1
indst reduce nonenergy product demand,energy pipelines and gas processing 352T353,,,0,0,0,0.026316,0.052632,0.078947,0.105263,0.131579,0.157895,0.184211,0.210526,0.236842,0.263158,0.289474,0.315789,0.342105,0.368421,0.394737,0.421053,0.447368,0.473684,0.5,0.526316,0.552632,0.578947,0.605263,0.631579,0.657895,0.684211,0.710526,0.736842,0.763158,0.789474,0.815789,0.842105,0.868421,0.894737,0.921053,0.947368,0.973684,1,1,1,1,1,1,1,1,1,1,1,1,1,1,1,1,1,1,1,1,1,1,1,1,1,1,1,1,1,1,1,1,1,1,1,1,1,1,1,1,1
indst reduce nonenergy product demand,water and waste 36T39,,,0,0,0,0.026316,0.052632,0.078947,0.105263,0.131579,0.157895,0.184211,0.210526,0.236842,0.263158,0.289474,0.315789,0.342105,0.368421,0.394737,0.421053,0.447368,0.473684,0.5,0.526316,0.552632,0.578947,0.605263,0.631579,0.657895,0.684211,0.710526,0.736842,0.763158,0.789474,0.815789,0.842105,0.868421,0.894737,0.921053,0.947368,0.973684,1,1,1,1,1,1,1,1,1,1,1,1,1,1,1,1,1,1,1,1,1,1,1,1,1,1,1,1,1,1,1,1,1,1,1,1,1,1,1,1,1
indst reduce nonenergy product demand,construction 41T43,,,0,0,0,0.026316,0.052632,0.078947,0.105263,0.131579,0.157895,0.184211,0.210526,0.236842,0.263158,0.289474,0.315789,0.342105,0.368421,0.394737,0.421053,0.447368,0.473684,0.5,0.526316,0.552632,0.578947,0.605263,0.631579,0.657895,0.684211,0.710526,0.736842,0.763158,0.789474,0.815789,0.842105,0.868421,0.894737,0.921053,0.947368,0.973684,1,1,1,1,1,1,1,1,1,1,1,1,1,1,1,1,1,1,1,1,1,1,1,1,1,1,1,1,1,1,1,1,1,1,1,1,1,1,1,1,1
indst shift to nonanimal products,,,,0,0,0,0.026316,0.052632,0.078947,0.105263,0.131579,0.157895,0.184211,0.210526,0.236842,0.263158,0.289474,0.315789,0.342105,0.368421,0.394737,0.421053,0.447368,0.473684,0.5,0.526316,0.552632,0.578947,0.605263,0.631579,0.657895,0.684211,0.710526,0.736842,0.763158,0.789474,0.815789,0.842105,0.868421,0.894737,0.921053,0.947368,0.973684,1,1,1,1,1,1,1,1,1,1,1,1,1,1,1,1,1,1,1,1,1,1,1,1,1,1,1,1,1,1,1,1,1,1,1,1,1,1,1,1,1
indst reduce fossil fuel exports,electricity,,,0,0,0,0.026316,0.052632,0.078947,0.105263,0.131579,0.157895,0.184211,0.210526,0.236842,0.263158,0.289474,0.315789,0.342105,0.368421,0.394737,0.421053,0.447368,0.473684,0.5,0.526316,0.552632,0.578947,0.605263,0.631579,0.657895,0.684211,0.710526,0.736842,0.763158,0.789474,0.815789,0.842105,0.868421,0.894737,0.921053,0.947368,0.973684,1,1,1,1,1,1,1,1,1,1,1,1,1,1,1,1,1,1,1,1,1,1,1,1,1,1,1,1,1,1,1,1,1,1,1,1,1,1,1,1,1
indst reduce fossil fuel exports,hard coal,,,0,0,0,0.026316,0.052632,0.078947,0.105263,0.131579,0.157895,0.184211,0.210526,0.236842,0.263158,0.289474,0.315789,0.342105,0.368421,0.394737,0.421053,0.447368,0.473684,0.5,0.526316,0.552632,0.578947,0.605263,0.631579,0.657895,0.684211,0.710526,0.736842,0.763158,0.789474,0.815789,0.842105,0.868421,0.894737,0.921053,0.947368,0.973684,1,1,1,1,1,1,1,1,1,1,1,1,1,1,1,1,1,1,1,1,1,1,1,1,1,1,1,1,1,1,1,1,1,1,1,1,1,1,1,1,1
indst reduce fossil fuel exports,natural gas,,,0,0,0,0.026316,0.052632,0.078947,0.105263,0.131579,0.157895,0.184211,0.210526,0.236842,0.263158,0.289474,0.315789,0.342105,0.368421,0.394737,0.421053,0.447368,0.473684,0.5,0.526316,0.552632,0.578947,0.605263,0.631579,0.657895,0.684211,0.710526,0.736842,0.763158,0.789474,0.815789,0.842105,0.868421,0.894737,0.921053,0.947368,0.973684,1,1,1,1,1,1,1,1,1,1,1,1,1,1,1,1,1,1,1,1,1,1,1,1,1,1,1,1,1,1,1,1,1,1,1,1,1,1,1,1,1
indst reduce fossil fuel exports,nuclear,,,0,0,0,0.026316,0.052632,0.078947,0.105263,0.131579,0.157895,0.184211,0.210526,0.236842,0.263158,0.289474,0.315789,0.342105,0.368421,0.394737,0.421053,0.447368,0.473684,0.5,0.526316,0.552632,0.578947,0.605263,0.631579,0.657895,0.684211,0.710526,0.736842,0.763158,0.789474,0.815789,0.842105,0.868421,0.894737,0.921053,0.947368,0.973684,1,1,1,1,1,1,1,1,1,1,1,1,1,1,1,1,1,1,1,1,1,1,1,1,1,1,1,1,1,1,1,1,1,1,1,1,1,1,1,1,1
indst reduce fossil fuel exports,hydro,,,0,0,0,0.026316,0.052632,0.078947,0.105263,0.131579,0.157895,0.184211,0.210526,0.236842,0.263158,0.289474,0.315789,0.342105,0.368421,0.394737,0.421053,0.447368,0.473684,0.5,0.526316,0.552632,0.578947,0.605263,0.631579,0.657895,0.684211,0.710526,0.736842,0.763158,0.789474,0.815789,0.842105,0.868421,0.894737,0.921053,0.947368,0.973684,1,1,1,1,1,1,1,1,1,1,1,1,1,1,1,1,1,1,1,1,1,1,1,1,1,1,1,1,1,1,1,1,1,1,1,1,1,1,1,1,1
indst reduce fossil fuel exports,wind,,,0,0,0,0.026316,0.052632,0.078947,0.105263,0.131579,0.157895,0.184211,0.210526,0.236842,0.263158,0.289474,0.315789,0.342105,0.368421,0.394737,0.421053,0.447368,0.473684,0.5,0.526316,0.552632,0.578947,0.605263,0.631579,0.657895,0.684211,0.710526,0.736842,0.763158,0.789474,0.815789,0.842105,0.868421,0.894737,0.921053,0.947368,0.973684,1,1,1,1,1,1,1,1,1,1,1,1,1,1,1,1,1,1,1,1,1,1,1,1,1,1,1,1,1,1,1,1,1,1,1,1,1,1,1,1,1
indst reduce fossil fuel exports,solar,,,0,0,0,0.026316,0.052632,0.078947,0.105263,0.131579,0.157895,0.184211,0.210526,0.236842,0.263158,0.289474,0.315789,0.342105,0.368421,0.394737,0.421053,0.447368,0.473684,0.5,0.526316,0.552632,0.578947,0.605263,0.631579,0.657895,0.684211,0.710526,0.736842,0.763158,0.789474,0.815789,0.842105,0.868421,0.894737,0.921053,0.947368,0.973684,1,1,1,1,1,1,1,1,1,1,1,1,1,1,1,1,1,1,1,1,1,1,1,1,1,1,1,1,1,1,1,1,1,1,1,1,1,1,1,1,1
indst reduce fossil fuel exports,biomass,,,0,0,0,0.026316,0.052632,0.078947,0.105263,0.131579,0.157895,0.184211,0.210526,0.236842,0.263158,0.289474,0.315789,0.342105,0.368421,0.394737,0.421053,0.447368,0.473684,0.5,0.526316,0.552632,0.578947,0.605263,0.631579,0.657895,0.684211,0.710526,0.736842,0.763158,0.789474,0.815789,0.842105,0.868421,0.894737,0.921053,0.947368,0.973684,1,1,1,1,1,1,1,1,1,1,1,1,1,1,1,1,1,1,1,1,1,1,1,1,1,1,1,1,1,1,1,1,1,1,1,1,1,1,1,1,1
indst reduce fossil fuel exports,petroleum gasoline,,,0,0,0,0.026316,0.052632,0.078947,0.105263,0.131579,0.157895,0.184211,0.210526,0.236842,0.263158,0.289474,0.315789,0.342105,0.368421,0.394737,0.421053,0.447368,0.473684,0.5,0.526316,0.552632,0.578947,0.605263,0.631579,0.657895,0.684211,0.710526,0.736842,0.763158,0.789474,0.815789,0.842105,0.868421,0.894737,0.921053,0.947368,0.973684,1,1,1,1,1,1,1,1,1,1,1,1,1,1,1,1,1,1,1,1,1,1,1,1,1,1,1,1,1,1,1,1,1,1,1,1,1,1,1,1,1
indst reduce fossil fuel exports,petroleum diesel,,,0,0,0,0.026316,0.052632,0.078947,0.105263,0.131579,0.157895,0.184211,0.210526,0.236842,0.263158,0.289474,0.315789,0.342105,0.368421,0.394737,0.421053,0.447368,0.473684,0.5,0.526316,0.552632,0.578947,0.605263,0.631579,0.657895,0.684211,0.710526,0.736842,0.763158,0.789474,0.815789,0.842105,0.868421,0.894737,0.921053,0.947368,0.973684,1,1,1,1,1,1,1,1,1,1,1,1,1,1,1,1,1,1,1,1,1,1,1,1,1,1,1,1,1,1,1,1,1,1,1,1,1,1,1,1,1
indst reduce fossil fuel exports,biofuel gasoline,,,0,0,0,0.026316,0.052632,0.078947,0.105263,0.131579,0.157895,0.184211,0.210526,0.236842,0.263158,0.289474,0.315789,0.342105,0.368421,0.394737,0.421053,0.447368,0.473684,0.5,0.526316,0.552632,0.578947,0.605263,0.631579,0.657895,0.684211,0.710526,0.736842,0.763158,0.789474,0.815789,0.842105,0.868421,0.894737,0.921053,0.947368,0.973684,1,1,1,1,1,1,1,1,1,1,1,1,1,1,1,1,1,1,1,1,1,1,1,1,1,1,1,1,1,1,1,1,1,1,1,1,1,1,1,1,1
indst reduce fossil fuel exports,biofuel diesel,,,0,0,0,0.026316,0.052632,0.078947,0.105263,0.131579,0.157895,0.184211,0.210526,0.236842,0.263158,0.289474,0.315789,0.342105,0.368421,0.394737,0.421053,0.447368,0.473684,0.5,0.526316,0.552632,0.578947,0.605263,0.631579,0.657895,0.684211,0.710526,0.736842,0.763158,0.789474,0.815789,0.842105,0.868421,0.894737,0.921053,0.947368,0.973684,1,1,1,1,1,1,1,1,1,1,1,1,1,1,1,1,1,1,1,1,1,1,1,1,1,1,1,1,1,1,1,1,1,1,1,1,1,1,1,1,1
indst reduce fossil fuel exports,jet fuel or kerosene,,,0,0,0,0.026316,0.052632,0.078947,0.105263,0.131579,0.157895,0.184211,0.210526,0.236842,0.263158,0.289474,0.315789,0.342105,0.368421,0.394737,0.421053,0.447368,0.473684,0.5,0.526316,0.552632,0.578947,0.605263,0.631579,0.657895,0.684211,0.710526,0.736842,0.763158,0.789474,0.815789,0.842105,0.868421,0.894737,0.921053,0.947368,0.973684,1,1,1,1,1,1,1,1,1,1,1,1,1,1,1,1,1,1,1,1,1,1,1,1,1,1,1,1,1,1,1,1,1,1,1,1,1,1,1,1,1
indst reduce fossil fuel exports,heat,,,0,0,0,0.026316,0.052632,0.078947,0.105263,0.131579,0.157895,0.184211,0.210526,0.236842,0.263158,0.289474,0.315789,0.342105,0.368421,0.394737,0.421053,0.447368,0.473684,0.5,0.526316,0.552632,0.578947,0.605263,0.631579,0.657895,0.684211,0.710526,0.736842,0.763158,0.789474,0.815789,0.842105,0.868421,0.894737,0.921053,0.947368,0.973684,1,1,1,1,1,1,1,1,1,1,1,1,1,1,1,1,1,1,1,1,1,1,1,1,1,1,1,1,1,1,1,1,1,1,1,1,1,1,1,1,1
indst reduce fossil fuel exports,geothermal,,,0,0,0,0.026316,0.052632,0.078947,0.105263,0.131579,0.157895,0.184211,0.210526,0.236842,0.263158,0.289474,0.315789,0.342105,0.368421,0.394737,0.421053,0.447368,0.473684,0.5,0.526316,0.552632,0.578947,0.605263,0.631579,0.657895,0.684211,0.710526,0.736842,0.763158,0.789474,0.815789,0.842105,0.868421,0.894737,0.921053,0.947368,0.973684,1,1,1,1,1,1,1,1,1,1,1,1,1,1,1,1,1,1,1,1,1,1,1,1,1,1,1,1,1,1,1,1,1,1,1,1,1,1,1,1,1
indst reduce fossil fuel exports,lignite,,,0,0,0,0.026316,0.052632,0.078947,0.105263,0.131579,0.157895,0.184211,0.210526,0.236842,0.263158,0.289474,0.315789,0.342105,0.368421,0.394737,0.421053,0.447368,0.473684,0.5,0.526316,0.552632,0.578947,0.605263,0.631579,0.657895,0.684211,0.710526,0.736842,0.763158,0.789474,0.815789,0.842105,0.868421,0.894737,0.921053,0.947368,0.973684,1,1,1,1,1,1,1,1,1,1,1,1,1,1,1,1,1,1,1,1,1,1,1,1,1,1,1,1,1,1,1,1,1,1,1,1,1,1,1,1,1
indst reduce fossil fuel exports,crude oil,,,0,0,0,0.026316,0.052632,0.078947,0.105263,0.131579,0.157895,0.184211,0.210526,0.236842,0.263158,0.289474,0.315789,0.342105,0.368421,0.394737,0.421053,0.447368,0.473684,0.5,0.526316,0.552632,0.578947,0.605263,0.631579,0.657895,0.684211,0.710526,0.736842,0.763158,0.789474,0.815789,0.842105,0.868421,0.894737,0.921053,0.947368,0.973684,1,1,1,1,1,1,1,1,1,1,1,1,1,1,1,1,1,1,1,1,1,1,1,1,1,1,1,1,1,1,1,1,1,1,1,1,1,1,1,1,1
indst reduce fossil fuel exports,heavy or residual fuel oil,,,0,0,0,0.026316,0.052632,0.078947,0.105263,0.131579,0.157895,0.184211,0.210526,0.236842,0.263158,0.289474,0.315789,0.342105,0.368421,0.394737,0.421053,0.447368,0.473684,0.5,0.526316,0.552632,0.578947,0.605263,0.631579,0.657895,0.684211,0.710526,0.736842,0.763158,0.789474,0.815789,0.842105,0.868421,0.894737,0.921053,0.947368,0.973684,1,1,1,1,1,1,1,1,1,1,1,1,1,1,1,1,1,1,1,1,1,1,1,1,1,1,1,1,1,1,1,1,1,1,1,1,1,1,1,1,1
indst reduce fossil fuel exports,LPG propane or butane,,,0,0,0,0.026316,0.052632,0.078947,0.105263,0.131579,0.157895,0.184211,0.210526,0.236842,0.263158,0.289474,0.315789,0.342105,0.368421,0.394737,0.421053,0.447368,0.473684,0.5,0.526316,0.552632,0.578947,0.605263,0.631579,0.657895,0.684211,0.710526,0.736842,0.763158,0.789474,0.815789,0.842105,0.868421,0.894737,0.921053,0.947368,0.973684,1,1,1,1,1,1,1,1,1,1,1,1,1,1,1,1,1,1,1,1,1,1,1,1,1,1,1,1,1,1,1,1,1,1,1,1,1,1,1,1,1
indst reduce fossil fuel exports,municipal solid waste,,,0,0,0,0.026316,0.052632,0.078947,0.105263,0.131579,0.157895,0.184211,0.210526,0.236842,0.263158,0.289474,0.315789,0.342105,0.368421,0.394737,0.421053,0.447368,0.473684,0.5,0.526316,0.552632,0.578947,0.605263,0.631579,0.657895,0.684211,0.710526,0.736842,0.763158,0.789474,0.815789,0.842105,0.868421,0.894737,0.921053,0.947368,0.973684,1,1,1,1,1,1,1,1,1,1,1,1,1,1,1,1,1,1,1,1,1,1,1,1,1,1,1,1,1,1,1,1,1,1,1,1,1,1,1,1,1
indst reduce fossil fuel exports,hydrogen,,,0,0,0,0.026316,0.052632,0.078947,0.105263,0.131579,0.157895,0.184211,0.210526,0.236842,0.263158,0.289474,0.315789,0.342105,0.368421,0.394737,0.421053,0.447368,0.473684,0.5,0.526316,0.552632,0.578947,0.605263,0.631579,0.657895,0.684211,0.710526,0.736842,0.763158,0.789474,0.815789,0.842105,0.868421,0.894737,0.921053,0.947368,0.973684,1,1,1,1,1,1,1,1,1,1,1,1,1,1,1,1,1,1,1,1,1,1,1,1,1,1,1,1,1,1,1,1,1,1,1,1,1,1,1,1,1
indst CCS,agriculture and forestry 01T03,energy related emissions,,0,0,0,0.026316,0.052632,0.078947,0.105263,0.131579,0.157895,0.184211,0.210526,0.236842,0.263158,0.289474,0.315789,0.342105,0.368421,0.394737,0.421053,0.447368,0.473684,0.5,0.526316,0.552632,0.578947,0.605263,0.631579,0.657895,0.684211,0.710526,0.736842,0.763158,0.789474,0.815789,0.842105,0.868421,0.894737,0.921053,0.947368,0.973684,1,1,1,1,1,1,1,1,1,1,1,1,1,1,1,1,1,1,1,1,1,1,1,1,1,1,1,1,1,1,1,1,1,1,1,1,1,1,1,1,1
indst CCS,agriculture and forestry 01T03,process emissions,,0,0,0,0.026316,0.052632,0.078947,0.105263,0.131579,0.157895,0.184211,0.210526,0.236842,0.263158,0.289474,0.315789,0.342105,0.368421,0.394737,0.421053,0.447368,0.473684,0.5,0.526316,0.552632,0.578947,0.605263,0.631579,0.657895,0.684211,0.710526,0.736842,0.763158,0.789474,0.815789,0.842105,0.868421,0.894737,0.921053,0.947368,0.973684,1,1,1,1,1,1,1,1,1,1,1,1,1,1,1,1,1,1,1,1,1,1,1,1,1,1,1,1,1,1,1,1,1,1,1,1,1,1,1,1,1
indst CCS,coal mining 05,energy related emissions,,0,0,0,0.026316,0.052632,0.078947,0.105263,0.131579,0.157895,0.184211,0.210526,0.236842,0.263158,0.289474,0.315789,0.342105,0.368421,0.394737,0.421053,0.447368,0.473684,0.5,0.526316,0.552632,0.578947,0.605263,0.631579,0.657895,0.684211,0.710526,0.736842,0.763158,0.789474,0.815789,0.842105,0.868421,0.894737,0.921053,0.947368,0.973684,1,1,1,1,1,1,1,1,1,1,1,1,1,1,1,1,1,1,1,1,1,1,1,1,1,1,1,1,1,1,1,1,1,1,1,1,1,1,1,1,1
indst CCS,coal mining 05,process emissions,,0,0,0,0.026316,0.052632,0.078947,0.105263,0.131579,0.157895,0.184211,0.210526,0.236842,0.263158,0.289474,0.315789,0.342105,0.368421,0.394737,0.421053,0.447368,0.473684,0.5,0.526316,0.552632,0.578947,0.605263,0.631579,0.657895,0.684211,0.710526,0.736842,0.763158,0.789474,0.815789,0.842105,0.868421,0.894737,0.921053,0.947368,0.973684,1,1,1,1,1,1,1,1,1,1,1,1,1,1,1,1,1,1,1,1,1,1,1,1,1,1,1,1,1,1,1,1,1,1,1,1,1,1,1,1,1
indst CCS,oil and gas extraction 06,energy related emissions,,0,0,0,0.026316,0.052632,0.078947,0.105263,0.131579,0.157895,0.184211,0.210526,0.236842,0.263158,0.289474,0.315789,0.342105,0.368421,0.394737,0.421053,0.447368,0.473684,0.5,0.526316,0.552632,0.578947,0.605263,0.631579,0.657895,0.684211,0.710526,0.736842,0.763158,0.789474,0.815789,0.842105,0.868421,0.894737,0.921053,0.947368,0.973684,1,1,1,1,1,1,1,1,1,1,1,1,1,1,1,1,1,1,1,1,1,1,1,1,1,1,1,1,1,1,1,1,1,1,1,1,1,1,1,1,1
indst CCS,oil and gas extraction 06,process emissions,,0,0,0,0.026316,0.052632,0.078947,0.105263,0.131579,0.157895,0.184211,0.210526,0.236842,0.263158,0.289474,0.315789,0.342105,0.368421,0.394737,0.421053,0.447368,0.473684,0.5,0.526316,0.552632,0.578947,0.605263,0.631579,0.657895,0.684211,0.710526,0.736842,0.763158,0.789474,0.815789,0.842105,0.868421,0.894737,0.921053,0.947368,0.973684,1,1,1,1,1,1,1,1,1,1,1,1,1,1,1,1,1,1,1,1,1,1,1,1,1,1,1,1,1,1,1,1,1,1,1,1,1,1,1,1,1
indst CCS,other mining and quarrying 07T08,energy related emissions,,0,0,0,0.026316,0.052632,0.078947,0.105263,0.131579,0.157895,0.184211,0.210526,0.236842,0.263158,0.289474,0.315789,0.342105,0.368421,0.394737,0.421053,0.447368,0.473684,0.5,0.526316,0.552632,0.578947,0.605263,0.631579,0.657895,0.684211,0.710526,0.736842,0.763158,0.789474,0.815789,0.842105,0.868421,0.894737,0.921053,0.947368,0.973684,1,1,1,1,1,1,1,1,1,1,1,1,1,1,1,1,1,1,1,1,1,1,1,1,1,1,1,1,1,1,1,1,1,1,1,1,1,1,1,1,1
indst CCS,other mining and quarrying 07T08,process emissions,,0,0,0,0.026316,0.052632,0.078947,0.105263,0.131579,0.157895,0.184211,0.210526,0.236842,0.263158,0.289474,0.315789,0.342105,0.368421,0.394737,0.421053,0.447368,0.473684,0.5,0.526316,0.552632,0.578947,0.605263,0.631579,0.657895,0.684211,0.710526,0.736842,0.763158,0.789474,0.815789,0.842105,0.868421,0.894737,0.921053,0.947368,0.973684,1,1,1,1,1,1,1,1,1,1,1,1,1,1,1,1,1,1,1,1,1,1,1,1,1,1,1,1,1,1,1,1,1,1,1,1,1,1,1,1,1
indst CCS,food beverage and tobacco 10T12,energy related emissions,,0,0,0,0.026316,0.052632,0.078947,0.105263,0.131579,0.157895,0.184211,0.210526,0.236842,0.263158,0.289474,0.315789,0.342105,0.368421,0.394737,0.421053,0.447368,0.473684,0.5,0.526316,0.552632,0.578947,0.605263,0.631579,0.657895,0.684211,0.710526,0.736842,0.763158,0.789474,0.815789,0.842105,0.868421,0.894737,0.921053,0.947368,0.973684,1,1,1,1,1,1,1,1,1,1,1,1,1,1,1,1,1,1,1,1,1,1,1,1,1,1,1,1,1,1,1,1,1,1,1,1,1,1,1,1,1
indst CCS,food beverage and tobacco 10T12,process emissions,,0,0,0,0.026316,0.052632,0.078947,0.105263,0.131579,0.157895,0.184211,0.210526,0.236842,0.263158,0.289474,0.315789,0.342105,0.368421,0.394737,0.421053,0.447368,0.473684,0.5,0.526316,0.552632,0.578947,0.605263,0.631579,0.657895,0.684211,0.710526,0.736842,0.763158,0.789474,0.815789,0.842105,0.868421,0.894737,0.921053,0.947368,0.973684,1,1,1,1,1,1,1,1,1,1,1,1,1,1,1,1,1,1,1,1,1,1,1,1,1,1,1,1,1,1,1,1,1,1,1,1,1,1,1,1,1
indst CCS,textiles apparel and leather 13T15,energy related emissions,,0,0,0,0.026316,0.052632,0.078947,0.105263,0.131579,0.157895,0.184211,0.210526,0.236842,0.263158,0.289474,0.315789,0.342105,0.368421,0.394737,0.421053,0.447368,0.473684,0.5,0.526316,0.552632,0.578947,0.605263,0.631579,0.657895,0.684211,0.710526,0.736842,0.763158,0.789474,0.815789,0.842105,0.868421,0.894737,0.921053,0.947368,0.973684,1,1,1,1,1,1,1,1,1,1,1,1,1,1,1,1,1,1,1,1,1,1,1,1,1,1,1,1,1,1,1,1,1,1,1,1,1,1,1,1,1
indst CCS,textiles apparel and leather 13T15,process emissions,,0,0,0,0.026316,0.052632,0.078947,0.105263,0.131579,0.157895,0.184211,0.210526,0.236842,0.263158,0.289474,0.315789,0.342105,0.368421,0.394737,0.421053,0.447368,0.473684,0.5,0.526316,0.552632,0.578947,0.605263,0.631579,0.657895,0.684211,0.710526,0.736842,0.763158,0.789474,0.815789,0.842105,0.868421,0.894737,0.921053,0.947368,0.973684,1,1,1,1,1,1,1,1,1,1,1,1,1,1,1,1,1,1,1,1,1,1,1,1,1,1,1,1,1,1,1,1,1,1,1,1,1,1,1,1,1
indst CCS,wood products 16,energy related emissions,,0,0,0,0.026316,0.052632,0.078947,0.105263,0.131579,0.157895,0.184211,0.210526,0.236842,0.263158,0.289474,0.315789,0.342105,0.368421,0.394737,0.421053,0.447368,0.473684,0.5,0.526316,0.552632,0.578947,0.605263,0.631579,0.657895,0.684211,0.710526,0.736842,0.763158,0.789474,0.815789,0.842105,0.868421,0.894737,0.921053,0.947368,0.973684,1,1,1,1,1,1,1,1,1,1,1,1,1,1,1,1,1,1,1,1,1,1,1,1,1,1,1,1,1,1,1,1,1,1,1,1,1,1,1,1,1
indst CCS,wood products 16,process emissions,,0,0,0,0.026316,0.052632,0.078947,0.105263,0.131579,0.157895,0.184211,0.210526,0.236842,0.263158,0.289474,0.315789,0.342105,0.368421,0.394737,0.421053,0.447368,0.473684,0.5,0.526316,0.552632,0.578947,0.605263,0.631579,0.657895,0.684211,0.710526,0.736842,0.763158,0.789474,0.815789,0.842105,0.868421,0.894737,0.921053,0.947368,0.973684,1,1,1,1,1,1,1,1,1,1,1,1,1,1,1,1,1,1,1,1,1,1,1,1,1,1,1,1,1,1,1,1,1,1,1,1,1,1,1,1,1
indst CCS,pulp paper and printing 17T18,energy related emissions,,0,0,0,0.026316,0.052632,0.078947,0.105263,0.131579,0.157895,0.184211,0.210526,0.236842,0.263158,0.289474,0.315789,0.342105,0.368421,0.394737,0.421053,0.447368,0.473684,0.5,0.526316,0.552632,0.578947,0.605263,0.631579,0.657895,0.684211,0.710526,0.736842,0.763158,0.789474,0.815789,0.842105,0.868421,0.894737,0.921053,0.947368,0.973684,1,1,1,1,1,1,1,1,1,1,1,1,1,1,1,1,1,1,1,1,1,1,1,1,1,1,1,1,1,1,1,1,1,1,1,1,1,1,1,1,1
indst CCS,pulp paper and printing 17T18,process emissions,,0,0,0,0.026316,0.052632,0.078947,0.105263,0.131579,0.157895,0.184211,0.210526,0.236842,0.263158,0.289474,0.315789,0.342105,0.368421,0.394737,0.421053,0.447368,0.473684,0.5,0.526316,0.552632,0.578947,0.605263,0.631579,0.657895,0.684211,0.710526,0.736842,0.763158,0.789474,0.815789,0.842105,0.868421,0.894737,0.921053,0.947368,0.973684,1,1,1,1,1,1,1,1,1,1,1,1,1,1,1,1,1,1,1,1,1,1,1,1,1,1,1,1,1,1,1,1,1,1,1,1,1,1,1,1,1
indst CCS,refined petroleum and coke 19,energy related emissions,,0,0,0,0.026316,0.052632,0.078947,0.105263,0.131579,0.157895,0.184211,0.210526,0.236842,0.263158,0.289474,0.315789,0.342105,0.368421,0.394737,0.421053,0.447368,0.473684,0.5,0.526316,0.552632,0.578947,0.605263,0.631579,0.657895,0.684211,0.710526,0.736842,0.763158,0.789474,0.815789,0.842105,0.868421,0.894737,0.921053,0.947368,0.973684,1,1,1,1,1,1,1,1,1,1,1,1,1,1,1,1,1,1,1,1,1,1,1,1,1,1,1,1,1,1,1,1,1,1,1,1,1,1,1,1,1
indst CCS,refined petroleum and coke 19,process emissions,,0,0,0,0.026316,0.052632,0.078947,0.105263,0.131579,0.157895,0.184211,0.210526,0.236842,0.263158,0.289474,0.315789,0.342105,0.368421,0.394737,0.421053,0.447368,0.473684,0.5,0.526316,0.552632,0.578947,0.605263,0.631579,0.657895,0.684211,0.710526,0.736842,0.763158,0.789474,0.815789,0.842105,0.868421,0.894737,0.921053,0.947368,0.973684,1,1,1,1,1,1,1,1,1,1,1,1,1,1,1,1,1,1,1,1,1,1,1,1,1,1,1,1,1,1,1,1,1,1,1,1,1,1,1,1,1
indst CCS,chemicals 20,energy related emissions,,0,0,0,0.026316,0.052632,0.078947,0.105263,0.131579,0.157895,0.184211,0.210526,0.236842,0.263158,0.289474,0.315789,0.342105,0.368421,0.394737,0.421053,0.447368,0.473684,0.5,0.526316,0.552632,0.578947,0.605263,0.631579,0.657895,0.684211,0.710526,0.736842,0.763158,0.789474,0.815789,0.842105,0.868421,0.894737,0.921053,0.947368,0.973684,1,1,1,1,1,1,1,1,1,1,1,1,1,1,1,1,1,1,1,1,1,1,1,1,1,1,1,1,1,1,1,1,1,1,1,1,1,1,1,1,1
indst CCS,chemicals 20,process emissions,,0,0,0,0.026316,0.052632,0.078947,0.105263,0.131579,0.157895,0.184211,0.210526,0.236842,0.263158,0.289474,0.315789,0.342105,0.368421,0.394737,0.421053,0.447368,0.473684,0.5,0.526316,0.552632,0.578947,0.605263,0.631579,0.657895,0.684211,0.710526,0.736842,0.763158,0.789474,0.815789,0.842105,0.868421,0.894737,0.921053,0.947368,0.973684,1,1,1,1,1,1,1,1,1,1,1,1,1,1,1,1,1,1,1,1,1,1,1,1,1,1,1,1,1,1,1,1,1,1,1,1,1,1,1,1,1
indst CCS,rubber and plastic products 22,energy related emissions,,0,0,0,0.026316,0.052632,0.078947,0.105263,0.131579,0.157895,0.184211,0.210526,0.236842,0.263158,0.289474,0.315789,0.342105,0.368421,0.394737,0.421053,0.447368,0.473684,0.5,0.526316,0.552632,0.578947,0.605263,0.631579,0.657895,0.684211,0.710526,0.736842,0.763158,0.789474,0.815789,0.842105,0.868421,0.894737,0.921053,0.947368,0.973684,1,1,1,1,1,1,1,1,1,1,1,1,1,1,1,1,1,1,1,1,1,1,1,1,1,1,1,1,1,1,1,1,1,1,1,1,1,1,1,1,1
indst CCS,rubber and plastic products 22,process emissions,,0,0,0,0.026316,0.052632,0.078947,0.105263,0.131579,0.157895,0.184211,0.210526,0.236842,0.263158,0.289474,0.315789,0.342105,0.368421,0.394737,0.421053,0.447368,0.473684,0.5,0.526316,0.552632,0.578947,0.605263,0.631579,0.657895,0.684211,0.710526,0.736842,0.763158,0.789474,0.815789,0.842105,0.868421,0.894737,0.921053,0.947368,0.973684,1,1,1,1,1,1,1,1,1,1,1,1,1,1,1,1,1,1,1,1,1,1,1,1,1,1,1,1,1,1,1,1,1,1,1,1,1,1,1,1,1
indst CCS,glass and glass products 231,energy related emissions,,0,0,0,0.026316,0.052632,0.078947,0.105263,0.131579,0.157895,0.184211,0.210526,0.236842,0.263158,0.289474,0.315789,0.342105,0.368421,0.394737,0.421053,0.447368,0.473684,0.5,0.526316,0.552632,0.578947,0.605263,0.631579,0.657895,0.684211,0.710526,0.736842,0.763158,0.789474,0.815789,0.842105,0.868421,0.894737,0.921053,0.947368,0.973684,1,1,1,1,1,1,1,1,1,1,1,1,1,1,1,1,1,1,1,1,1,1,1,1,1,1,1,1,1,1,1,1,1,1,1,1,1,1,1,1,1
indst CCS,glass and glass products 231,process emissions,,0,0,0,0.026316,0.052632,0.078947,0.105263,0.131579,0.157895,0.184211,0.210526,0.236842,0.263158,0.289474,0.315789,0.342105,0.368421,0.394737,0.421053,0.447368,0.473684,0.5,0.526316,0.552632,0.578947,0.605263,0.631579,0.657895,0.684211,0.710526,0.736842,0.763158,0.789474,0.815789,0.842105,0.868421,0.894737,0.921053,0.947368,0.973684,1,1,1,1,1,1,1,1,1,1,1,1,1,1,1,1,1,1,1,1,1,1,1,1,1,1,1,1,1,1,1,1,1,1,1,1,1,1,1,1,1
indst CCS,cement and other nonmetallic minerals 239,energy related emissions,,0,0,0,0.026316,0.052632,0.078947,0.105263,0.131579,0.157895,0.184211,0.210526,0.236842,0.263158,0.289474,0.315789,0.342105,0.368421,0.394737,0.421053,0.447368,0.473684,0.5,0.526316,0.552632,0.578947,0.605263,0.631579,0.657895,0.684211,0.710526,0.736842,0.763158,0.789474,0.815789,0.842105,0.868421,0.894737,0.921053,0.947368,0.973684,1,1,1,1,1,1,1,1,1,1,1,1,1,1,1,1,1,1,1,1,1,1,1,1,1,1,1,1,1,1,1,1,1,1,1,1,1,1,1,1,1
indst CCS,cement and other nonmetallic minerals 239,process emissions,,0,0,0,0.026316,0.052632,0.078947,0.105263,0.131579,0.157895,0.184211,0.210526,0.236842,0.263158,0.289474,0.315789,0.342105,0.368421,0.394737,0.421053,0.447368,0.473684,0.5,0.526316,0.552632,0.578947,0.605263,0.631579,0.657895,0.684211,0.710526,0.736842,0.763158,0.789474,0.815789,0.842105,0.868421,0.894737,0.921053,0.947368,0.973684,1,1,1,1,1,1,1,1,1,1,1,1,1,1,1,1,1,1,1,1,1,1,1,1,1,1,1,1,1,1,1,1,1,1,1,1,1,1,1,1,1
indst CCS,iron and steel 241,energy related emissions,,0,0,0,0.026316,0.052632,0.078947,0.105263,0.131579,0.157895,0.184211,0.210526,0.236842,0.263158,0.289474,0.315789,0.342105,0.368421,0.394737,0.421053,0.447368,0.473684,0.5,0.526316,0.552632,0.578947,0.605263,0.631579,0.657895,0.684211,0.710526,0.736842,0.763158,0.789474,0.815789,0.842105,0.868421,0.894737,0.921053,0.947368,0.973684,1,1,1,1,1,1,1,1,1,1,1,1,1,1,1,1,1,1,1,1,1,1,1,1,1,1,1,1,1,1,1,1,1,1,1,1,1,1,1,1,1
indst CCS,iron and steel 241,process emissions,,0,0,0,0.026316,0.052632,0.078947,0.105263,0.131579,0.157895,0.184211,0.210526,0.236842,0.263158,0.289474,0.315789,0.342105,0.368421,0.394737,0.421053,0.447368,0.473684,0.5,0.526316,0.552632,0.578947,0.605263,0.631579,0.657895,0.684211,0.710526,0.736842,0.763158,0.789474,0.815789,0.842105,0.868421,0.894737,0.921053,0.947368,0.973684,1,1,1,1,1,1,1,1,1,1,1,1,1,1,1,1,1,1,1,1,1,1,1,1,1,1,1,1,1,1,1,1,1,1,1,1,1,1,1,1,1
indst CCS,other metals 242,energy related emissions,,0,0,0,0.026316,0.052632,0.078947,0.105263,0.131579,0.157895,0.184211,0.210526,0.236842,0.263158,0.289474,0.315789,0.342105,0.368421,0.394737,0.421053,0.447368,0.473684,0.5,0.526316,0.552632,0.578947,0.605263,0.631579,0.657895,0.684211,0.710526,0.736842,0.763158,0.789474,0.815789,0.842105,0.868421,0.894737,0.921053,0.947368,0.973684,1,1,1,1,1,1,1,1,1,1,1,1,1,1,1,1,1,1,1,1,1,1,1,1,1,1,1,1,1,1,1,1,1,1,1,1,1,1,1,1,1
indst CCS,other metals 242,process emissions,,0,0,0,0.026316,0.052632,0.078947,0.105263,0.131579,0.157895,0.184211,0.210526,0.236842,0.263158,0.289474,0.315789,0.342105,0.368421,0.394737,0.421053,0.447368,0.473684,0.5,0.526316,0.552632,0.578947,0.605263,0.631579,0.657895,0.684211,0.710526,0.736842,0.763158,0.789474,0.815789,0.842105,0.868421,0.894737,0.921053,0.947368,0.973684,1,1,1,1,1,1,1,1,1,1,1,1,1,1,1,1,1,1,1,1,1,1,1,1,1,1,1,1,1,1,1,1,1,1,1,1,1,1,1,1,1
indst CCS,metal products except machinery and vehicles 25,energy related emissions,,0,0,0,0.026316,0.052632,0.078947,0.105263,0.131579,0.157895,0.184211,0.210526,0.236842,0.263158,0.289474,0.315789,0.342105,0.368421,0.394737,0.421053,0.447368,0.473684,0.5,0.526316,0.552632,0.578947,0.605263,0.631579,0.657895,0.684211,0.710526,0.736842,0.763158,0.789474,0.815789,0.842105,0.868421,0.894737,0.921053,0.947368,0.973684,1,1,1,1,1,1,1,1,1,1,1,1,1,1,1,1,1,1,1,1,1,1,1,1,1,1,1,1,1,1,1,1,1,1,1,1,1,1,1,1,1
indst CCS,metal products except machinery and vehicles 25,process emissions,,0,0,0,0.026316,0.052632,0.078947,0.105263,0.131579,0.157895,0.184211,0.210526,0.236842,0.263158,0.289474,0.315789,0.342105,0.368421,0.394737,0.421053,0.447368,0.473684,0.5,0.526316,0.552632,0.578947,0.605263,0.631579,0.657895,0.684211,0.710526,0.736842,0.763158,0.789474,0.815789,0.842105,0.868421,0.894737,0.921053,0.947368,0.973684,1,1,1,1,1,1,1,1,1,1,1,1,1,1,1,1,1,1,1,1,1,1,1,1,1,1,1,1,1,1,1,1,1,1,1,1,1,1,1,1,1
indst CCS,computers and electronics 26,energy related emissions,,0,0,0,0.026316,0.052632,0.078947,0.105263,0.131579,0.157895,0.184211,0.210526,0.236842,0.263158,0.289474,0.315789,0.342105,0.368421,0.394737,0.421053,0.447368,0.473684,0.5,0.526316,0.552632,0.578947,0.605263,0.631579,0.657895,0.684211,0.710526,0.736842,0.763158,0.789474,0.815789,0.842105,0.868421,0.894737,0.921053,0.947368,0.973684,1,1,1,1,1,1,1,1,1,1,1,1,1,1,1,1,1,1,1,1,1,1,1,1,1,1,1,1,1,1,1,1,1,1,1,1,1,1,1,1,1
indst CCS,computers and electronics 26,process emissions,,0,0,0,0.026316,0.052632,0.078947,0.105263,0.131579,0.157895,0.184211,0.210526,0.236842,0.263158,0.289474,0.315789,0.342105,0.368421,0.394737,0.421053,0.447368,0.473684,0.5,0.526316,0.552632,0.578947,0.605263,0.631579,0.657895,0.684211,0.710526,0.736842,0.763158,0.789474,0.815789,0.842105,0.868421,0.894737,0.921053,0.947368,0.973684,1,1,1,1,1,1,1,1,1,1,1,1,1,1,1,1,1,1,1,1,1,1,1,1,1,1,1,1,1,1,1,1,1,1,1,1,1,1,1,1,1
indst CCS,appliances and electrical equipment 27,energy related emissions,,0,0,0,0.026316,0.052632,0.078947,0.105263,0.131579,0.157895,0.184211,0.210526,0.236842,0.263158,0.289474,0.315789,0.342105,0.368421,0.394737,0.421053,0.447368,0.473684,0.5,0.526316,0.552632,0.578947,0.605263,0.631579,0.657895,0.684211,0.710526,0.736842,0.763158,0.789474,0.815789,0.842105,0.868421,0.894737,0.921053,0.947368,0.973684,1,1,1,1,1,1,1,1,1,1,1,1,1,1,1,1,1,1,1,1,1,1,1,1,1,1,1,1,1,1,1,1,1,1,1,1,1,1,1,1,1
indst CCS,appliances and electrical equipment 27,process emissions,,0,0,0,0.026316,0.052632,0.078947,0.105263,0.131579,0.157895,0.184211,0.210526,0.236842,0.263158,0.289474,0.315789,0.342105,0.368421,0.394737,0.421053,0.447368,0.473684,0.5,0.526316,0.552632,0.578947,0.605263,0.631579,0.657895,0.684211,0.710526,0.736842,0.763158,0.789474,0.815789,0.842105,0.868421,0.894737,0.921053,0.947368,0.973684,1,1,1,1,1,1,1,1,1,1,1,1,1,1,1,1,1,1,1,1,1,1,1,1,1,1,1,1,1,1,1,1,1,1,1,1,1,1,1,1,1
indst CCS,other machinery 28,energy related emissions,,0,0,0,0.026316,0.052632,0.078947,0.105263,0.131579,0.157895,0.184211,0.210526,0.236842,0.263158,0.289474,0.315789,0.342105,0.368421,0.394737,0.421053,0.447368,0.473684,0.5,0.526316,0.552632,0.578947,0.605263,0.631579,0.657895,0.684211,0.710526,0.736842,0.763158,0.789474,0.815789,0.842105,0.868421,0.894737,0.921053,0.947368,0.973684,1,1,1,1,1,1,1,1,1,1,1,1,1,1,1,1,1,1,1,1,1,1,1,1,1,1,1,1,1,1,1,1,1,1,1,1,1,1,1,1,1
indst CCS,other machinery 28,process emissions,,0,0,0,0.026316,0.052632,0.078947,0.105263,0.131579,0.157895,0.184211,0.210526,0.236842,0.263158,0.289474,0.315789,0.342105,0.368421,0.394737,0.421053,0.447368,0.473684,0.5,0.526316,0.552632,0.578947,0.605263,0.631579,0.657895,0.684211,0.710526,0.736842,0.763158,0.789474,0.815789,0.842105,0.868421,0.894737,0.921053,0.947368,0.973684,1,1,1,1,1,1,1,1,1,1,1,1,1,1,1,1,1,1,1,1,1,1,1,1,1,1,1,1,1,1,1,1,1,1,1,1,1,1,1,1,1
indst CCS,road vehicles 29,energy related emissions,,0,0,0,0.026316,0.052632,0.078947,0.105263,0.131579,0.157895,0.184211,0.210526,0.236842,0.263158,0.289474,0.315789,0.342105,0.368421,0.394737,0.421053,0.447368,0.473684,0.5,0.526316,0.552632,0.578947,0.605263,0.631579,0.657895,0.684211,0.710526,0.736842,0.763158,0.789474,0.815789,0.842105,0.868421,0.894737,0.921053,0.947368,0.973684,1,1,1,1,1,1,1,1,1,1,1,1,1,1,1,1,1,1,1,1,1,1,1,1,1,1,1,1,1,1,1,1,1,1,1,1,1,1,1,1,1
indst CCS,road vehicles 29,process emissions,,0,0,0,0.026316,0.052632,0.078947,0.105263,0.131579,0.157895,0.184211,0.210526,0.236842,0.263158,0.289474,0.315789,0.342105,0.368421,0.394737,0.421053,0.447368,0.473684,0.5,0.526316,0.552632,0.578947,0.605263,0.631579,0.657895,0.684211,0.710526,0.736842,0.763158,0.789474,0.815789,0.842105,0.868421,0.894737,0.921053,0.947368,0.973684,1,1,1,1,1,1,1,1,1,1,1,1,1,1,1,1,1,1,1,1,1,1,1,1,1,1,1,1,1,1,1,1,1,1,1,1,1,1,1,1,1
indst CCS,nonroad vehicles 30,energy related emissions,,0,0,0,0.026316,0.052632,0.078947,0.105263,0.131579,0.157895,0.184211,0.210526,0.236842,0.263158,0.289474,0.315789,0.342105,0.368421,0.394737,0.421053,0.447368,0.473684,0.5,0.526316,0.552632,0.578947,0.605263,0.631579,0.657895,0.684211,0.710526,0.736842,0.763158,0.789474,0.815789,0.842105,0.868421,0.894737,0.921053,0.947368,0.973684,1,1,1,1,1,1,1,1,1,1,1,1,1,1,1,1,1,1,1,1,1,1,1,1,1,1,1,1,1,1,1,1,1,1,1,1,1,1,1,1,1
indst CCS,nonroad vehicles 30,process emissions,,0,0,0,0.026316,0.052632,0.078947,0.105263,0.131579,0.157895,0.184211,0.210526,0.236842,0.263158,0.289474,0.315789,0.342105,0.368421,0.394737,0.421053,0.447368,0.473684,0.5,0.526316,0.552632,0.578947,0.605263,0.631579,0.657895,0.684211,0.710526,0.736842,0.763158,0.789474,0.815789,0.842105,0.868421,0.894737,0.921053,0.947368,0.973684,1,1,1,1,1,1,1,1,1,1,1,1,1,1,1,1,1,1,1,1,1,1,1,1,1,1,1,1,1,1,1,1,1,1,1,1,1,1,1,1,1
indst CCS,other manufacturing 31T33,energy related emissions,,0,0,0,0.026316,0.052632,0.078947,0.105263,0.131579,0.157895,0.184211,0.210526,0.236842,0.263158,0.289474,0.315789,0.342105,0.368421,0.394737,0.421053,0.447368,0.473684,0.5,0.526316,0.552632,0.578947,0.605263,0.631579,0.657895,0.684211,0.710526,0.736842,0.763158,0.789474,0.815789,0.842105,0.868421,0.894737,0.921053,0.947368,0.973684,1,1,1,1,1,1,1,1,1,1,1,1,1,1,1,1,1,1,1,1,1,1,1,1,1,1,1,1,1,1,1,1,1,1,1,1,1,1,1,1,1
indst CCS,other manufacturing 31T33,process emissions,,0,0,0,0.026316,0.052632,0.078947,0.105263,0.131579,0.157895,0.184211,0.210526,0.236842,0.263158,0.289474,0.315789,0.342105,0.368421,0.394737,0.421053,0.447368,0.473684,0.5,0.526316,0.552632,0.578947,0.605263,0.631579,0.657895,0.684211,0.710526,0.736842,0.763158,0.789474,0.815789,0.842105,0.868421,0.894737,0.921053,0.947368,0.973684,1,1,1,1,1,1,1,1,1,1,1,1,1,1,1,1,1,1,1,1,1,1,1,1,1,1,1,1,1,1,1,1,1,1,1,1,1,1,1,1,1
indst CCS,energy pipelines and gas processing 352T353,energy related emissions,,0,0,0,0.026316,0.052632,0.078947,0.105263,0.131579,0.157895,0.184211,0.210526,0.236842,0.263158,0.289474,0.315789,0.342105,0.368421,0.394737,0.421053,0.447368,0.473684,0.5,0.526316,0.552632,0.578947,0.605263,0.631579,0.657895,0.684211,0.710526,0.736842,0.763158,0.789474,0.815789,0.842105,0.868421,0.894737,0.921053,0.947368,0.973684,1,1,1,1,1,1,1,1,1,1,1,1,1,1,1,1,1,1,1,1,1,1,1,1,1,1,1,1,1,1,1,1,1,1,1,1,1,1,1,1,1
indst CCS,energy pipelines and gas processing 352T353,process emissions,,0,0,0,0.026316,0.052632,0.078947,0.105263,0.131579,0.157895,0.184211,0.210526,0.236842,0.263158,0.289474,0.315789,0.342105,0.368421,0.394737,0.421053,0.447368,0.473684,0.5,0.526316,0.552632,0.578947,0.605263,0.631579,0.657895,0.684211,0.710526,0.736842,0.763158,0.789474,0.815789,0.842105,0.868421,0.894737,0.921053,0.947368,0.973684,1,1,1,1,1,1,1,1,1,1,1,1,1,1,1,1,1,1,1,1,1,1,1,1,1,1,1,1,1,1,1,1,1,1,1,1,1,1,1,1,1
indst CCS,water and waste 36T39,energy related emissions,,0,0,0,0.026316,0.052632,0.078947,0.105263,0.131579,0.157895,0.184211,0.210526,0.236842,0.263158,0.289474,0.315789,0.342105,0.368421,0.394737,0.421053,0.447368,0.473684,0.5,0.526316,0.552632,0.578947,0.605263,0.631579,0.657895,0.684211,0.710526,0.736842,0.763158,0.789474,0.815789,0.842105,0.868421,0.894737,0.921053,0.947368,0.973684,1,1,1,1,1,1,1,1,1,1,1,1,1,1,1,1,1,1,1,1,1,1,1,1,1,1,1,1,1,1,1,1,1,1,1,1,1,1,1,1,1
indst CCS,water and waste 36T39,process emissions,,0,0,0,0.026316,0.052632,0.078947,0.105263,0.131579,0.157895,0.184211,0.210526,0.236842,0.263158,0.289474,0.315789,0.342105,0.368421,0.394737,0.421053,0.447368,0.473684,0.5,0.526316,0.552632,0.578947,0.605263,0.631579,0.657895,0.684211,0.710526,0.736842,0.763158,0.789474,0.815789,0.842105,0.868421,0.894737,0.921053,0.947368,0.973684,1,1,1,1,1,1,1,1,1,1,1,1,1,1,1,1,1,1,1,1,1,1,1,1,1,1,1,1,1,1,1,1,1,1,1,1,1,1,1,1,1
indst CCS,construction 41T43,energy related emissions,,0,0,0,0.026316,0.052632,0.078947,0.105263,0.131579,0.157895,0.184211,0.210526,0.236842,0.263158,0.289474,0.315789,0.342105,0.368421,0.394737,0.421053,0.447368,0.473684,0.5,0.526316,0.552632,0.578947,0.605263,0.631579,0.657895,0.684211,0.710526,0.736842,0.763158,0.789474,0.815789,0.842105,0.868421,0.894737,0.921053,0.947368,0.973684,1,1,1,1,1,1,1,1,1,1,1,1,1,1,1,1,1,1,1,1,1,1,1,1,1,1,1,1,1,1,1,1,1,1,1,1,1,1,1,1,1
indst CCS,construction 41T43,process emissions,,0,0,0,0.026316,0.052632,0.078947,0.105263,0.131579,0.157895,0.184211,0.210526,0.236842,0.263158,0.289474,0.315789,0.342105,0.368421,0.394737,0.421053,0.447368,0.473684,0.5,0.526316,0.552632,0.578947,0.605263,0.631579,0.657895,0.684211,0.710526,0.736842,0.763158,0.789474,0.815789,0.842105,0.868421,0.894737,0.921053,0.947368,0.973684,1,1,1,1,1,1,1,1,1,1,1,1,1,1,1,1,1,1,1,1,1,1,1,1,1,1,1,1,1,1,1,1,1,1,1,1,1,1,1,1,1
indst buy in region outputs,agriculture and forestry 01T03,,,0,0,0,0.026316,0.052632,0.078947,0.105263,0.131579,0.157895,0.184211,0.210526,0.236842,0.263158,0.289474,0.315789,0.342105,0.368421,0.394737,0.421053,0.447368,0.473684,0.5,0.526316,0.552632,0.578947,0.605263,0.631579,0.657895,0.684211,0.710526,0.736842,0.763158,0.789474,0.815789,0.842105,0.868421,0.894737,0.921053,0.947368,0.973684,1,1,1,1,1,1,1,1,1,1,1,1,1,1,1,1,1,1,1,1,1,1,1,1,1,1,1,1,1,1,1,1,1,1,1,1,1,1,1,1,1
indst buy in region outputs,coal mining 05,,,0,0,0,0.026316,0.052632,0.078947,0.105263,0.131579,0.157895,0.184211,0.210526,0.236842,0.263158,0.289474,0.315789,0.342105,0.368421,0.394737,0.421053,0.447368,0.473684,0.5,0.526316,0.552632,0.578947,0.605263,0.631579,0.657895,0.684211,0.710526,0.736842,0.763158,0.789474,0.815789,0.842105,0.868421,0.894737,0.921053,0.947368,0.973684,1,1,1,1,1,1,1,1,1,1,1,1,1,1,1,1,1,1,1,1,1,1,1,1,1,1,1,1,1,1,1,1,1,1,1,1,1,1,1,1,1
indst buy in region outputs,oil and gas extraction 06,,,0,0,0,0.026316,0.052632,0.078947,0.105263,0.131579,0.157895,0.184211,0.210526,0.236842,0.263158,0.289474,0.315789,0.342105,0.368421,0.394737,0.421053,0.447368,0.473684,0.5,0.526316,0.552632,0.578947,0.605263,0.631579,0.657895,0.684211,0.710526,0.736842,0.763158,0.789474,0.815789,0.842105,0.868421,0.894737,0.921053,0.947368,0.973684,1,1,1,1,1,1,1,1,1,1,1,1,1,1,1,1,1,1,1,1,1,1,1,1,1,1,1,1,1,1,1,1,1,1,1,1,1,1,1,1,1
indst buy in region outputs,other mining and quarrying 07T08,,,0,0,0,0.026316,0.052632,0.078947,0.105263,0.131579,0.157895,0.184211,0.210526,0.236842,0.263158,0.289474,0.315789,0.342105,0.368421,0.394737,0.421053,0.447368,0.473684,0.5,0.526316,0.552632,0.578947,0.605263,0.631579,0.657895,0.684211,0.710526,0.736842,0.763158,0.789474,0.815789,0.842105,0.868421,0.894737,0.921053,0.947368,0.973684,1,1,1,1,1,1,1,1,1,1,1,1,1,1,1,1,1,1,1,1,1,1,1,1,1,1,1,1,1,1,1,1,1,1,1,1,1,1,1,1,1
indst buy in region outputs,food beverage and tobacco 10T12,,,0,0,0,0.026316,0.052632,0.078947,0.105263,0.131579,0.157895,0.184211,0.210526,0.236842,0.263158,0.289474,0.315789,0.342105,0.368421,0.394737,0.421053,0.447368,0.473684,0.5,0.526316,0.552632,0.578947,0.605263,0.631579,0.657895,0.684211,0.710526,0.736842,0.763158,0.789474,0.815789,0.842105,0.868421,0.894737,0.921053,0.947368,0.973684,1,1,1,1,1,1,1,1,1,1,1,1,1,1,1,1,1,1,1,1,1,1,1,1,1,1,1,1,1,1,1,1,1,1,1,1,1,1,1,1,1
indst buy in region outputs,textiles apparel and leather 13T15,,,0,0,0,0.026316,0.052632,0.078947,0.105263,0.131579,0.157895,0.184211,0.210526,0.236842,0.263158,0.289474,0.315789,0.342105,0.368421,0.394737,0.421053,0.447368,0.473684,0.5,0.526316,0.552632,0.578947,0.605263,0.631579,0.657895,0.684211,0.710526,0.736842,0.763158,0.789474,0.815789,0.842105,0.868421,0.894737,0.921053,0.947368,0.973684,1,1,1,1,1,1,1,1,1,1,1,1,1,1,1,1,1,1,1,1,1,1,1,1,1,1,1,1,1,1,1,1,1,1,1,1,1,1,1,1,1
indst buy in region outputs,wood products 16,,,0,0,0,0.026316,0.052632,0.078947,0.105263,0.131579,0.157895,0.184211,0.210526,0.236842,0.263158,0.289474,0.315789,0.342105,0.368421,0.394737,0.421053,0.447368,0.473684,0.5,0.526316,0.552632,0.578947,0.605263,0.631579,0.657895,0.684211,0.710526,0.736842,0.763158,0.789474,0.815789,0.842105,0.868421,0.894737,0.921053,0.947368,0.973684,1,1,1,1,1,1,1,1,1,1,1,1,1,1,1,1,1,1,1,1,1,1,1,1,1,1,1,1,1,1,1,1,1,1,1,1,1,1,1,1,1
indst buy in region outputs,pulp paper and printing 17T18,,,0,0,0,0.026316,0.052632,0.078947,0.105263,0.131579,0.157895,0.184211,0.210526,0.236842,0.263158,0.289474,0.315789,0.342105,0.368421,0.394737,0.421053,0.447368,0.473684,0.5,0.526316,0.552632,0.578947,0.605263,0.631579,0.657895,0.684211,0.710526,0.736842,0.763158,0.789474,0.815789,0.842105,0.868421,0.894737,0.921053,0.947368,0.973684,1,1,1,1,1,1,1,1,1,1,1,1,1,1,1,1,1,1,1,1,1,1,1,1,1,1,1,1,1,1,1,1,1,1,1,1,1,1,1,1,1
indst buy in region outputs,refined petroleum and coke 19,,,0,0,0,0.026316,0.052632,0.078947,0.105263,0.131579,0.157895,0.184211,0.210526,0.236842,0.263158,0.289474,0.315789,0.342105,0.368421,0.394737,0.421053,0.447368,0.473684,0.5,0.526316,0.552632,0.578947,0.605263,0.631579,0.657895,0.684211,0.710526,0.736842,0.763158,0.789474,0.815789,0.842105,0.868421,0.894737,0.921053,0.947368,0.973684,1,1,1,1,1,1,1,1,1,1,1,1,1,1,1,1,1,1,1,1,1,1,1,1,1,1,1,1,1,1,1,1,1,1,1,1,1,1,1,1,1
indst buy in region outputs,chemicals 20,,,0,0,0,0.026316,0.052632,0.078947,0.105263,0.131579,0.157895,0.184211,0.210526,0.236842,0.263158,0.289474,0.315789,0.342105,0.368421,0.394737,0.421053,0.447368,0.473684,0.5,0.526316,0.552632,0.578947,0.605263,0.631579,0.657895,0.684211,0.710526,0.736842,0.763158,0.789474,0.815789,0.842105,0.868421,0.894737,0.921053,0.947368,0.973684,1,1,1,1,1,1,1,1,1,1,1,1,1,1,1,1,1,1,1,1,1,1,1,1,1,1,1,1,1,1,1,1,1,1,1,1,1,1,1,1,1
indst buy in region outputs,rubber and plastic products 22,,,0,0,0,0.026316,0.052632,0.078947,0.105263,0.131579,0.157895,0.184211,0.210526,0.236842,0.263158,0.289474,0.315789,0.342105,0.368421,0.394737,0.421053,0.447368,0.473684,0.5,0.526316,0.552632,0.578947,0.605263,0.631579,0.657895,0.684211,0.710526,0.736842,0.763158,0.789474,0.815789,0.842105,0.868421,0.894737,0.921053,0.947368,0.973684,1,1,1,1,1,1,1,1,1,1,1,1,1,1,1,1,1,1,1,1,1,1,1,1,1,1,1,1,1,1,1,1,1,1,1,1,1,1,1,1,1
indst buy in region outputs,glass and glass products 231,,,0,0,0,0.026316,0.052632,0.078947,0.105263,0.131579,0.157895,0.184211,0.210526,0.236842,0.263158,0.289474,0.315789,0.342105,0.368421,0.394737,0.421053,0.447368,0.473684,0.5,0.526316,0.552632,0.578947,0.605263,0.631579,0.657895,0.684211,0.710526,0.736842,0.763158,0.789474,0.815789,0.842105,0.868421,0.894737,0.921053,0.947368,0.973684,1,1,1,1,1,1,1,1,1,1,1,1,1,1,1,1,1,1,1,1,1,1,1,1,1,1,1,1,1,1,1,1,1,1,1,1,1,1,1,1,1
indst buy in region outputs,cement and other nonmetallic minerals 239,,,0,0,0,0.026316,0.052632,0.078947,0.105263,0.131579,0.157895,0.184211,0.210526,0.236842,0.263158,0.289474,0.315789,0.342105,0.368421,0.394737,0.421053,0.447368,0.473684,0.5,0.526316,0.552632,0.578947,0.605263,0.631579,0.657895,0.684211,0.710526,0.736842,0.763158,0.789474,0.815789,0.842105,0.868421,0.894737,0.921053,0.947368,0.973684,1,1,1,1,1,1,1,1,1,1,1,1,1,1,1,1,1,1,1,1,1,1,1,1,1,1,1,1,1,1,1,1,1,1,1,1,1,1,1,1,1
indst buy in region outputs,iron and steel 241,,,0,0,0,0.026316,0.052632,0.078947,0.105263,0.131579,0.157895,0.184211,0.210526,0.236842,0.263158,0.289474,0.315789,0.342105,0.368421,0.394737,0.421053,0.447368,0.473684,0.5,0.526316,0.552632,0.578947,0.605263,0.631579,0.657895,0.684211,0.710526,0.736842,0.763158,0.789474,0.815789,0.842105,0.868421,0.894737,0.921053,0.947368,0.973684,1,1,1,1,1,1,1,1,1,1,1,1,1,1,1,1,1,1,1,1,1,1,1,1,1,1,1,1,1,1,1,1,1,1,1,1,1,1,1,1,1
indst buy in region outputs,other metals 242,,,0,0,0,0.026316,0.052632,0.078947,0.105263,0.131579,0.157895,0.184211,0.210526,0.236842,0.263158,0.289474,0.315789,0.342105,0.368421,0.394737,0.421053,0.447368,0.473684,0.5,0.526316,0.552632,0.578947,0.605263,0.631579,0.657895,0.684211,0.710526,0.736842,0.763158,0.789474,0.815789,0.842105,0.868421,0.894737,0.921053,0.947368,0.973684,1,1,1,1,1,1,1,1,1,1,1,1,1,1,1,1,1,1,1,1,1,1,1,1,1,1,1,1,1,1,1,1,1,1,1,1,1,1,1,1,1
indst buy in region outputs,metal products except machinery and vehicles 25,,,0,0,0,0.026316,0.052632,0.078947,0.105263,0.131579,0.157895,0.184211,0.210526,0.236842,0.263158,0.289474,0.315789,0.342105,0.368421,0.394737,0.421053,0.447368,0.473684,0.5,0.526316,0.552632,0.578947,0.605263,0.631579,0.657895,0.684211,0.710526,0.736842,0.763158,0.789474,0.815789,0.842105,0.868421,0.894737,0.921053,0.947368,0.973684,1,1,1,1,1,1,1,1,1,1,1,1,1,1,1,1,1,1,1,1,1,1,1,1,1,1,1,1,1,1,1,1,1,1,1,1,1,1,1,1,1
indst buy in region outputs,computers and electronics 26,,,0,0,0,0.026316,0.052632,0.078947,0.105263,0.131579,0.157895,0.184211,0.210526,0.236842,0.263158,0.289474,0.315789,0.342105,0.368421,0.394737,0.421053,0.447368,0.473684,0.5,0.526316,0.552632,0.578947,0.605263,0.631579,0.657895,0.684211,0.710526,0.736842,0.763158,0.789474,0.815789,0.842105,0.868421,0.894737,0.921053,0.947368,0.973684,1,1,1,1,1,1,1,1,1,1,1,1,1,1,1,1,1,1,1,1,1,1,1,1,1,1,1,1,1,1,1,1,1,1,1,1,1,1,1,1,1
indst buy in region outputs,appliances and electrical equipment 27,,,0,0,0,0.026316,0.052632,0.078947,0.105263,0.131579,0.157895,0.184211,0.210526,0.236842,0.263158,0.289474,0.315789,0.342105,0.368421,0.394737,0.421053,0.447368,0.473684,0.5,0.526316,0.552632,0.578947,0.605263,0.631579,0.657895,0.684211,0.710526,0.736842,0.763158,0.789474,0.815789,0.842105,0.868421,0.894737,0.921053,0.947368,0.973684,1,1,1,1,1,1,1,1,1,1,1,1,1,1,1,1,1,1,1,1,1,1,1,1,1,1,1,1,1,1,1,1,1,1,1,1,1,1,1,1,1
indst buy in region outputs,other machinery 28,,,0,0,0,0.026316,0.052632,0.078947,0.105263,0.131579,0.157895,0.184211,0.210526,0.236842,0.263158,0.289474,0.315789,0.342105,0.368421,0.394737,0.421053,0.447368,0.473684,0.5,0.526316,0.552632,0.578947,0.605263,0.631579,0.657895,0.684211,0.710526,0.736842,0.763158,0.789474,0.815789,0.842105,0.868421,0.894737,0.921053,0.947368,0.973684,1,1,1,1,1,1,1,1,1,1,1,1,1,1,1,1,1,1,1,1,1,1,1,1,1,1,1,1,1,1,1,1,1,1,1,1,1,1,1,1,1
indst buy in region outputs,road vehicles 29,,,0,0,0,0.026316,0.052632,0.078947,0.105263,0.131579,0.157895,0.184211,0.210526,0.236842,0.263158,0.289474,0.315789,0.342105,0.368421,0.394737,0.421053,0.447368,0.473684,0.5,0.526316,0.552632,0.578947,0.605263,0.631579,0.657895,0.684211,0.710526,0.736842,0.763158,0.789474,0.815789,0.842105,0.868421,0.894737,0.921053,0.947368,0.973684,1,1,1,1,1,1,1,1,1,1,1,1,1,1,1,1,1,1,1,1,1,1,1,1,1,1,1,1,1,1,1,1,1,1,1,1,1,1,1,1,1
indst buy in region outputs,nonroad vehicles 30,,,0,0,0,0.026316,0.052632,0.078947,0.105263,0.131579,0.157895,0.184211,0.210526,0.236842,0.263158,0.289474,0.315789,0.342105,0.368421,0.394737,0.421053,0.447368,0.473684,0.5,0.526316,0.552632,0.578947,0.605263,0.631579,0.657895,0.684211,0.710526,0.736842,0.763158,0.789474,0.815789,0.842105,0.868421,0.894737,0.921053,0.947368,0.973684,1,1,1,1,1,1,1,1,1,1,1,1,1,1,1,1,1,1,1,1,1,1,1,1,1,1,1,1,1,1,1,1,1,1,1,1,1,1,1,1,1
indst buy in region outputs,other manufacturing 31T33,,,0,0,0,0.026316,0.052632,0.078947,0.105263,0.131579,0.157895,0.184211,0.210526,0.236842,0.263158,0.289474,0.315789,0.342105,0.368421,0.394737,0.421053,0.447368,0.473684,0.5,0.526316,0.552632,0.578947,0.605263,0.631579,0.657895,0.684211,0.710526,0.736842,0.763158,0.789474,0.815789,0.842105,0.868421,0.894737,0.921053,0.947368,0.973684,1,1,1,1,1,1,1,1,1,1,1,1,1,1,1,1,1,1,1,1,1,1,1,1,1,1,1,1,1,1,1,1,1,1,1,1,1,1,1,1,1
indst buy in region outputs,energy pipelines and gas processing 352T353,,,0,0,0,0.026316,0.052632,0.078947,0.105263,0.131579,0.157895,0.184211,0.210526,0.236842,0.263158,0.289474,0.315789,0.342105,0.368421,0.394737,0.421053,0.447368,0.473684,0.5,0.526316,0.552632,0.578947,0.605263,0.631579,0.657895,0.684211,0.710526,0.736842,0.763158,0.789474,0.815789,0.842105,0.868421,0.894737,0.921053,0.947368,0.973684,1,1,1,1,1,1,1,1,1,1,1,1,1,1,1,1,1,1,1,1,1,1,1,1,1,1,1,1,1,1,1,1,1,1,1,1,1,1,1,1,1
indst buy in region outputs,water and waste 36T39,,,0,0,0,0.026316,0.052632,0.078947,0.105263,0.131579,0.157895,0.184211,0.210526,0.236842,0.263158,0.289474,0.315789,0.342105,0.368421,0.394737,0.421053,0.447368,0.473684,0.5,0.526316,0.552632,0.578947,0.605263,0.631579,0.657895,0.684211,0.710526,0.736842,0.763158,0.789474,0.815789,0.842105,0.868421,0.894737,0.921053,0.947368,0.973684,1,1,1,1,1,1,1,1,1,1,1,1,1,1,1,1,1,1,1,1,1,1,1,1,1,1,1,1,1,1,1,1,1,1,1,1,1,1,1,1,1
indst buy in region outputs,construction 41T43,,,0,0,0,0.026316,0.052632,0.078947,0.105263,0.131579,0.157895,0.184211,0.210526,0.236842,0.263158,0.289474,0.315789,0.342105,0.368421,0.394737,0.421053,0.447368,0.473684,0.5,0.526316,0.552632,0.578947,0.605263,0.631579,0.657895,0.684211,0.710526,0.736842,0.763158,0.789474,0.815789,0.842105,0.868421,0.894737,0.921053,0.947368,0.973684,1,1,1,1,1,1,1,1,1,1,1,1,1,1,1,1,1,1,1,1,1,1,1,1,1,1,1,1,1,1,1,1,1,1,1,1,1,1,1,1,1
indst N2O abatement,,,,0,0,0,0.026316,0.052632,0.078947,0.105263,0.131579,0.157895,0.184211,0.210526,0.236842,0.263158,0.289474,0.315789,0.342105,0.368421,0.394737,0.421053,0.447368,0.473684,0.5,0.526316,0.552632,0.578947,0.605263,0.631579,0.657895,0.684211,0.710526,0.736842,0.763158,0.789474,0.815789,0.842105,0.868421,0.894737,0.921053,0.947368,0.973684,1,1,1,1,1,1,1,1,1,1,1,1,1,1,1,1,1,1,1,1,1,1,1,1,1,1,1,1,1,1,1,1,1,1,1,1,1,1,1,1,1
cross fuel tax,electricity,,,0,0,0,0.026316,0.052632,0.078947,0.105263,0.131579,0.157895,0.184211,0.210526,0.236842,0.263158,0.289474,0.315789,0.342105,0.368421,0.394737,0.421053,0.447368,0.473684,0.5,0.526316,0.552632,0.578947,0.605263,0.631579,0.657895,0.684211,0.710526,0.736842,0.763158,0.789474,0.815789,0.842105,0.868421,0.894737,0.921053,0.947368,0.973684,1,1,1,1,1,1,1,1,1,1,1,1,1,1,1,1,1,1,1,1,1,1,1,1,1,1,1,1,1,1,1,1,1,1,1,1,1,1,1,1,1
cross fuel tax,hard coal,,,0,0,0,0.026316,0.052632,0.078947,0.105263,0.131579,0.157895,0.184211,0.210526,0.236842,0.263158,0.289474,0.315789,0.342105,0.368421,0.394737,0.421053,0.447368,0.473684,0.5,0.526316,0.552632,0.578947,0.605263,0.631579,0.657895,0.684211,0.710526,0.736842,0.763158,0.789474,0.815789,0.842105,0.868421,0.894737,0.921053,0.947368,0.973684,1,1,1,1,1,1,1,1,1,1,1,1,1,1,1,1,1,1,1,1,1,1,1,1,1,1,1,1,1,1,1,1,1,1,1,1,1,1,1,1,1
cross fuel tax,natural gas,,,0,0,0,0.026316,0.052632,0.078947,0.105263,0.131579,0.157895,0.184211,0.210526,0.236842,0.263158,0.289474,0.315789,0.342105,0.368421,0.394737,0.421053,0.447368,0.473684,0.5,0.526316,0.552632,0.578947,0.605263,0.631579,0.657895,0.684211,0.710526,0.736842,0.763158,0.789474,0.815789,0.842105,0.868421,0.894737,0.921053,0.947368,0.973684,1,1,1,1,1,1,1,1,1,1,1,1,1,1,1,1,1,1,1,1,1,1,1,1,1,1,1,1,1,1,1,1,1,1,1,1,1,1,1,1,1
cross fuel tax,nuclear,,,0,0,0,0.026316,0.052632,0.078947,0.105263,0.131579,0.157895,0.184211,0.210526,0.236842,0.263158,0.289474,0.315789,0.342105,0.368421,0.394737,0.421053,0.447368,0.473684,0.5,0.526316,0.552632,0.578947,0.605263,0.631579,0.657895,0.684211,0.710526,0.736842,0.763158,0.789474,0.815789,0.842105,0.868421,0.894737,0.921053,0.947368,0.973684,1,1,1,1,1,1,1,1,1,1,1,1,1,1,1,1,1,1,1,1,1,1,1,1,1,1,1,1,1,1,1,1,1,1,1,1,1,1,1,1,1
cross fuel tax,hydro,,,0,0,0,0.026316,0.052632,0.078947,0.105263,0.131579,0.157895,0.184211,0.210526,0.236842,0.263158,0.289474,0.315789,0.342105,0.368421,0.394737,0.421053,0.447368,0.473684,0.5,0.526316,0.552632,0.578947,0.605263,0.631579,0.657895,0.684211,0.710526,0.736842,0.763158,0.789474,0.815789,0.842105,0.868421,0.894737,0.921053,0.947368,0.973684,1,1,1,1,1,1,1,1,1,1,1,1,1,1,1,1,1,1,1,1,1,1,1,1,1,1,1,1,1,1,1,1,1,1,1,1,1,1,1,1,1
cross fuel tax,wind,,,0,0,0,0.026316,0.052632,0.078947,0.105263,0.131579,0.157895,0.184211,0.210526,0.236842,0.263158,0.289474,0.315789,0.342105,0.368421,0.394737,0.421053,0.447368,0.473684,0.5,0.526316,0.552632,0.578947,0.605263,0.631579,0.657895,0.684211,0.710526,0.736842,0.763158,0.789474,0.815789,0.842105,0.868421,0.894737,0.921053,0.947368,0.973684,1,1,1,1,1,1,1,1,1,1,1,1,1,1,1,1,1,1,1,1,1,1,1,1,1,1,1,1,1,1,1,1,1,1,1,1,1,1,1,1,1
cross fuel tax,solar,,,0,0,0,0.026316,0.052632,0.078947,0.105263,0.131579,0.157895,0.184211,0.210526,0.236842,0.263158,0.289474,0.315789,0.342105,0.368421,0.394737,0.421053,0.447368,0.473684,0.5,0.526316,0.552632,0.578947,0.605263,0.631579,0.657895,0.684211,0.710526,0.736842,0.763158,0.789474,0.815789,0.842105,0.868421,0.894737,0.921053,0.947368,0.973684,1,1,1,1,1,1,1,1,1,1,1,1,1,1,1,1,1,1,1,1,1,1,1,1,1,1,1,1,1,1,1,1,1,1,1,1,1,1,1,1,1
cross fuel tax,biomass,,,0,0,0,0.026316,0.052632,0.078947,0.105263,0.131579,0.157895,0.184211,0.210526,0.236842,0.263158,0.289474,0.315789,0.342105,0.368421,0.394737,0.421053,0.447368,0.473684,0.5,0.526316,0.552632,0.578947,0.605263,0.631579,0.657895,0.684211,0.710526,0.736842,0.763158,0.789474,0.815789,0.842105,0.868421,0.894737,0.921053,0.947368,0.973684,1,1,1,1,1,1,1,1,1,1,1,1,1,1,1,1,1,1,1,1,1,1,1,1,1,1,1,1,1,1,1,1,1,1,1,1,1,1,1,1,1
cross fuel tax,petroleum gasoline,,,0,0,0,0.026316,0.052632,0.078947,0.105263,0.131579,0.157895,0.184211,0.210526,0.236842,0.263158,0.289474,0.315789,0.342105,0.368421,0.394737,0.421053,0.447368,0.473684,0.5,0.526316,0.552632,0.578947,0.605263,0.631579,0.657895,0.684211,0.710526,0.736842,0.763158,0.789474,0.815789,0.842105,0.868421,0.894737,0.921053,0.947368,0.973684,1,1,1,1,1,1,1,1,1,1,1,1,1,1,1,1,1,1,1,1,1,1,1,1,1,1,1,1,1,1,1,1,1,1,1,1,1,1,1,1,1
cross fuel tax,petroleum diesel,,,0,0,0,0.026316,0.052632,0.078947,0.105263,0.131579,0.157895,0.184211,0.210526,0.236842,0.263158,0.289474,0.315789,0.342105,0.368421,0.394737,0.421053,0.447368,0.473684,0.5,0.526316,0.552632,0.578947,0.605263,0.631579,0.657895,0.684211,0.710526,0.736842,0.763158,0.789474,0.815789,0.842105,0.868421,0.894737,0.921053,0.947368,0.973684,1,1,1,1,1,1,1,1,1,1,1,1,1,1,1,1,1,1,1,1,1,1,1,1,1,1,1,1,1,1,1,1,1,1,1,1,1,1,1,1,1
cross fuel tax,biofuel gasoline,,,0,0,0,0.026316,0.052632,0.078947,0.105263,0.131579,0.157895,0.184211,0.210526,0.236842,0.263158,0.289474,0.315789,0.342105,0.368421,0.394737,0.421053,0.447368,0.473684,0.5,0.526316,0.552632,0.578947,0.605263,0.631579,0.657895,0.684211,0.710526,0.736842,0.763158,0.789474,0.815789,0.842105,0.868421,0.894737,0.921053,0.947368,0.973684,1,1,1,1,1,1,1,1,1,1,1,1,1,1,1,1,1,1,1,1,1,1,1,1,1,1,1,1,1,1,1,1,1,1,1,1,1,1,1,1,1
cross fuel tax,biofuel diesel,,,0,0,0,0.026316,0.052632,0.078947,0.105263,0.131579,0.157895,0.184211,0.210526,0.236842,0.263158,0.289474,0.315789,0.342105,0.368421,0.394737,0.421053,0.447368,0.473684,0.5,0.526316,0.552632,0.578947,0.605263,0.631579,0.657895,0.684211,0.710526,0.736842,0.763158,0.789474,0.815789,0.842105,0.868421,0.894737,0.921053,0.947368,0.973684,1,1,1,1,1,1,1,1,1,1,1,1,1,1,1,1,1,1,1,1,1,1,1,1,1,1,1,1,1,1,1,1,1,1,1,1,1,1,1,1,1
cross fuel tax,jet fuel or kerosene,,,0,0,0,0.026316,0.052632,0.078947,0.105263,0.131579,0.157895,0.184211,0.210526,0.236842,0.263158,0.289474,0.315789,0.342105,0.368421,0.394737,0.421053,0.447368,0.473684,0.5,0.526316,0.552632,0.578947,0.605263,0.631579,0.657895,0.684211,0.710526,0.736842,0.763158,0.789474,0.815789,0.842105,0.868421,0.894737,0.921053,0.947368,0.973684,1,1,1,1,1,1,1,1,1,1,1,1,1,1,1,1,1,1,1,1,1,1,1,1,1,1,1,1,1,1,1,1,1,1,1,1,1,1,1,1,1
cross fuel tax,heat,,,0,0,0,0.026316,0.052632,0.078947,0.105263,0.131579,0.157895,0.184211,0.210526,0.236842,0.263158,0.289474,0.315789,0.342105,0.368421,0.394737,0.421053,0.447368,0.473684,0.5,0.526316,0.552632,0.578947,0.605263,0.631579,0.657895,0.684211,0.710526,0.736842,0.763158,0.789474,0.815789,0.842105,0.868421,0.894737,0.921053,0.947368,0.973684,1,1,1,1,1,1,1,1,1,1,1,1,1,1,1,1,1,1,1,1,1,1,1,1,1,1,1,1,1,1,1,1,1,1,1,1,1,1,1,1,1
cross fuel tax,geothermal,,,0,0,0,0.026316,0.052632,0.078947,0.105263,0.131579,0.157895,0.184211,0.210526,0.236842,0.263158,0.289474,0.315789,0.342105,0.368421,0.394737,0.421053,0.447368,0.473684,0.5,0.526316,0.552632,0.578947,0.605263,0.631579,0.657895,0.684211,0.710526,0.736842,0.763158,0.789474,0.815789,0.842105,0.868421,0.894737,0.921053,0.947368,0.973684,1,1,1,1,1,1,1,1,1,1,1,1,1,1,1,1,1,1,1,1,1,1,1,1,1,1,1,1,1,1,1,1,1,1,1,1,1,1,1,1,1
cross fuel tax,lignite,,,0,0,0,0.026316,0.052632,0.078947,0.105263,0.131579,0.157895,0.184211,0.210526,0.236842,0.263158,0.289474,0.315789,0.342105,0.368421,0.394737,0.421053,0.447368,0.473684,0.5,0.526316,0.552632,0.578947,0.605263,0.631579,0.657895,0.684211,0.710526,0.736842,0.763158,0.789474,0.815789,0.842105,0.868421,0.894737,0.921053,0.947368,0.973684,1,1,1,1,1,1,1,1,1,1,1,1,1,1,1,1,1,1,1,1,1,1,1,1,1,1,1,1,1,1,1,1,1,1,1,1,1,1,1,1,1
cross fuel tax,crude oil,,,0,0,0,0.026316,0.052632,0.078947,0.105263,0.131579,0.157895,0.184211,0.210526,0.236842,0.263158,0.289474,0.315789,0.342105,0.368421,0.394737,0.421053,0.447368,0.473684,0.5,0.526316,0.552632,0.578947,0.605263,0.631579,0.657895,0.684211,0.710526,0.736842,0.763158,0.789474,0.815789,0.842105,0.868421,0.894737,0.921053,0.947368,0.973684,1,1,1,1,1,1,1,1,1,1,1,1,1,1,1,1,1,1,1,1,1,1,1,1,1,1,1,1,1,1,1,1,1,1,1,1,1,1,1,1,1
cross fuel tax,heavy or residual fuel oil,,,0,0,0,0.026316,0.052632,0.078947,0.105263,0.131579,0.157895,0.184211,0.210526,0.236842,0.263158,0.289474,0.315789,0.342105,0.368421,0.394737,0.421053,0.447368,0.473684,0.5,0.526316,0.552632,0.578947,0.605263,0.631579,0.657895,0.684211,0.710526,0.736842,0.763158,0.789474,0.815789,0.842105,0.868421,0.894737,0.921053,0.947368,0.973684,1,1,1,1,1,1,1,1,1,1,1,1,1,1,1,1,1,1,1,1,1,1,1,1,1,1,1,1,1,1,1,1,1,1,1,1,1,1,1,1,1
cross fuel tax,LPG propane or butane,,,0,0,0,0.026316,0.052632,0.078947,0.105263,0.131579,0.157895,0.184211,0.210526,0.236842,0.263158,0.289474,0.315789,0.342105,0.368421,0.394737,0.421053,0.447368,0.473684,0.5,0.526316,0.552632,0.578947,0.605263,0.631579,0.657895,0.684211,0.710526,0.736842,0.763158,0.789474,0.815789,0.842105,0.868421,0.894737,0.921053,0.947368,0.973684,1,1,1,1,1,1,1,1,1,1,1,1,1,1,1,1,1,1,1,1,1,1,1,1,1,1,1,1,1,1,1,1,1,1,1,1,1,1,1,1,1
cross fuel tax,municipal solid waste,,,0,0,0,0.026316,0.052632,0.078947,0.105263,0.131579,0.157895,0.184211,0.210526,0.236842,0.263158,0.289474,0.315789,0.342105,0.368421,0.394737,0.421053,0.447368,0.473684,0.5,0.526316,0.552632,0.578947,0.605263,0.631579,0.657895,0.684211,0.710526,0.736842,0.763158,0.789474,0.815789,0.842105,0.868421,0.894737,0.921053,0.947368,0.973684,1,1,1,1,1,1,1,1,1,1,1,1,1,1,1,1,1,1,1,1,1,1,1,1,1,1,1,1,1,1,1,1,1,1,1,1,1,1,1,1,1
cross fuel tax,hydrogen,,,0,0,0,0.026316,0.052632,0.078947,0.105263,0.131579,0.157895,0.184211,0.210526,0.236842,0.263158,0.289474,0.315789,0.342105,0.368421,0.394737,0.421053,0.447368,0.473684,0.5,0.526316,0.552632,0.578947,0.605263,0.631579,0.657895,0.684211,0.710526,0.736842,0.763158,0.789474,0.815789,0.842105,0.868421,0.894737,0.921053,0.947368,0.973684,1,1,1,1,1,1,1,1,1,1,1,1,1,1,1,1,1,1,1,1,1,1,1,1,1,1,1,1,1,1,1,1,1,1,1,1,1,1,1,1,1
cross carbon tax,transportation sector,,,0,0,0,0.026316,0.052632,0.078947,0.105263,0.131579,0.157895,0.184211,0.210526,0.236842,0.263158,0.289474,0.315789,0.342105,0.368421,0.394737,0.421053,0.447368,0.473684,0.5,0.526316,0.552632,0.578947,0.605263,0.631579,0.657895,0.684211,0.710526,0.736842,0.763158,0.789474,0.815789,0.842105,0.868421,0.894737,0.921053,0.947368,0.973684,1,1,1,1,1,1,1,1,1,1,1,1,1,1,1,1,1,1,1,1,1,1,1,1,1,1,1,1,1,1,1,1,1,1,1,1,1,1,1,1,1
cross carbon tax,electricity sector,,,0,0,0,0.026316,0.052632,0.078947,0.105263,0.131579,0.157895,0.184211,0.210526,0.236842,0.263158,0.289474,0.315789,0.342105,0.368421,0.394737,0.421053,0.447368,0.473684,0.5,0.526316,0.552632,0.578947,0.605263,0.631579,0.657895,0.684211,0.710526,0.736842,0.763158,0.789474,0.815789,0.842105,0.868421,0.894737,0.921053,0.947368,0.973684,1,1,1,1,1,1,1,1,1,1,1,1,1,1,1,1,1,1,1,1,1,1,1,1,1,1,1,1,1,1,1,1,1,1,1,1,1,1,1,1,1
cross carbon tax,residential buildings sector,,,0,0,0,0.026316,0.052632,0.078947,0.105263,0.131579,0.157895,0.184211,0.210526,0.236842,0.263158,0.289474,0.315789,0.342105,0.368421,0.394737,0.421053,0.447368,0.473684,0.5,0.526316,0.552632,0.578947,0.605263,0.631579,0.657895,0.684211,0.710526,0.736842,0.763158,0.789474,0.815789,0.842105,0.868421,0.894737,0.921053,0.947368,0.973684,1,1,1,1,1,1,1,1,1,1,1,1,1,1,1,1,1,1,1,1,1,1,1,1,1,1,1,1,1,1,1,1,1,1,1,1,1,1,1,1,1
cross carbon tax,commercial buildings sector,,,0,0,0,0.026316,0.052632,0.078947,0.105263,0.131579,0.157895,0.184211,0.210526,0.236842,0.263158,0.289474,0.315789,0.342105,0.368421,0.394737,0.421053,0.447368,0.473684,0.5,0.526316,0.552632,0.578947,0.605263,0.631579,0.657895,0.684211,0.710526,0.736842,0.763158,0.789474,0.815789,0.842105,0.868421,0.894737,0.921053,0.947368,0.973684,1,1,1,1,1,1,1,1,1,1,1,1,1,1,1,1,1,1,1,1,1,1,1,1,1,1,1,1,1,1,1,1,1,1,1,1,1,1,1,1,1
cross carbon tax,industry sector,,,0,0,0,0.026316,0.052632,0.078947,0.105263,0.131579,0.157895,0.184211,0.210526,0.236842,0.263158,0.289474,0.315789,0.342105,0.368421,0.394737,0.421053,0.447368,0.473684,0.5,0.526316,0.552632,0.578947,0.605263,0.631579,0.657895,0.684211,0.710526,0.736842,0.763158,0.789474,0.815789,0.842105,0.868421,0.894737,0.921053,0.947368,0.973684,1,1,1,1,1,1,1,1,1,1,1,1,1,1,1,1,1,1,1,1,1,1,1,1,1,1,1,1,1,1,1,1,1,1,1,1,1,1,1,1,1
cross carbon tax,district heat and hydrogen sector,,,0,0,0,0.026316,0.052632,0.078947,0.105263,0.131579,0.157895,0.184211,0.210526,0.236842,0.263158,0.289474,0.315789,0.342105,0.368421,0.394737,0.421053,0.447368,0.473684,0.5,0.526316,0.552632,0.578947,0.605263,0.631579,0.657895,0.684211,0.710526,0.736842,0.763158,0.789474,0.815789,0.842105,0.868421,0.894737,0.921053,0.947368,0.973684,1,1,1,1,1,1,1,1,1,1,1,1,1,1,1,1,1,1,1,1,1,1,1,1,1,1,1,1,1,1,1,1,1,1,1,1,1,1,1,1,1
cross carbon tax,LULUCF sector,,,0,0,0,0.026316,0.052632,0.078947,0.105263,0.131579,0.157895,0.184211,0.210526,0.236842,0.263158,0.289474,0.315789,0.342105,0.368421,0.394737,0.421053,0.447368,0.473684,0.5,0.526316,0.552632,0.578947,0.605263,0.631579,0.657895,0.684211,0.710526,0.736842,0.763158,0.789474,0.815789,0.842105,0.868421,0.894737,0.921053,0.947368,0.973684,1,1,1,1,1,1,1,1,1,1,1,1,1,1,1,1,1,1,1,1,1,1,1,1,1,1,1,1,1,1,1,1,1,1,1,1,1,1,1,1,1
cross carbon tax,geoengineering sector,,,0,0,0,0.026316,0.052632,0.078947,0.105263,0.131579,0.157895,0.184211,0.210526,0.236842,0.263158,0.289474,0.315789,0.342105,0.368421,0.394737,0.421053,0.447368,0.473684,0.5,0.526316,0.552632,0.578947,0.605263,0.631579,0.657895,0.684211,0.710526,0.736842,0.763158,0.789474,0.815789,0.842105,0.868421,0.894737,0.921053,0.947368,0.973684,1,1,1,1,1,1,1,1,1,1,1,1,1,1,1,1,1,1,1,1,1,1,1,1,1,1,1,1,1,1,1,1,1,1,1,1,1,1,1,1,1
cross reduce BAU subsidies,electricity,,,0,0,0,0.026316,0.052632,0.078947,0.105263,0.131579,0.157895,0.184211,0.210526,0.236842,0.263158,0.289474,0.315789,0.342105,0.368421,0.394737,0.421053,0.447368,0.473684,0.5,0.526316,0.552632,0.578947,0.605263,0.631579,0.657895,0.684211,0.710526,0.736842,0.763158,0.789474,0.815789,0.842105,0.868421,0.894737,0.921053,0.947368,0.973684,1,1,1,1,1,1,1,1,1,1,1,1,1,1,1,1,1,1,1,1,1,1,1,1,1,1,1,1,1,1,1,1,1,1,1,1,1,1,1,1,1
cross reduce BAU subsidies,hard coal,,,0,0,0,0.026316,0.052632,0.078947,0.105263,0.131579,0.157895,0.184211,0.210526,0.236842,0.263158,0.289474,0.315789,0.342105,0.368421,0.394737,0.421053,0.447368,0.473684,0.5,0.526316,0.552632,0.578947,0.605263,0.631579,0.657895,0.684211,0.710526,0.736842,0.763158,0.789474,0.815789,0.842105,0.868421,0.894737,0.921053,0.947368,0.973684,1,1,1,1,1,1,1,1,1,1,1,1,1,1,1,1,1,1,1,1,1,1,1,1,1,1,1,1,1,1,1,1,1,1,1,1,1,1,1,1,1
cross reduce BAU subsidies,natural gas,,,0,0,0,0.026316,0.052632,0.078947,0.105263,0.131579,0.157895,0.184211,0.210526,0.236842,0.263158,0.289474,0.315789,0.342105,0.368421,0.394737,0.421053,0.447368,0.473684,0.5,0.526316,0.552632,0.578947,0.605263,0.631579,0.657895,0.684211,0.710526,0.736842,0.763158,0.789474,0.815789,0.842105,0.868421,0.894737,0.921053,0.947368,0.973684,1,1,1,1,1,1,1,1,1,1,1,1,1,1,1,1,1,1,1,1,1,1,1,1,1,1,1,1,1,1,1,1,1,1,1,1,1,1,1,1,1
cross reduce BAU subsidies,nuclear,,,0,0,0,0.026316,0.052632,0.078947,0.105263,0.131579,0.157895,0.184211,0.210526,0.236842,0.263158,0.289474,0.315789,0.342105,0.368421,0.394737,0.421053,0.447368,0.473684,0.5,0.526316,0.552632,0.578947,0.605263,0.631579,0.657895,0.684211,0.710526,0.736842,0.763158,0.789474,0.815789,0.842105,0.868421,0.894737,0.921053,0.947368,0.973684,1,1,1,1,1,1,1,1,1,1,1,1,1,1,1,1,1,1,1,1,1,1,1,1,1,1,1,1,1,1,1,1,1,1,1,1,1,1,1,1,1
cross reduce BAU subsidies,hydro,,,0,0,0,0.026316,0.052632,0.078947,0.105263,0.131579,0.157895,0.184211,0.210526,0.236842,0.263158,0.289474,0.315789,0.342105,0.368421,0.394737,0.421053,0.447368,0.473684,0.5,0.526316,0.552632,0.578947,0.605263,0.631579,0.657895,0.684211,0.710526,0.736842,0.763158,0.789474,0.815789,0.842105,0.868421,0.894737,0.921053,0.947368,0.973684,1,1,1,1,1,1,1,1,1,1,1,1,1,1,1,1,1,1,1,1,1,1,1,1,1,1,1,1,1,1,1,1,1,1,1,1,1,1,1,1,1
cross reduce BAU subsidies,wind,,,0,0,0,0.026316,0.052632,0.078947,0.105263,0.131579,0.157895,0.184211,0.210526,0.236842,0.263158,0.289474,0.315789,0.342105,0.368421,0.394737,0.421053,0.447368,0.473684,0.5,0.526316,0.552632,0.578947,0.605263,0.631579,0.657895,0.684211,0.710526,0.736842,0.763158,0.789474,0.815789,0.842105,0.868421,0.894737,0.921053,0.947368,0.973684,1,1,1,1,1,1,1,1,1,1,1,1,1,1,1,1,1,1,1,1,1,1,1,1,1,1,1,1,1,1,1,1,1,1,1,1,1,1,1,1,1
cross reduce BAU subsidies,solar,,,0,0,0,0.026316,0.052632,0.078947,0.105263,0.131579,0.157895,0.184211,0.210526,0.236842,0.263158,0.289474,0.315789,0.342105,0.368421,0.394737,0.421053,0.447368,0.473684,0.5,0.526316,0.552632,0.578947,0.605263,0.631579,0.657895,0.684211,0.710526,0.736842,0.763158,0.789474,0.815789,0.842105,0.868421,0.894737,0.921053,0.947368,0.973684,1,1,1,1,1,1,1,1,1,1,1,1,1,1,1,1,1,1,1,1,1,1,1,1,1,1,1,1,1,1,1,1,1,1,1,1,1,1,1,1,1
cross reduce BAU subsidies,biomass,,,0,0,0,0.026316,0.052632,0.078947,0.105263,0.131579,0.157895,0.184211,0.210526,0.236842,0.263158,0.289474,0.315789,0.342105,0.368421,0.394737,0.421053,0.447368,0.473684,0.5,0.526316,0.552632,0.578947,0.605263,0.631579,0.657895,0.684211,0.710526,0.736842,0.763158,0.789474,0.815789,0.842105,0.868421,0.894737,0.921053,0.947368,0.973684,1,1,1,1,1,1,1,1,1,1,1,1,1,1,1,1,1,1,1,1,1,1,1,1,1,1,1,1,1,1,1,1,1,1,1,1,1,1,1,1,1
cross reduce BAU subsidies,petroleum gasoline,,,0,0,0,0.026316,0.052632,0.078947,0.105263,0.131579,0.157895,0.184211,0.210526,0.236842,0.263158,0.289474,0.315789,0.342105,0.368421,0.394737,0.421053,0.447368,0.473684,0.5,0.526316,0.552632,0.578947,0.605263,0.631579,0.657895,0.684211,0.710526,0.736842,0.763158,0.789474,0.815789,0.842105,0.868421,0.894737,0.921053,0.947368,0.973684,1,1,1,1,1,1,1,1,1,1,1,1,1,1,1,1,1,1,1,1,1,1,1,1,1,1,1,1,1,1,1,1,1,1,1,1,1,1,1,1,1
cross reduce BAU subsidies,petroleum diesel,,,0,0,0,0.026316,0.052632,0.078947,0.105263,0.131579,0.157895,0.184211,0.210526,0.236842,0.263158,0.289474,0.315789,0.342105,0.368421,0.394737,0.421053,0.447368,0.473684,0.5,0.526316,0.552632,0.578947,0.605263,0.631579,0.657895,0.684211,0.710526,0.736842,0.763158,0.789474,0.815789,0.842105,0.868421,0.894737,0.921053,0.947368,0.973684,1,1,1,1,1,1,1,1,1,1,1,1,1,1,1,1,1,1,1,1,1,1,1,1,1,1,1,1,1,1,1,1,1,1,1,1,1,1,1,1,1
cross reduce BAU subsidies,biofuel gasoline,,,0,0,0,0.026316,0.052632,0.078947,0.105263,0.131579,0.157895,0.184211,0.210526,0.236842,0.263158,0.289474,0.315789,0.342105,0.368421,0.394737,0.421053,0.447368,0.473684,0.5,0.526316,0.552632,0.578947,0.605263,0.631579,0.657895,0.684211,0.710526,0.736842,0.763158,0.789474,0.815789,0.842105,0.868421,0.894737,0.921053,0.947368,0.973684,1,1,1,1,1,1,1,1,1,1,1,1,1,1,1,1,1,1,1,1,1,1,1,1,1,1,1,1,1,1,1,1,1,1,1,1,1,1,1,1,1
cross reduce BAU subsidies,biofuel diesel,,,0,0,0,0.026316,0.052632,0.078947,0.105263,0.131579,0.157895,0.184211,0.210526,0.236842,0.263158,0.289474,0.315789,0.342105,0.368421,0.394737,0.421053,0.447368,0.473684,0.5,0.526316,0.552632,0.578947,0.605263,0.631579,0.657895,0.684211,0.710526,0.736842,0.763158,0.789474,0.815789,0.842105,0.868421,0.894737,0.921053,0.947368,0.973684,1,1,1,1,1,1,1,1,1,1,1,1,1,1,1,1,1,1,1,1,1,1,1,1,1,1,1,1,1,1,1,1,1,1,1,1,1,1,1,1,1
cross reduce BAU subsidies,jet fuel or kerosene,,,0,0,0,0.026316,0.052632,0.078947,0.105263,0.131579,0.157895,0.184211,0.210526,0.236842,0.263158,0.289474,0.315789,0.342105,0.368421,0.394737,0.421053,0.447368,0.473684,0.5,0.526316,0.552632,0.578947,0.605263,0.631579,0.657895,0.684211,0.710526,0.736842,0.763158,0.789474,0.815789,0.842105,0.868421,0.894737,0.921053,0.947368,0.973684,1,1,1,1,1,1,1,1,1,1,1,1,1,1,1,1,1,1,1,1,1,1,1,1,1,1,1,1,1,1,1,1,1,1,1,1,1,1,1,1,1
cross reduce BAU subsidies,heat,,,0,0,0,0.026316,0.052632,0.078947,0.105263,0.131579,0.157895,0.184211,0.210526,0.236842,0.263158,0.289474,0.315789,0.342105,0.368421,0.394737,0.421053,0.447368,0.473684,0.5,0.526316,0.552632,0.578947,0.605263,0.631579,0.657895,0.684211,0.710526,0.736842,0.763158,0.789474,0.815789,0.842105,0.868421,0.894737,0.921053,0.947368,0.973684,1,1,1,1,1,1,1,1,1,1,1,1,1,1,1,1,1,1,1,1,1,1,1,1,1,1,1,1,1,1,1,1,1,1,1,1,1,1,1,1,1
cross reduce BAU subsidies,geothermal,,,0,0,0,0.026316,0.052632,0.078947,0.105263,0.131579,0.157895,0.184211,0.210526,0.236842,0.263158,0.289474,0.315789,0.342105,0.368421,0.394737,0.421053,0.447368,0.473684,0.5,0.526316,0.552632,0.578947,0.605263,0.631579,0.657895,0.684211,0.710526,0.736842,0.763158,0.789474,0.815789,0.842105,0.868421,0.894737,0.921053,0.947368,0.973684,1,1,1,1,1,1,1,1,1,1,1,1,1,1,1,1,1,1,1,1,1,1,1,1,1,1,1,1,1,1,1,1,1,1,1,1,1,1,1,1,1
cross reduce BAU subsidies,lignite,,,0,0,0,0.026316,0.052632,0.078947,0.105263,0.131579,0.157895,0.184211,0.210526,0.236842,0.263158,0.289474,0.315789,0.342105,0.368421,0.394737,0.421053,0.447368,0.473684,0.5,0.526316,0.552632,0.578947,0.605263,0.631579,0.657895,0.684211,0.710526,0.736842,0.763158,0.789474,0.815789,0.842105,0.868421,0.894737,0.921053,0.947368,0.973684,1,1,1,1,1,1,1,1,1,1,1,1,1,1,1,1,1,1,1,1,1,1,1,1,1,1,1,1,1,1,1,1,1,1,1,1,1,1,1,1,1
cross reduce BAU subsidies,crude oil,,,0,0,0,0.026316,0.052632,0.078947,0.105263,0.131579,0.157895,0.184211,0.210526,0.236842,0.263158,0.289474,0.315789,0.342105,0.368421,0.394737,0.421053,0.447368,0.473684,0.5,0.526316,0.552632,0.578947,0.605263,0.631579,0.657895,0.684211,0.710526,0.736842,0.763158,0.789474,0.815789,0.842105,0.868421,0.894737,0.921053,0.947368,0.973684,1,1,1,1,1,1,1,1,1,1,1,1,1,1,1,1,1,1,1,1,1,1,1,1,1,1,1,1,1,1,1,1,1,1,1,1,1,1,1,1,1
cross reduce BAU subsidies,heavy or residual fuel oil,,,0,0,0,0.026316,0.052632,0.078947,0.105263,0.131579,0.157895,0.184211,0.210526,0.236842,0.263158,0.289474,0.315789,0.342105,0.368421,0.394737,0.421053,0.447368,0.473684,0.5,0.526316,0.552632,0.578947,0.605263,0.631579,0.657895,0.684211,0.710526,0.736842,0.763158,0.789474,0.815789,0.842105,0.868421,0.894737,0.921053,0.947368,0.973684,1,1,1,1,1,1,1,1,1,1,1,1,1,1,1,1,1,1,1,1,1,1,1,1,1,1,1,1,1,1,1,1,1,1,1,1,1,1,1,1,1
cross reduce BAU subsidies,LPG propane or butane,,,0,0,0,0.026316,0.052632,0.078947,0.105263,0.131579,0.157895,0.184211,0.210526,0.236842,0.263158,0.289474,0.315789,0.342105,0.368421,0.394737,0.421053,0.447368,0.473684,0.5,0.526316,0.552632,0.578947,0.605263,0.631579,0.657895,0.684211,0.710526,0.736842,0.763158,0.789474,0.815789,0.842105,0.868421,0.894737,0.921053,0.947368,0.973684,1,1,1,1,1,1,1,1,1,1,1,1,1,1,1,1,1,1,1,1,1,1,1,1,1,1,1,1,1,1,1,1,1,1,1,1,1,1,1,1,1
cross reduce BAU subsidies,municipal solid waste,,,0,0,0,0.026316,0.052632,0.078947,0.105263,0.131579,0.157895,0.184211,0.210526,0.236842,0.263158,0.289474,0.315789,0.342105,0.368421,0.394737,0.421053,0.447368,0.473684,0.5,0.526316,0.552632,0.578947,0.605263,0.631579,0.657895,0.684211,0.710526,0.736842,0.763158,0.789474,0.815789,0.842105,0.868421,0.894737,0.921053,0.947368,0.973684,1,1,1,1,1,1,1,1,1,1,1,1,1,1,1,1,1,1,1,1,1,1,1,1,1,1,1,1,1,1,1,1,1,1,1,1,1,1,1,1,1
cross reduce BAU subsidies,hydrogen,,,0,0,0,0.026316,0.052632,0.078947,0.105263,0.131579,0.157895,0.184211,0.210526,0.236842,0.263158,0.289474,0.315789,0.342105,0.368421,0.394737,0.421053,0.447368,0.473684,0.5,0.526316,0.552632,0.578947,0.605263,0.631579,0.657895,0.684211,0.710526,0.736842,0.763158,0.789474,0.815789,0.842105,0.868421,0.894737,0.921053,0.947368,0.973684,1,1,1,1,1,1,1,1,1,1,1,1,1,1,1,1,1,1,1,1,1,1,1,1,1,1,1,1,1,1,1,1,1,1,1,1,1,1,1,1,1
cross toggle whether policies affect energy prices,electricity,,,1,1,1,1,1,1,1,1,1,1,1,1,1,1,1,1,1,1,1,1,1,1,1,1,1,1,1,1,1,1,1,1,1,1,1,1,1,1,1,1,1,1,1,1,1,1,1,1,1,1,1,1,1,1,1,1,1,1,1,1,1,1,1,1,1,1,1,1,1,1,1,1,1,1,1,1,1,1,1,1,1
cross toggle whether policies affect energy prices,hard coal,,,1,1,1,1,1,1,1,1,1,1,1,1,1,1,1,1,1,1,1,1,1,1,1,1,1,1,1,1,1,1,1,1,1,1,1,1,1,1,1,1,1,1,1,1,1,1,1,1,1,1,1,1,1,1,1,1,1,1,1,1,1,1,1,1,1,1,1,1,1,1,1,1,1,1,1,1,1,1,1,1,1
cross toggle whether policies affect energy prices,natural gas,,,1,1,1,1,1,1,1,1,1,1,1,1,1,1,1,1,1,1,1,1,1,1,1,1,1,1,1,1,1,1,1,1,1,1,1,1,1,1,1,1,1,1,1,1,1,1,1,1,1,1,1,1,1,1,1,1,1,1,1,1,1,1,1,1,1,1,1,1,1,1,1,1,1,1,1,1,1,1,1,1,1
cross toggle whether policies affect energy prices,nuclear,,,1,1,1,1,1,1,1,1,1,1,1,1,1,1,1,1,1,1,1,1,1,1,1,1,1,1,1,1,1,1,1,1,1,1,1,1,1,1,1,1,1,1,1,1,1,1,1,1,1,1,1,1,1,1,1,1,1,1,1,1,1,1,1,1,1,1,1,1,1,1,1,1,1,1,1,1,1,1,1,1,1
cross toggle whether policies affect energy prices,hydro,,,1,1,1,1,1,1,1,1,1,1,1,1,1,1,1,1,1,1,1,1,1,1,1,1,1,1,1,1,1,1,1,1,1,1,1,1,1,1,1,1,1,1,1,1,1,1,1,1,1,1,1,1,1,1,1,1,1,1,1,1,1,1,1,1,1,1,1,1,1,1,1,1,1,1,1,1,1,1,1,1,1
cross toggle whether policies affect energy prices,wind,,,1,1,1,1,1,1,1,1,1,1,1,1,1,1,1,1,1,1,1,1,1,1,1,1,1,1,1,1,1,1,1,1,1,1,1,1,1,1,1,1,1,1,1,1,1,1,1,1,1,1,1,1,1,1,1,1,1,1,1,1,1,1,1,1,1,1,1,1,1,1,1,1,1,1,1,1,1,1,1,1,1
cross toggle whether policies affect energy prices,solar,,,1,1,1,1,1,1,1,1,1,1,1,1,1,1,1,1,1,1,1,1,1,1,1,1,1,1,1,1,1,1,1,1,1,1,1,1,1,1,1,1,1,1,1,1,1,1,1,1,1,1,1,1,1,1,1,1,1,1,1,1,1,1,1,1,1,1,1,1,1,1,1,1,1,1,1,1,1,1,1,1,1
cross toggle whether policies affect energy prices,biomass,,,1,1,1,1,1,1,1,1,1,1,1,1,1,1,1,1,1,1,1,1,1,1,1,1,1,1,1,1,1,1,1,1,1,1,1,1,1,1,1,1,1,1,1,1,1,1,1,1,1,1,1,1,1,1,1,1,1,1,1,1,1,1,1,1,1,1,1,1,1,1,1,1,1,1,1,1,1,1,1,1,1
cross toggle whether policies affect energy prices,petroleum gasoline,,,1,1,1,1,1,1,1,1,1,1,1,1,1,1,1,1,1,1,1,1,1,1,1,1,1,1,1,1,1,1,1,1,1,1,1,1,1,1,1,1,1,1,1,1,1,1,1,1,1,1,1,1,1,1,1,1,1,1,1,1,1,1,1,1,1,1,1,1,1,1,1,1,1,1,1,1,1,1,1,1,1
cross toggle whether policies affect energy prices,petroleum diesel,,,1,1,1,1,1,1,1,1,1,1,1,1,1,1,1,1,1,1,1,1,1,1,1,1,1,1,1,1,1,1,1,1,1,1,1,1,1,1,1,1,1,1,1,1,1,1,1,1,1,1,1,1,1,1,1,1,1,1,1,1,1,1,1,1,1,1,1,1,1,1,1,1,1,1,1,1,1,1,1,1,1
cross toggle whether policies affect energy prices,biofuel gasoline,,,1,1,1,1,1,1,1,1,1,1,1,1,1,1,1,1,1,1,1,1,1,1,1,1,1,1,1,1,1,1,1,1,1,1,1,1,1,1,1,1,1,1,1,1,1,1,1,1,1,1,1,1,1,1,1,1,1,1,1,1,1,1,1,1,1,1,1,1,1,1,1,1,1,1,1,1,1,1,1,1,1
cross toggle whether policies affect energy prices,biofuel diesel,,,1,1,1,1,1,1,1,1,1,1,1,1,1,1,1,1,1,1,1,1,1,1,1,1,1,1,1,1,1,1,1,1,1,1,1,1,1,1,1,1,1,1,1,1,1,1,1,1,1,1,1,1,1,1,1,1,1,1,1,1,1,1,1,1,1,1,1,1,1,1,1,1,1,1,1,1,1,1,1,1,1
cross toggle whether policies affect energy prices,jet fuel or kerosene,,,1,1,1,1,1,1,1,1,1,1,1,1,1,1,1,1,1,1,1,1,1,1,1,1,1,1,1,1,1,1,1,1,1,1,1,1,1,1,1,1,1,1,1,1,1,1,1,1,1,1,1,1,1,1,1,1,1,1,1,1,1,1,1,1,1,1,1,1,1,1,1,1,1,1,1,1,1,1,1,1,1
cross toggle whether policies affect energy prices,heat,,,1,1,1,1,1,1,1,1,1,1,1,1,1,1,1,1,1,1,1,1,1,1,1,1,1,1,1,1,1,1,1,1,1,1,1,1,1,1,1,1,1,1,1,1,1,1,1,1,1,1,1,1,1,1,1,1,1,1,1,1,1,1,1,1,1,1,1,1,1,1,1,1,1,1,1,1,1,1,1,1,1
cross toggle whether policies affect energy prices,geothermal,,,1,1,1,1,1,1,1,1,1,1,1,1,1,1,1,1,1,1,1,1,1,1,1,1,1,1,1,1,1,1,1,1,1,1,1,1,1,1,1,1,1,1,1,1,1,1,1,1,1,1,1,1,1,1,1,1,1,1,1,1,1,1,1,1,1,1,1,1,1,1,1,1,1,1,1,1,1,1,1,1,1
cross toggle whether policies affect energy prices,lignite,,,1,1,1,1,1,1,1,1,1,1,1,1,1,1,1,1,1,1,1,1,1,1,1,1,1,1,1,1,1,1,1,1,1,1,1,1,1,1,1,1,1,1,1,1,1,1,1,1,1,1,1,1,1,1,1,1,1,1,1,1,1,1,1,1,1,1,1,1,1,1,1,1,1,1,1,1,1,1,1,1,1
cross toggle whether policies affect energy prices,crude oil,,,1,1,1,1,1,1,1,1,1,1,1,1,1,1,1,1,1,1,1,1,1,1,1,1,1,1,1,1,1,1,1,1,1,1,1,1,1,1,1,1,1,1,1,1,1,1,1,1,1,1,1,1,1,1,1,1,1,1,1,1,1,1,1,1,1,1,1,1,1,1,1,1,1,1,1,1,1,1,1,1,1
cross toggle whether policies affect energy prices,heavy or residual fuel oil,,,1,1,1,1,1,1,1,1,1,1,1,1,1,1,1,1,1,1,1,1,1,1,1,1,1,1,1,1,1,1,1,1,1,1,1,1,1,1,1,1,1,1,1,1,1,1,1,1,1,1,1,1,1,1,1,1,1,1,1,1,1,1,1,1,1,1,1,1,1,1,1,1,1,1,1,1,1,1,1,1,1
cross toggle whether policies affect energy prices,LPG propane or butane,,,1,1,1,1,1,1,1,1,1,1,1,1,1,1,1,1,1,1,1,1,1,1,1,1,1,1,1,1,1,1,1,1,1,1,1,1,1,1,1,1,1,1,1,1,1,1,1,1,1,1,1,1,1,1,1,1,1,1,1,1,1,1,1,1,1,1,1,1,1,1,1,1,1,1,1,1,1,1,1,1,1
cross toggle whether policies affect energy prices,municipal solid waste,,,1,1,1,1,1,1,1,1,1,1,1,1,1,1,1,1,1,1,1,1,1,1,1,1,1,1,1,1,1,1,1,1,1,1,1,1,1,1,1,1,1,1,1,1,1,1,1,1,1,1,1,1,1,1,1,1,1,1,1,1,1,1,1,1,1,1,1,1,1,1,1,1,1,1,1,1,1,1,1,1,1
cross toggle whether policies affect energy prices,hydrogen,,,1,1,1,1,1,1,1,1,1,1,1,1,1,1,1,1,1,1,1,1,1,1,1,1,1,1,1,1,1,1,1,1,1,1,1,1,1,1,1,1,1,1,1,1,1,1,1,1,1,1,1,1,1,1,1,1,1,1,1,1,1,1,1,1,1,1,1,1,1,1,1,1,1,1,1,1,1,1,1,1,1
cross toggle whether carbon tax affects process emissions,agriculture and forestry 01T03,,,1,1,1,1,1,1,1,1,1,1,1,1,1,1,1,1,1,1,1,1,1,1,1,1,1,1,1,1,1,1,1,1,1,1,1,1,1,1,1,1,1,1,1,1,1,1,1,1,1,1,1,1,1,1,1,1,1,1,1,1,1,1,1,1,1,1,1,1,1,1,1,1,1,1,1,1,1,1,1,1,1
cross toggle whether carbon tax affects process emissions,coal mining 05,,,1,1,1,1,1,1,1,1,1,1,1,1,1,1,1,1,1,1,1,1,1,1,1,1,1,1,1,1,1,1,1,1,1,1,1,1,1,1,1,1,1,1,1,1,1,1,1,1,1,1,1,1,1,1,1,1,1,1,1,1,1,1,1,1,1,1,1,1,1,1,1,1,1,1,1,1,1,1,1,1,1
cross toggle whether carbon tax affects process emissions,oil and gas extraction 06,,,1,1,1,1,1,1,1,1,1,1,1,1,1,1,1,1,1,1,1,1,1,1,1,1,1,1,1,1,1,1,1,1,1,1,1,1,1,1,1,1,1,1,1,1,1,1,1,1,1,1,1,1,1,1,1,1,1,1,1,1,1,1,1,1,1,1,1,1,1,1,1,1,1,1,1,1,1,1,1,1,1
cross toggle whether carbon tax affects process emissions,other mining and quarrying 07T08,,,1,1,1,1,1,1,1,1,1,1,1,1,1,1,1,1,1,1,1,1,1,1,1,1,1,1,1,1,1,1,1,1,1,1,1,1,1,1,1,1,1,1,1,1,1,1,1,1,1,1,1,1,1,1,1,1,1,1,1,1,1,1,1,1,1,1,1,1,1,1,1,1,1,1,1,1,1,1,1,1,1
cross toggle whether carbon tax affects process emissions,food beverage and tobacco 10T12,,,1,1,1,1,1,1,1,1,1,1,1,1,1,1,1,1,1,1,1,1,1,1,1,1,1,1,1,1,1,1,1,1,1,1,1,1,1,1,1,1,1,1,1,1,1,1,1,1,1,1,1,1,1,1,1,1,1,1,1,1,1,1,1,1,1,1,1,1,1,1,1,1,1,1,1,1,1,1,1,1,1
cross toggle whether carbon tax affects process emissions,textiles apparel and leather 13T15,,,1,1,1,1,1,1,1,1,1,1,1,1,1,1,1,1,1,1,1,1,1,1,1,1,1,1,1,1,1,1,1,1,1,1,1,1,1,1,1,1,1,1,1,1,1,1,1,1,1,1,1,1,1,1,1,1,1,1,1,1,1,1,1,1,1,1,1,1,1,1,1,1,1,1,1,1,1,1,1,1,1
cross toggle whether carbon tax affects process emissions,wood products 16,,,1,1,1,1,1,1,1,1,1,1,1,1,1,1,1,1,1,1,1,1,1,1,1,1,1,1,1,1,1,1,1,1,1,1,1,1,1,1,1,1,1,1,1,1,1,1,1,1,1,1,1,1,1,1,1,1,1,1,1,1,1,1,1,1,1,1,1,1,1,1,1,1,1,1,1,1,1,1,1,1,1
cross toggle whether carbon tax affects process emissions,pulp paper and printing 17T18,,,1,1,1,1,1,1,1,1,1,1,1,1,1,1,1,1,1,1,1,1,1,1,1,1,1,1,1,1,1,1,1,1,1,1,1,1,1,1,1,1,1,1,1,1,1,1,1,1,1,1,1,1,1,1,1,1,1,1,1,1,1,1,1,1,1,1,1,1,1,1,1,1,1,1,1,1,1,1,1,1,1
cross toggle whether carbon tax affects process emissions,refined petroleum and coke 19,,,1,1,1,1,1,1,1,1,1,1,1,1,1,1,1,1,1,1,1,1,1,1,1,1,1,1,1,1,1,1,1,1,1,1,1,1,1,1,1,1,1,1,1,1,1,1,1,1,1,1,1,1,1,1,1,1,1,1,1,1,1,1,1,1,1,1,1,1,1,1,1,1,1,1,1,1,1,1,1,1,1
cross toggle whether carbon tax affects process emissions,chemicals 20,,,1,1,1,1,1,1,1,1,1,1,1,1,1,1,1,1,1,1,1,1,1,1,1,1,1,1,1,1,1,1,1,1,1,1,1,1,1,1,1,1,1,1,1,1,1,1,1,1,1,1,1,1,1,1,1,1,1,1,1,1,1,1,1,1,1,1,1,1,1,1,1,1,1,1,1,1,1,1,1,1,1
cross toggle whether carbon tax affects process emissions,rubber and plastic products 22,,,1,1,1,1,1,1,1,1,1,1,1,1,1,1,1,1,1,1,1,1,1,1,1,1,1,1,1,1,1,1,1,1,1,1,1,1,1,1,1,1,1,1,1,1,1,1,1,1,1,1,1,1,1,1,1,1,1,1,1,1,1,1,1,1,1,1,1,1,1,1,1,1,1,1,1,1,1,1,1,1,1
cross toggle whether carbon tax affects process emissions,glass and glass products 231,,,1,1,1,1,1,1,1,1,1,1,1,1,1,1,1,1,1,1,1,1,1,1,1,1,1,1,1,1,1,1,1,1,1,1,1,1,1,1,1,1,1,1,1,1,1,1,1,1,1,1,1,1,1,1,1,1,1,1,1,1,1,1,1,1,1,1,1,1,1,1,1,1,1,1,1,1,1,1,1,1,1
cross toggle whether carbon tax affects process emissions,cement and other nonmetallic minerals 239,,,1,1,1,1,1,1,1,1,1,1,1,1,1,1,1,1,1,1,1,1,1,1,1,1,1,1,1,1,1,1,1,1,1,1,1,1,1,1,1,1,1,1,1,1,1,1,1,1,1,1,1,1,1,1,1,1,1,1,1,1,1,1,1,1,1,1,1,1,1,1,1,1,1,1,1,1,1,1,1,1,1
cross toggle whether carbon tax affects process emissions,iron and steel 241,,,1,1,1,1,1,1,1,1,1,1,1,1,1,1,1,1,1,1,1,1,1,1,1,1,1,1,1,1,1,1,1,1,1,1,1,1,1,1,1,1,1,1,1,1,1,1,1,1,1,1,1,1,1,1,1,1,1,1,1,1,1,1,1,1,1,1,1,1,1,1,1,1,1,1,1,1,1,1,1,1,1
cross toggle whether carbon tax affects process emissions,other metals 242,,,1,1,1,1,1,1,1,1,1,1,1,1,1,1,1,1,1,1,1,1,1,1,1,1,1,1,1,1,1,1,1,1,1,1,1,1,1,1,1,1,1,1,1,1,1,1,1,1,1,1,1,1,1,1,1,1,1,1,1,1,1,1,1,1,1,1,1,1,1,1,1,1,1,1,1,1,1,1,1,1,1
cross toggle whether carbon tax affects process emissions,metal products except machinery and vehicles 25,,,1,1,1,1,1,1,1,1,1,1,1,1,1,1,1,1,1,1,1,1,1,1,1,1,1,1,1,1,1,1,1,1,1,1,1,1,1,1,1,1,1,1,1,1,1,1,1,1,1,1,1,1,1,1,1,1,1,1,1,1,1,1,1,1,1,1,1,1,1,1,1,1,1,1,1,1,1,1,1,1,1
cross toggle whether carbon tax affects process emissions,computers and electronics 26,,,1,1,1,1,1,1,1,1,1,1,1,1,1,1,1,1,1,1,1,1,1,1,1,1,1,1,1,1,1,1,1,1,1,1,1,1,1,1,1,1,1,1,1,1,1,1,1,1,1,1,1,1,1,1,1,1,1,1,1,1,1,1,1,1,1,1,1,1,1,1,1,1,1,1,1,1,1,1,1,1,1
cross toggle whether carbon tax affects process emissions,appliances and electrical equipment 27,,,1,1,1,1,1,1,1,1,1,1,1,1,1,1,1,1,1,1,1,1,1,1,1,1,1,1,1,1,1,1,1,1,1,1,1,1,1,1,1,1,1,1,1,1,1,1,1,1,1,1,1,1,1,1,1,1,1,1,1,1,1,1,1,1,1,1,1,1,1,1,1,1,1,1,1,1,1,1,1,1,1
cross toggle whether carbon tax affects process emissions,other machinery 28,,,1,1,1,1,1,1,1,1,1,1,1,1,1,1,1,1,1,1,1,1,1,1,1,1,1,1,1,1,1,1,1,1,1,1,1,1,1,1,1,1,1,1,1,1,1,1,1,1,1,1,1,1,1,1,1,1,1,1,1,1,1,1,1,1,1,1,1,1,1,1,1,1,1,1,1,1,1,1,1,1,1
cross toggle whether carbon tax affects process emissions,road vehicles 29,,,1,1,1,1,1,1,1,1,1,1,1,1,1,1,1,1,1,1,1,1,1,1,1,1,1,1,1,1,1,1,1,1,1,1,1,1,1,1,1,1,1,1,1,1,1,1,1,1,1,1,1,1,1,1,1,1,1,1,1,1,1,1,1,1,1,1,1,1,1,1,1,1,1,1,1,1,1,1,1,1,1
cross toggle whether carbon tax affects process emissions,nonroad vehicles 30,,,1,1,1,1,1,1,1,1,1,1,1,1,1,1,1,1,1,1,1,1,1,1,1,1,1,1,1,1,1,1,1,1,1,1,1,1,1,1,1,1,1,1,1,1,1,1,1,1,1,1,1,1,1,1,1,1,1,1,1,1,1,1,1,1,1,1,1,1,1,1,1,1,1,1,1,1,1,1,1,1,1
cross toggle whether carbon tax affects process emissions,other manufacturing 31T33,,,1,1,1,1,1,1,1,1,1,1,1,1,1,1,1,1,1,1,1,1,1,1,1,1,1,1,1,1,1,1,1,1,1,1,1,1,1,1,1,1,1,1,1,1,1,1,1,1,1,1,1,1,1,1,1,1,1,1,1,1,1,1,1,1,1,1,1,1,1,1,1,1,1,1,1,1,1,1,1,1,1
cross toggle whether carbon tax affects process emissions,energy pipelines and gas processing 352T353,,,1,1,1,1,1,1,1,1,1,1,1,1,1,1,1,1,1,1,1,1,1,1,1,1,1,1,1,1,1,1,1,1,1,1,1,1,1,1,1,1,1,1,1,1,1,1,1,1,1,1,1,1,1,1,1,1,1,1,1,1,1,1,1,1,1,1,1,1,1,1,1,1,1,1,1,1,1,1,1,1,1
cross toggle whether carbon tax affects process emissions,water and waste 36T39,,,1,1,1,1,1,1,1,1,1,1,1,1,1,1,1,1,1,1,1,1,1,1,1,1,1,1,1,1,1,1,1,1,1,1,1,1,1,1,1,1,1,1,1,1,1,1,1,1,1,1,1,1,1,1,1,1,1,1,1,1,1,1,1,1,1,1,1,1,1,1,1,1,1,1,1,1,1,1,1,1,1
cross toggle whether carbon tax affects process emissions,construction 41T43,,,1,1,1,1,1,1,1,1,1,1,1,1,1,1,1,1,1,1,1,1,1,1,1,1,1,1,1,1,1,1,1,1,1,1,1,1,1,1,1,1,1,1,1,1,1,1,1,1,1,1,1,1,1,1,1,1,1,1,1,1,1,1,1,1,1,1,1,1,1,1,1,1,1,1,1,1,1,1,1,1,1
cross toggle whether carbon tax affects non CO2 emissions,,,,1,1,1,1,1,1,1,1,1,1,1,1,1,1,1,1,1,1,1,1,1,1,1,1,1,1,1,1,1,1,1,1,1,1,1,1,1,1,1,1,1,1,1,1,1,1,1,1,1,1,1,1,1,1,1,1,1,1,1,1,1,1,1,1,1,1,1,1,1,1,1,1,1,1,1,1,1,1,1,1,1
cross toggle carbon tax border adjustment,,,,1,1,1,1,1,1,1,1,1,1,1,1,1,1,1,1,1,1,1,1,1,1,1,1,1,1,1,1,1,1,1,1,1,1,1,1,1,1,1,1,1,1,1,1,1,1,1,1,1,1,1,1,1,1,1,1,1,1,1,1,1,1,1,1,1,1,1,1,1,1,1,1,1,1,1,1,1,1,1,1,1
cross fuel price deregulation,electricity,,,0,0,0,0.026316,0.052632,0.078947,0.105263,0.131579,0.157895,0.184211,0.210526,0.236842,0.263158,0.289474,0.315789,0.342105,0.368421,0.394737,0.421053,0.447368,0.473684,0.5,0.526316,0.552632,0.578947,0.605263,0.631579,0.657895,0.684211,0.710526,0.736842,0.763158,0.789474,0.815789,0.842105,0.868421,0.894737,0.921053,0.947368,0.973684,1,1,1,1,1,1,1,1,1,1,1,1,1,1,1,1,1,1,1,1,1,1,1,1,1,1,1,1,1,1,1,1,1,1,1,1,1,1,1,1,1
cross fuel price deregulation,hard coal,,,0,0,0,0.026316,0.052632,0.078947,0.105263,0.131579,0.157895,0.184211,0.210526,0.236842,0.263158,0.289474,0.315789,0.342105,0.368421,0.394737,0.421053,0.447368,0.473684,0.5,0.526316,0.552632,0.578947,0.605263,0.631579,0.657895,0.684211,0.710526,0.736842,0.763158,0.789474,0.815789,0.842105,0.868421,0.894737,0.921053,0.947368,0.973684,1,1,1,1,1,1,1,1,1,1,1,1,1,1,1,1,1,1,1,1,1,1,1,1,1,1,1,1,1,1,1,1,1,1,1,1,1,1,1,1,1
cross fuel price deregulation,natural gas,,,0,0,0,0.026316,0.052632,0.078947,0.105263,0.131579,0.157895,0.184211,0.210526,0.236842,0.263158,0.289474,0.315789,0.342105,0.368421,0.394737,0.421053,0.447368,0.473684,0.5,0.526316,0.552632,0.578947,0.605263,0.631579,0.657895,0.684211,0.710526,0.736842,0.763158,0.789474,0.815789,0.842105,0.868421,0.894737,0.921053,0.947368,0.973684,1,1,1,1,1,1,1,1,1,1,1,1,1,1,1,1,1,1,1,1,1,1,1,1,1,1,1,1,1,1,1,1,1,1,1,1,1,1,1,1,1
cross fuel price deregulation,nuclear,,,0,0,0,0.026316,0.052632,0.078947,0.105263,0.131579,0.157895,0.184211,0.210526,0.236842,0.263158,0.289474,0.315789,0.342105,0.368421,0.394737,0.421053,0.447368,0.473684,0.5,0.526316,0.552632,0.578947,0.605263,0.631579,0.657895,0.684211,0.710526,0.736842,0.763158,0.789474,0.815789,0.842105,0.868421,0.894737,0.921053,0.947368,0.973684,1,1,1,1,1,1,1,1,1,1,1,1,1,1,1,1,1,1,1,1,1,1,1,1,1,1,1,1,1,1,1,1,1,1,1,1,1,1,1,1,1
cross fuel price deregulation,hydro,,,0,0,0,0.026316,0.052632,0.078947,0.105263,0.131579,0.157895,0.184211,0.210526,0.236842,0.263158,0.289474,0.315789,0.342105,0.368421,0.394737,0.421053,0.447368,0.473684,0.5,0.526316,0.552632,0.578947,0.605263,0.631579,0.657895,0.684211,0.710526,0.736842,0.763158,0.789474,0.815789,0.842105,0.868421,0.894737,0.921053,0.947368,0.973684,1,1,1,1,1,1,1,1,1,1,1,1,1,1,1,1,1,1,1,1,1,1,1,1,1,1,1,1,1,1,1,1,1,1,1,1,1,1,1,1,1
cross fuel price deregulation,wind,,,0,0,0,0.026316,0.052632,0.078947,0.105263,0.131579,0.157895,0.184211,0.210526,0.236842,0.263158,0.289474,0.315789,0.342105,0.368421,0.394737,0.421053,0.447368,0.473684,0.5,0.526316,0.552632,0.578947,0.605263,0.631579,0.657895,0.684211,0.710526,0.736842,0.763158,0.789474,0.815789,0.842105,0.868421,0.894737,0.921053,0.947368,0.973684,1,1,1,1,1,1,1,1,1,1,1,1,1,1,1,1,1,1,1,1,1,1,1,1,1,1,1,1,1,1,1,1,1,1,1,1,1,1,1,1,1
cross fuel price deregulation,solar,,,0,0,0,0.026316,0.052632,0.078947,0.105263,0.131579,0.157895,0.184211,0.210526,0.236842,0.263158,0.289474,0.315789,0.342105,0.368421,0.394737,0.421053,0.447368,0.473684,0.5,0.526316,0.552632,0.578947,0.605263,0.631579,0.657895,0.684211,0.710526,0.736842,0.763158,0.789474,0.815789,0.842105,0.868421,0.894737,0.921053,0.947368,0.973684,1,1,1,1,1,1,1,1,1,1,1,1,1,1,1,1,1,1,1,1,1,1,1,1,1,1,1,1,1,1,1,1,1,1,1,1,1,1,1,1,1
cross fuel price deregulation,biomass,,,0,0,0,0.026316,0.052632,0.078947,0.105263,0.131579,0.157895,0.184211,0.210526,0.236842,0.263158,0.289474,0.315789,0.342105,0.368421,0.394737,0.421053,0.447368,0.473684,0.5,0.526316,0.552632,0.578947,0.605263,0.631579,0.657895,0.684211,0.710526,0.736842,0.763158,0.789474,0.815789,0.842105,0.868421,0.894737,0.921053,0.947368,0.973684,1,1,1,1,1,1,1,1,1,1,1,1,1,1,1,1,1,1,1,1,1,1,1,1,1,1,1,1,1,1,1,1,1,1,1,1,1,1,1,1,1
cross fuel price deregulation,petroleum gasoline,,,0,0,0,0.026316,0.052632,0.078947,0.105263,0.131579,0.157895,0.184211,0.210526,0.236842,0.263158,0.289474,0.315789,0.342105,0.368421,0.394737,0.421053,0.447368,0.473684,0.5,0.526316,0.552632,0.578947,0.605263,0.631579,0.657895,0.684211,0.710526,0.736842,0.763158,0.789474,0.815789,0.842105,0.868421,0.894737,0.921053,0.947368,0.973684,1,1,1,1,1,1,1,1,1,1,1,1,1,1,1,1,1,1,1,1,1,1,1,1,1,1,1,1,1,1,1,1,1,1,1,1,1,1,1,1,1
cross fuel price deregulation,petroleum diesel,,,0,0,0,0.026316,0.052632,0.078947,0.105263,0.131579,0.157895,0.184211,0.210526,0.236842,0.263158,0.289474,0.315789,0.342105,0.368421,0.394737,0.421053,0.447368,0.473684,0.5,0.526316,0.552632,0.578947,0.605263,0.631579,0.657895,0.684211,0.710526,0.736842,0.763158,0.789474,0.815789,0.842105,0.868421,0.894737,0.921053,0.947368,0.973684,1,1,1,1,1,1,1,1,1,1,1,1,1,1,1,1,1,1,1,1,1,1,1,1,1,1,1,1,1,1,1,1,1,1,1,1,1,1,1,1,1
cross fuel price deregulation,biofuel gasoline,,,0,0,0,0.026316,0.052632,0.078947,0.105263,0.131579,0.157895,0.184211,0.210526,0.236842,0.263158,0.289474,0.315789,0.342105,0.368421,0.394737,0.421053,0.447368,0.473684,0.5,0.526316,0.552632,0.578947,0.605263,0.631579,0.657895,0.684211,0.710526,0.736842,0.763158,0.789474,0.815789,0.842105,0.868421,0.894737,0.921053,0.947368,0.973684,1,1,1,1,1,1,1,1,1,1,1,1,1,1,1,1,1,1,1,1,1,1,1,1,1,1,1,1,1,1,1,1,1,1,1,1,1,1,1,1,1
cross fuel price deregulation,biofuel diesel,,,0,0,0,0.026316,0.052632,0.078947,0.105263,0.131579,0.157895,0.184211,0.210526,0.236842,0.263158,0.289474,0.315789,0.342105,0.368421,0.394737,0.421053,0.447368,0.473684,0.5,0.526316,0.552632,0.578947,0.605263,0.631579,0.657895,0.684211,0.710526,0.736842,0.763158,0.789474,0.815789,0.842105,0.868421,0.894737,0.921053,0.947368,0.973684,1,1,1,1,1,1,1,1,1,1,1,1,1,1,1,1,1,1,1,1,1,1,1,1,1,1,1,1,1,1,1,1,1,1,1,1,1,1,1,1,1
cross fuel price deregulation,jet fuel or kerosene,,,0,0,0,0.026316,0.052632,0.078947,0.105263,0.131579,0.157895,0.184211,0.210526,0.236842,0.263158,0.289474,0.315789,0.342105,0.368421,0.394737,0.421053,0.447368,0.473684,0.5,0.526316,0.552632,0.578947,0.605263,0.631579,0.657895,0.684211,0.710526,0.736842,0.763158,0.789474,0.815789,0.842105,0.868421,0.894737,0.921053,0.947368,0.973684,1,1,1,1,1,1,1,1,1,1,1,1,1,1,1,1,1,1,1,1,1,1,1,1,1,1,1,1,1,1,1,1,1,1,1,1,1,1,1,1,1
cross fuel price deregulation,heat,,,0,0,0,0.026316,0.052632,0.078947,0.105263,0.131579,0.157895,0.184211,0.210526,0.236842,0.263158,0.289474,0.315789,0.342105,0.368421,0.394737,0.421053,0.447368,0.473684,0.5,0.526316,0.552632,0.578947,0.605263,0.631579,0.657895,0.684211,0.710526,0.736842,0.763158,0.789474,0.815789,0.842105,0.868421,0.894737,0.921053,0.947368,0.973684,1,1,1,1,1,1,1,1,1,1,1,1,1,1,1,1,1,1,1,1,1,1,1,1,1,1,1,1,1,1,1,1,1,1,1,1,1,1,1,1,1
cross fuel price deregulation,geothermal,,,0,0,0,0.026316,0.052632,0.078947,0.105263,0.131579,0.157895,0.184211,0.210526,0.236842,0.263158,0.289474,0.315789,0.342105,0.368421,0.394737,0.421053,0.447368,0.473684,0.5,0.526316,0.552632,0.578947,0.605263,0.631579,0.657895,0.684211,0.710526,0.736842,0.763158,0.789474,0.815789,0.842105,0.868421,0.894737,0.921053,0.947368,0.973684,1,1,1,1,1,1,1,1,1,1,1,1,1,1,1,1,1,1,1,1,1,1,1,1,1,1,1,1,1,1,1,1,1,1,1,1,1,1,1,1,1
cross fuel price deregulation,lignite,,,0,0,0,0.026316,0.052632,0.078947,0.105263,0.131579,0.157895,0.184211,0.210526,0.236842,0.263158,0.289474,0.315789,0.342105,0.368421,0.394737,0.421053,0.447368,0.473684,0.5,0.526316,0.552632,0.578947,0.605263,0.631579,0.657895,0.684211,0.710526,0.736842,0.763158,0.789474,0.815789,0.842105,0.868421,0.894737,0.921053,0.947368,0.973684,1,1,1,1,1,1,1,1,1,1,1,1,1,1,1,1,1,1,1,1,1,1,1,1,1,1,1,1,1,1,1,1,1,1,1,1,1,1,1,1,1
cross fuel price deregulation,crude oil,,,0,0,0,0.026316,0.052632,0.078947,0.105263,0.131579,0.157895,0.184211,0.210526,0.236842,0.263158,0.289474,0.315789,0.342105,0.368421,0.394737,0.421053,0.447368,0.473684,0.5,0.526316,0.552632,0.578947,0.605263,0.631579,0.657895,0.684211,0.710526,0.736842,0.763158,0.789474,0.815789,0.842105,0.868421,0.894737,0.921053,0.947368,0.973684,1,1,1,1,1,1,1,1,1,1,1,1,1,1,1,1,1,1,1,1,1,1,1,1,1,1,1,1,1,1,1,1,1,1,1,1,1,1,1,1,1
cross fuel price deregulation,heavy or residual fuel oil,,,0,0,0,0.026316,0.052632,0.078947,0.105263,0.131579,0.157895,0.184211,0.210526,0.236842,0.263158,0.289474,0.315789,0.342105,0.368421,0.394737,0.421053,0.447368,0.473684,0.5,0.526316,0.552632,0.578947,0.605263,0.631579,0.657895,0.684211,0.710526,0.736842,0.763158,0.789474,0.815789,0.842105,0.868421,0.894737,0.921053,0.947368,0.973684,1,1,1,1,1,1,1,1,1,1,1,1,1,1,1,1,1,1,1,1,1,1,1,1,1,1,1,1,1,1,1,1,1,1,1,1,1,1,1,1,1
cross fuel price deregulation,LPG propane or butane,,,0,0,0,0.026316,0.052632,0.078947,0.105263,0.131579,0.157895,0.184211,0.210526,0.236842,0.263158,0.289474,0.315789,0.342105,0.368421,0.394737,0.421053,0.447368,0.473684,0.5,0.526316,0.552632,0.578947,0.605263,0.631579,0.657895,0.684211,0.710526,0.736842,0.763158,0.789474,0.815789,0.842105,0.868421,0.894737,0.921053,0.947368,0.973684,1,1,1,1,1,1,1,1,1,1,1,1,1,1,1,1,1,1,1,1,1,1,1,1,1,1,1,1,1,1,1,1,1,1,1,1,1,1,1,1,1
cross fuel price deregulation,municipal solid waste,,,0,0,0,0.026316,0.052632,0.078947,0.105263,0.131579,0.157895,0.184211,0.210526,0.236842,0.263158,0.289474,0.315789,0.342105,0.368421,0.394737,0.421053,0.447368,0.473684,0.5,0.526316,0.552632,0.578947,0.605263,0.631579,0.657895,0.684211,0.710526,0.736842,0.763158,0.789474,0.815789,0.842105,0.868421,0.894737,0.921053,0.947368,0.973684,1,1,1,1,1,1,1,1,1,1,1,1,1,1,1,1,1,1,1,1,1,1,1,1,1,1,1,1,1,1,1,1,1,1,1,1,1,1,1,1,1
cross fuel price deregulation,hydrogen,,,0,0,0,0.026316,0.052632,0.078947,0.105263,0.131579,0.157895,0.184211,0.210526,0.236842,0.263158,0.289474,0.315789,0.342105,0.368421,0.394737,0.421053,0.447368,0.473684,0.5,0.526316,0.552632,0.578947,0.605263,0.631579,0.657895,0.684211,0.710526,0.736842,0.763158,0.789474,0.815789,0.842105,0.868421,0.894737,0.921053,0.947368,0.973684,1,1,1,1,1,1,1,1,1,1,1,1,1,1,1,1,1,1,1,1,1,1,1,1,1,1,1,1,1,1,1,1,1,1,1,1,1,1,1,1,1
heat convert heat to CHP,,,,0,0,0,0.026316,0.052632,0.078947,0.105263,0.131579,0.157895,0.184211,0.210526,0.236842,0.263158,0.289474,0.315789,0.342105,0.368421,0.394737,0.421053,0.447368,0.473684,0.5,0.526316,0.552632,0.578947,0.605263,0.631579,0.657895,0.684211,0.710526,0.736842,0.763158,0.789474,0.815789,0.842105,0.868421,0.894737,0.921053,0.947368,0.973684,1,1,1,1,1,1,1,1,1,1,1,1,1,1,1,1,1,1,1,1,1,1,1,1,1,1,1,1,1,1,1,1,1,1,1,1,1,1,1,1,1
heat fuel type shifting,,,,0,0,0,0.026316,0.052632,0.078947,0.105263,0.131579,0.157895,0.184211,0.210526,0.236842,0.263158,0.289474,0.315789,0.342105,0.368421,0.394737,0.421053,0.447368,0.473684,0.5,0.526316,0.552632,0.578947,0.605263,0.631579,0.657895,0.684211,0.710526,0.736842,0.763158,0.789474,0.815789,0.842105,0.868421,0.894737,0.921053,0.947368,0.973684,1,1,1,1,1,1,1,1,1,1,1,1,1,1,1,1,1,1,1,1,1,1,1,1,1,1,1,1,1,1,1,1,1,1,1,1,1,1,1,1,1
hydgn shift production pathways,,,,0,0,0,0,0,0,0,0,0,0,0.047619,0.095238,0.142857,0.190476,0.238095,0.285714,0.333333,0.380952,0.428571,0.47619,0.52381,0.571429,0.619048,0.666667,0.714286,0.761905,0.809524,0.857143,0.904762,0.952381,1,1,1,1,1,1,1,1,1,1,1,1,1,1,1,1,1,1,1,1,1,1,1,1,1,1,1,1,1,1,1,1,1,1,1,1,1,1,1,1,1,1,1,1,1,1,1,1,1,1,1
land forest set asides,,,,0,0,0,0.026316,0.052632,0.078947,0.105263,0.131579,0.157895,0.184211,0.210526,0.236842,0.263158,0.289474,0.315789,0.342105,0.368421,0.394737,0.421053,0.447368,0.473684,0.5,0.526316,0.552632,0.578947,0.605263,0.631579,0.657895,0.684211,0.710526,0.736842,0.763158,0.789474,0.815789,0.842105,0.868421,0.894737,0.921053,0.947368,0.973684,1,1,1,1,1,1,1,1,1,1,1,1,1,1,1,1,1,1,1,1,1,1,1,1,1,1,1,1,1,1,1,1,1,1,1,1,1,1,1,1,1
land afforestation and reforestation,,,,0,0,0,0.026316,0.052632,0.078947,0.105263,0.131579,0.157895,0.184211,0.210526,0.236842,0.263158,0.289474,0.315789,0.342105,0.368421,0.394737,0.421053,0.447368,0.473684,0.5,0.526316,0.552632,0.578947,0.605263,0.631579,0.657895,0.684211,0.710526,0.736842,0.763158,0.789474,0.815789,0.842105,0.868421,0.894737,0.921053,0.947368,0.973684,1,1,1,1,1,1,1,1,1,1,1,1,1,1,1,1,1,1,1,1,1,1,1,1,1,1,1,1,1,1,1,1,1,1,1,1,1,1,1,1,1
land forest management,,,,0,0,0,0.026316,0.052632,0.078947,0.105263,0.131579,0.157895,0.184211,0.210526,0.236842,0.263158,0.289474,0.315789,0.342105,0.368421,0.394737,0.421053,0.447368,0.473684,0.5,0.526316,0.552632,0.578947,0.605263,0.631579,0.657895,0.684211,0.710526,0.736842,0.763158,0.789474,0.815789,0.842105,0.868421,0.894737,0.921053,0.947368,0.973684,1,1,1,1,1,1,1,1,1,1,1,1,1,1,1,1,1,1,1,1,1,1,1,1,1,1,1,1,1,1,1,1,1,1,1,1,1,1,1,1,1
land avoid deforestation,,,,0,0,0,0.026316,0.052632,0.078947,0.105263,0.131579,0.157895,0.184211,0.210526,0.236842,0.263158,0.289474,0.315789,0.342105,0.368421,0.394737,0.421053,0.447368,0.473684,0.5,0.526316,0.552632,0.578947,0.605263,0.631579,0.657895,0.684211,0.710526,0.736842,0.763158,0.789474,0.815789,0.842105,0.868421,0.894737,0.921053,0.947368,0.973684,1,1,1,1,1,1,1,1,1,1,1,1,1,1,1,1,1,1,1,1,1,1,1,1,1,1,1,1,1,1,1,1,1,1,1,1,1,1,1,1,1
land peatland restoration,,,,0,0,0,0.026316,0.052632,0.078947,0.105263,0.131579,0.157895,0.184211,0.210526,0.236842,0.263158,0.289474,0.315789,0.342105,0.368421,0.394737,0.421053,0.447368,0.473684,0.5,0.526316,0.552632,0.578947,0.605263,0.631579,0.657895,0.684211,0.710526,0.736842,0.763158,0.789474,0.815789,0.842105,0.868421,0.894737,0.921053,0.947368,0.973684,1,1,1,1,1,1,1,1,1,1,1,1,1,1,1,1,1,1,1,1,1,1,1,1,1,1,1,1,1,1,1,1,1,1,1,1,1,1,1,1,1
land forest restoration,,,,0,0,0,0.025545,0.051089,0.076634,0.102179,0.127724,0.153268,0.178813,0.204358,0.229903,0.255447,0.280992,0.306537,0.332082,0.357626,0.383171,0.408716,0.434261,0.459805,0.48535,0.510895,0.536439,0.561984,0.587529,0.613074,0.638618,0.664163,0.689708,0.715253,0.740797,0.766342,0.791887,0.817432,0.842976,0.868521,0.894066,0.919611,0.945155,0.9707,0.9707,0.9707,0.9707,0.9707,0.9707,0.9707,0.9707,0.9707,0.9707,0.9707,0.9707,0.9707,0.9707,0.9707,0.9707,0.9707,0.9707,0.9707,0.9707,0.9707,0.9707,0.9707,0.9707,0.9707,0.9707,0.9707,0.9707,0.9707,0.9707,0.9707,0.9707,0.9707,0.9707,0.9707,0.9707,0.9707,0.9707,0.9707,0.9707,0.9707
RnD transportation capital cost reduction,battery electric vehicle,,,0.015069,0.015069,0.015069,0.017554,0.020039,0.026606,0.03525,0.04657,0.0613,0.080307,0.104569,0.135111,0.172899,0.218658,0.272653,0.33445,0.402756,0.475409,0.549591,0.622244,0.69055,0.752347,0.806342,0.852101,0.889889,0.920431,0.944693,0.9637,0.97843,0.98975,0.998394,0.998555,0.998715,0.998876,0.999036,0.999197,0.999358,0.999518,0.999679,0.999839,1,1,1,1,1,1,1,1,1,1,1,1,1,1,1,1,1,1,1,1,1,1,1,1,1,1,1,1,1,1,1,1,1,1,1,1,1,1,1,1,1
RnD transportation capital cost reduction,natural gas vehicle,,,0.015069,0.015069,0.015069,0.017554,0.020039,0.026606,0.03525,0.04657,0.0613,0.080307,0.104569,0.135111,0.172899,0.218658,0.272653,0.33445,0.402756,0.475409,0.549591,0.622244,0.69055,0.752347,0.806342,0.852101,0.889889,0.920431,0.944693,0.9637,0.97843,0.98975,0.998394,0.998555,0.998715,0.998876,0.999036,0.999197,0.999358,0.999518,0.999679,0.999839,1,1,1,1,1,1,1,1,1,1,1,1,1,1,1,1,1,1,1,1,1,1,1,1,1,1,1,1,1,1,1,1,1,1,1,1,1,1,1,1,1
RnD transportation capital cost reduction,gasoline vehicle,,,0.015069,0.015069,0.015069,0.017554,0.020039,0.026606,0.03525,0.04657,0.0613,0.080307,0.104569,0.135111,0.172899,0.218658,0.272653,0.33445,0.402756,0.475409,0.549591,0.622244,0.69055,0.752347,0.806342,0.852101,0.889889,0.920431,0.944693,0.9637,0.97843,0.98975,0.998394,0.998555,0.998715,0.998876,0.999036,0.999197,0.999358,0.999518,0.999679,0.999839,1,1,1,1,1,1,1,1,1,1,1,1,1,1,1,1,1,1,1,1,1,1,1,1,1,1,1,1,1,1,1,1,1,1,1,1,1,1,1,1,1
RnD transportation capital cost reduction,diesel vehicle,,,0.015069,0.015069,0.015069,0.017554,0.020039,0.026606,0.03525,0.04657,0.0613,0.080307,0.104569,0.135111,0.172899,0.218658,0.272653,0.33445,0.402756,0.475409,0.549591,0.622244,0.69055,0.752347,0.806342,0.852101,0.889889,0.920431,0.944693,0.9637,0.97843,0.98975,0.998394,0.998555,0.998715,0.998876,0.999036,0.999197,0.999358,0.999518,0.999679,0.999839,1,1,1,1,1,1,1,1,1,1,1,1,1,1,1,1,1,1,1,1,1,1,1,1,1,1,1,1,1,1,1,1,1,1,1,1,1,1,1,1,1
RnD transportation capital cost reduction,plugin hybrid vehicle,,,0.015069,0.015069,0.015069,0.017554,0.020039,0.026606,0.03525,0.04657,0.0613,0.080307,0.104569,0.135111,0.172899,0.218658,0.272653,0.33445,0.402756,0.475409,0.549591,0.622244,0.69055,0.752347,0.806342,0.852101,0.889889,0.920431,0.944693,0.9637,0.97843,0.98975,0.998394,0.998555,0.998715,0.998876,0.999036,0.999197,0.999358,0.999518,0.999679,0.999839,1,1,1,1,1,1,1,1,1,1,1,1,1,1,1,1,1,1,1,1,1,1,1,1,1,1,1,1,1,1,1,1,1,1,1,1,1,1,1,1,1
RnD transportation capital cost reduction,LPG vehicle,,,0.015069,0.015069,0.015069,0.017554,0.020039,0.026606,0.03525,0.04657,0.0613,0.080307,0.104569,0.135111,0.172899,0.218658,0.272653,0.33445,0.402756,0.475409,0.549591,0.622244,0.69055,0.752347,0.806342,0.852101,0.889889,0.920431,0.944693,0.9637,0.97843,0.98975,0.998394,0.998555,0.998715,0.998876,0.999036,0.999197,0.999358,0.999518,0.999679,0.999839,1,1,1,1,1,1,1,1,1,1,1,1,1,1,1,1,1,1,1,1,1,1,1,1,1,1,1,1,1,1,1,1,1,1,1,1,1,1,1,1,1
RnD transportation capital cost reduction,hydrogen vehicle,,,0.015069,0.015069,0.015069,0.017554,0.020039,0.026606,0.03525,0.04657,0.0613,0.080307,0.104569,0.135111,0.172899,0.218658,0.272653,0.33445,0.402756,0.475409,0.549591,0.622244,0.69055,0.752347,0.806342,0.852101,0.889889,0.920431,0.944693,0.9637,0.97843,0.98975,0.998394,0.998555,0.998715,0.998876,0.999036,0.999197,0.999358,0.999518,0.999679,0.999839,1,1,1,1,1,1,1,1,1,1,1,1,1,1,1,1,1,1,1,1,1,1,1,1,1,1,1,1,1,1,1,1,1,1,1,1,1,1,1,1,1
RnD electricity capital cost reduction,hard coal es,,,0.015069,0.015069,0.015069,0.017554,0.020039,0.026606,0.03525,0.04657,0.0613,0.080307,0.104569,0.135111,0.172899,0.218658,0.272653,0.33445,0.402756,0.475409,0.549591,0.622244,0.69055,0.752347,0.806342,0.852101,0.889889,0.920431,0.944693,0.9637,0.97843,0.98975,0.998394,0.998555,0.998715,0.998876,0.999036,0.999197,0.999358,0.999518,0.999679,0.999839,1,1,1,1,1,1,1,1,1,1,1,1,1,1,1,1,1,1,1,1,1,1,1,1,1,1,1,1,1,1,1,1,1,1,1,1,1,1,1,1,1
RnD electricity capital cost reduction,natural gas nonpeaker es,,,0.015069,0.015069,0.015069,0.017554,0.020039,0.026606,0.03525,0.04657,0.0613,0.080307,0.104569,0.135111,0.172899,0.218658,0.272653,0.33445,0.402756,0.475409,0.549591,0.622244,0.69055,0.752347,0.806342,0.852101,0.889889,0.920431,0.944693,0.9637,0.97843,0.98975,0.998394,0.998555,0.998715,0.998876,0.999036,0.999197,0.999358,0.999518,0.999679,0.999839,1,1,1,1,1,1,1,1,1,1,1,1,1,1,1,1,1,1,1,1,1,1,1,1,1,1,1,1,1,1,1,1,1,1,1,1,1,1,1,1,1
RnD electricity capital cost reduction,nuclear es,,,0.015069,0.015069,0.015069,0.017554,0.020039,0.026606,0.03525,0.04657,0.0613,0.080307,0.104569,0.135111,0.172899,0.218658,0.272653,0.33445,0.402756,0.475409,0.549591,0.622244,0.69055,0.752347,0.806342,0.852101,0.889889,0.920431,0.944693,0.9637,0.97843,0.98975,0.998394,0.998555,0.998715,0.998876,0.999036,0.999197,0.999358,0.999518,0.999679,0.999839,1,1,1,1,1,1,1,1,1,1,1,1,1,1,1,1,1,1,1,1,1,1,1,1,1,1,1,1,1,1,1,1,1,1,1,1,1,1,1,1,1
RnD electricity capital cost reduction,hydro es,,,0.015069,0.015069,0.015069,0.017554,0.020039,0.026606,0.03525,0.04657,0.0613,0.080307,0.104569,0.135111,0.172899,0.218658,0.272653,0.33445,0.402756,0.475409,0.549591,0.622244,0.69055,0.752347,0.806342,0.852101,0.889889,0.920431,0.944693,0.9637,0.97843,0.98975,0.998394,0.998555,0.998715,0.998876,0.999036,0.999197,0.999358,0.999518,0.999679,0.999839,1,1,1,1,1,1,1,1,1,1,1,1,1,1,1,1,1,1,1,1,1,1,1,1,1,1,1,1,1,1,1,1,1,1,1,1,1,1,1,1,1
RnD electricity capital cost reduction,onshore wind es,,,0.015069,0.015069,0.015069,0.017554,0.020039,0.026606,0.03525,0.04657,0.0613,0.080307,0.104569,0.135111,0.172899,0.218658,0.272653,0.33445,0.402756,0.475409,0.549591,0.622244,0.69055,0.752347,0.806342,0.852101,0.889889,0.920431,0.944693,0.9637,0.97843,0.98975,0.998394,0.998555,0.998715,0.998876,0.999036,0.999197,0.999358,0.999518,0.999679,0.999839,1,1,1,1,1,1,1,1,1,1,1,1,1,1,1,1,1,1,1,1,1,1,1,1,1,1,1,1,1,1,1,1,1,1,1,1,1,1,1,1,1
RnD electricity capital cost reduction,solar PV es,,,0.015069,0.015069,0.015069,0.017554,0.020039,0.026606,0.03525,0.04657,0.0613,0.080307,0.104569,0.135111,0.172899,0.218658,0.272653,0.33445,0.402756,0.475409,0.549591,0.622244,0.69055,0.752347,0.806342,0.852101,0.889889,0.920431,0.944693,0.9637,0.97843,0.98975,0.998394,0.998555,0.998715,0.998876,0.999036,0.999197,0.999358,0.999518,0.999679,0.999839,1,1,1,1,1,1,1,1,1,1,1,1,1,1,1,1,1,1,1,1,1,1,1,1,1,1,1,1,1,1,1,1,1,1,1,1,1,1,1,1,1
RnD electricity capital cost reduction,solar thermal es,,,0.015069,0.015069,0.015069,0.017554,0.020039,0.026606,0.03525,0.04657,0.0613,0.080307,0.104569,0.135111,0.172899,0.218658,0.272653,0.33445,0.402756,0.475409,0.549591,0.622244,0.69055,0.752347,0.806342,0.852101,0.889889,0.920431,0.944693,0.9637,0.97843,0.98975,0.998394,0.998555,0.998715,0.998876,0.999036,0.999197,0.999358,0.999518,0.999679,0.999839,1,1,1,1,1,1,1,1,1,1,1,1,1,1,1,1,1,1,1,1,1,1,1,1,1,1,1,1,1,1,1,1,1,1,1,1,1,1,1,1,1
RnD electricity capital cost reduction,biomass es,,,0.015069,0.015069,0.015069,0.017554,0.020039,0.026606,0.03525,0.04657,0.0613,0.080307,0.104569,0.135111,0.172899,0.218658,0.272653,0.33445,0.402756,0.475409,0.549591,0.622244,0.69055,0.752347,0.806342,0.852101,0.889889,0.920431,0.944693,0.9637,0.97843,0.98975,0.998394,0.998555,0.998715,0.998876,0.999036,0.999197,0.999358,0.999518,0.999679,0.999839,1,1,1,1,1,1,1,1,1,1,1,1,1,1,1,1,1,1,1,1,1,1,1,1,1,1,1,1,1,1,1,1,1,1,1,1,1,1,1,1,1
RnD electricity capital cost reduction,geothermal es,,,0.015069,0.015069,0.015069,0.017554,0.020039,0.026606,0.03525,0.04657,0.0613,0.080307,0.104569,0.135111,0.172899,0.218658,0.272653,0.33445,0.402756,0.475409,0.549591,0.622244,0.69055,0.752347,0.806342,0.852101,0.889889,0.920431,0.944693,0.9637,0.97843,0.98975,0.998394,0.998555,0.998715,0.998876,0.999036,0.999197,0.999358,0.999518,0.999679,0.999839,1,1,1,1,1,1,1,1,1,1,1,1,1,1,1,1,1,1,1,1,1,1,1,1,1,1,1,1,1,1,1,1,1,1,1,1,1,1,1,1,1
RnD electricity capital cost reduction,petroleum es,,,0.015069,0.015069,0.015069,0.017554,0.020039,0.026606,0.03525,0.04657,0.0613,0.080307,0.104569,0.135111,0.172899,0.218658,0.272653,0.33445,0.402756,0.475409,0.549591,0.622244,0.69055,0.752347,0.806342,0.852101,0.889889,0.920431,0.944693,0.9637,0.97843,0.98975,0.998394,0.998555,0.998715,0.998876,0.999036,0.999197,0.999358,0.999518,0.999679,0.999839,1,1,1,1,1,1,1,1,1,1,1,1,1,1,1,1,1,1,1,1,1,1,1,1,1,1,1,1,1,1,1,1,1,1,1,1,1,1,1,1,1
RnD electricity capital cost reduction,natural gas peaker es,,,0.015069,0.015069,0.015069,0.017554,0.020039,0.026606,0.03525,0.04657,0.0613,0.080307,0.104569,0.135111,0.172899,0.218658,0.272653,0.33445,0.402756,0.475409,0.549591,0.622244,0.69055,0.752347,0.806342,0.852101,0.889889,0.920431,0.944693,0.9637,0.97843,0.98975,0.998394,0.998555,0.998715,0.998876,0.999036,0.999197,0.999358,0.999518,0.999679,0.999839,1,1,1,1,1,1,1,1,1,1,1,1,1,1,1,1,1,1,1,1,1,1,1,1,1,1,1,1,1,1,1,1,1,1,1,1,1,1,1,1,1
RnD electricity capital cost reduction,lignite es,,,0.015069,0.015069,0.015069,0.017554,0.020039,0.026606,0.03525,0.04657,0.0613,0.080307,0.104569,0.135111,0.172899,0.218658,0.272653,0.33445,0.402756,0.475409,0.549591,0.622244,0.69055,0.752347,0.806342,0.852101,0.889889,0.920431,0.944693,0.9637,0.97843,0.98975,0.998394,0.998555,0.998715,0.998876,0.999036,0.999197,0.999358,0.999518,0.999679,0.999839,1,1,1,1,1,1,1,1,1,1,1,1,1,1,1,1,1,1,1,1,1,1,1,1,1,1,1,1,1,1,1,1,1,1,1,1,1,1,1,1,1
RnD electricity capital cost reduction,offshore wind es,,,0.015069,0.015069,0.015069,0.017554,0.020039,0.026606,0.03525,0.04657,0.0613,0.080307,0.104569,0.135111,0.172899,0.218658,0.272653,0.33445,0.402756,0.475409,0.549591,0.622244,0.69055,0.752347,0.806342,0.852101,0.889889,0.920431,0.944693,0.9637,0.97843,0.98975,0.998394,0.998555,0.998715,0.998876,0.999036,0.999197,0.999358,0.999518,0.999679,0.999839,1,1,1,1,1,1,1,1,1,1,1,1,1,1,1,1,1,1,1,1,1,1,1,1,1,1,1,1,1,1,1,1,1,1,1,1,1,1,1,1,1
RnD electricity capital cost reduction,crude oil es,,,0.015069,0.015069,0.015069,0.017554,0.020039,0.026606,0.03525,0.04657,0.0613,0.080307,0.104569,0.135111,0.172899,0.218658,0.272653,0.33445,0.402756,0.475409,0.549591,0.622244,0.69055,0.752347,0.806342,0.852101,0.889889,0.920431,0.944693,0.9637,0.97843,0.98975,0.998394,0.998555,0.998715,0.998876,0.999036,0.999197,0.999358,0.999518,0.999679,0.999839,1,1,1,1,1,1,1,1,1,1,1,1,1,1,1,1,1,1,1,1,1,1,1,1,1,1,1,1,1,1,1,1,1,1,1,1,1,1,1,1,1
RnD electricity capital cost reduction,heavy or residual fuel oil es,,,0.015069,0.015069,0.015069,0.017554,0.020039,0.026606,0.03525,0.04657,0.0613,0.080307,0.104569,0.135111,0.172899,0.218658,0.272653,0.33445,0.402756,0.475409,0.549591,0.622244,0.69055,0.752347,0.806342,0.852101,0.889889,0.920431,0.944693,0.9637,0.97843,0.98975,0.998394,0.998555,0.998715,0.998876,0.999036,0.999197,0.999358,0.999518,0.999679,0.999839,1,1,1,1,1,1,1,1,1,1,1,1,1,1,1,1,1,1,1,1,1,1,1,1,1,1,1,1,1,1,1,1,1,1,1,1,1,1,1,1,1
RnD electricity capital cost reduction,municipal solid waste es,,,0.015069,0.015069,0.015069,0.017554,0.020039,0.026606,0.03525,0.04657,0.0613,0.080307,0.104569,0.135111,0.172899,0.218658,0.272653,0.33445,0.402756,0.475409,0.549591,0.622244,0.69055,0.752347,0.806342,0.852101,0.889889,0.920431,0.944693,0.9637,0.97843,0.98975,0.998394,0.998555,0.998715,0.998876,0.999036,0.999197,0.999358,0.999518,0.999679,0.999839,1,1,1,1,1,1,1,1,1,1,1,1,1,1,1,1,1,1,1,1,1,1,1,1,1,1,1,1,1,1,1,1,1,1,1,1,1,1,1,1,1
RnD building capital cost reduction,heating,,,0.015069,0.015069,0.015069,0.017554,0.020039,0.026606,0.03525,0.04657,0.0613,0.080307,0.104569,0.135111,0.172899,0.218658,0.272653,0.33445,0.402756,0.475409,0.549591,0.622244,0.69055,0.752347,0.806342,0.852101,0.889889,0.920431,0.944693,0.9637,0.97843,0.98975,0.998394,0.998555,0.998715,0.998876,0.999036,0.999197,0.999358,0.999518,0.999679,0.999839,1,1,1,1,1,1,1,1,1,1,1,1,1,1,1,1,1,1,1,1,1,1,1,1,1,1,1,1,1,1,1,1,1,1,1,1,1,1,1,1,1
RnD building capital cost reduction,cooling and ventilation,,,0.015069,0.015069,0.015069,0.017554,0.020039,0.026606,0.03525,0.04657,0.0613,0.080307,0.104569,0.135111,0.172899,0.218658,0.272653,0.33445,0.402756,0.475409,0.549591,0.622244,0.69055,0.752347,0.806342,0.852101,0.889889,0.920431,0.944693,0.9637,0.97843,0.98975,0.998394,0.998555,0.998715,0.998876,0.999036,0.999197,0.999358,0.999518,0.999679,0.999839,1,1,1,1,1,1,1,1,1,1,1,1,1,1,1,1,1,1,1,1,1,1,1,1,1,1,1,1,1,1,1,1,1,1,1,1,1,1,1,1,1
RnD building capital cost reduction,envelope,,,0.015069,0.015069,0.015069,0.017554,0.020039,0.026606,0.03525,0.04657,0.0613,0.080307,0.104569,0.135111,0.172899,0.218658,0.272653,0.33445,0.402756,0.475409,0.549591,0.622244,0.69055,0.752347,0.806342,0.852101,0.889889,0.920431,0.944693,0.9637,0.97843,0.98975,0.998394,0.998555,0.998715,0.998876,0.999036,0.999197,0.999358,0.999518,0.999679,0.999839,1,1,1,1,1,1,1,1,1,1,1,1,1,1,1,1,1,1,1,1,1,1,1,1,1,1,1,1,1,1,1,1,1,1,1,1,1,1,1,1,1
RnD building capital cost reduction,lighting,,,0.015069,0.015069,0.015069,0.017554,0.020039,0.026606,0.03525,0.04657,0.0613,0.080307,0.104569,0.135111,0.172899,0.218658,0.272653,0.33445,0.402756,0.475409,0.549591,0.622244,0.69055,0.752347,0.806342,0.852101,0.889889,0.920431,0.944693,0.9637,0.97843,0.98975,0.998394,0.998555,0.998715,0.998876,0.999036,0.999197,0.999358,0.999518,0.999679,0.999839,1,1,1,1,1,1,1,1,1,1,1,1,1,1,1,1,1,1,1,1,1,1,1,1,1,1,1,1,1,1,1,1,1,1,1,1,1,1,1,1,1
RnD building capital cost reduction,appliances,,,0.015069,0.015069,0.015069,0.017554,0.020039,0.026606,0.03525,0.04657,0.0613,0.080307,0.104569,0.135111,0.172899,0.218658,0.272653,0.33445,0.402756,0.475409,0.549591,0.622244,0.69055,0.752347,0.806342,0.852101,0.889889,0.920431,0.944693,0.9637,0.97843,0.98975,0.998394,0.998555,0.998715,0.998876,0.999036,0.999197,0.999358,0.999518,0.999679,0.999839,1,1,1,1,1,1,1,1,1,1,1,1,1,1,1,1,1,1,1,1,1,1,1,1,1,1,1,1,1,1,1,1,1,1,1,1,1,1,1,1,1
RnD building capital cost reduction,other component,,,0.015069,0.015069,0.015069,0.017554,0.020039,0.026606,0.03525,0.04657,0.0613,0.080307,0.104569,0.135111,0.172899,0.218658,0.272653,0.33445,0.402756,0.475409,0.549591,0.622244,0.69055,0.752347,0.806342,0.852101,0.889889,0.920431,0.944693,0.9637,0.97843,0.98975,0.998394,0.998555,0.998715,0.998876,0.999036,0.999197,0.999358,0.999518,0.999679,0.999839,1,1,1,1,1,1,1,1,1,1,1,1,1,1,1,1,1,1,1,1,1,1,1,1,1,1,1,1,1,1,1,1,1,1,1,1,1,1,1,1,1
RnD industry capital cost reduction,agriculture and forestry 01T03,,,0.015069,0.015069,0.015069,0.017554,0.020039,0.026606,0.03525,0.04657,0.0613,0.080307,0.104569,0.135111,0.172899,0.218658,0.272653,0.33445,0.402756,0.475409,0.549591,0.622244,0.69055,0.752347,0.806342,0.852101,0.889889,0.920431,0.944693,0.9637,0.97843,0.98975,0.998394,0.998555,0.998715,0.998876,0.999036,0.999197,0.999358,0.999518,0.999679,0.999839,1,1,1,1,1,1,1,1,1,1,1,1,1,1,1,1,1,1,1,1,1,1,1,1,1,1,1,1,1,1,1,1,1,1,1,1,1,1,1,1,1
RnD industry capital cost reduction,coal mining 05,,,0.015069,0.015069,0.015069,0.017554,0.020039,0.026606,0.03525,0.04657,0.0613,0.080307,0.104569,0.135111,0.172899,0.218658,0.272653,0.33445,0.402756,0.475409,0.549591,0.622244,0.69055,0.752347,0.806342,0.852101,0.889889,0.920431,0.944693,0.9637,0.97843,0.98975,0.998394,0.998555,0.998715,0.998876,0.999036,0.999197,0.999358,0.999518,0.999679,0.999839,1,1,1,1,1,1,1,1,1,1,1,1,1,1,1,1,1,1,1,1,1,1,1,1,1,1,1,1,1,1,1,1,1,1,1,1,1,1,1,1,1
RnD industry capital cost reduction,oil and gas extraction 06,,,0.015069,0.015069,0.015069,0.017554,0.020039,0.026606,0.03525,0.04657,0.0613,0.080307,0.104569,0.135111,0.172899,0.218658,0.272653,0.33445,0.402756,0.475409,0.549591,0.622244,0.69055,0.752347,0.806342,0.852101,0.889889,0.920431,0.944693,0.9637,0.97843,0.98975,0.998394,0.998555,0.998715,0.998876,0.999036,0.999197,0.999358,0.999518,0.999679,0.999839,1,1,1,1,1,1,1,1,1,1,1,1,1,1,1,1,1,1,1,1,1,1,1,1,1,1,1,1,1,1,1,1,1,1,1,1,1,1,1,1,1
RnD industry capital cost reduction,other mining and quarrying 07T08,,,0.015069,0.015069,0.015069,0.017554,0.020039,0.026606,0.03525,0.04657,0.0613,0.080307,0.104569,0.135111,0.172899,0.218658,0.272653,0.33445,0.402756,0.475409,0.549591,0.622244,0.69055,0.752347,0.806342,0.852101,0.889889,0.920431,0.944693,0.9637,0.97843,0.98975,0.998394,0.998555,0.998715,0.998876,0.999036,0.999197,0.999358,0.999518,0.999679,0.999839,1,1,1,1,1,1,1,1,1,1,1,1,1,1,1,1,1,1,1,1,1,1,1,1,1,1,1,1,1,1,1,1,1,1,1,1,1,1,1,1,1
RnD industry capital cost reduction,food beverage and tobacco 10T12,,,0.015069,0.015069,0.015069,0.017554,0.020039,0.026606,0.03525,0.04657,0.0613,0.080307,0.104569,0.135111,0.172899,0.218658,0.272653,0.33445,0.402756,0.475409,0.549591,0.622244,0.69055,0.752347,0.806342,0.852101,0.889889,0.920431,0.944693,0.9637,0.97843,0.98975,0.998394,0.998555,0.998715,0.998876,0.999036,0.999197,0.999358,0.999518,0.999679,0.999839,1,1,1,1,1,1,1,1,1,1,1,1,1,1,1,1,1,1,1,1,1,1,1,1,1,1,1,1,1,1,1,1,1,1,1,1,1,1,1,1,1
RnD industry capital cost reduction,textiles apparel and leather 13T15,,,0.015069,0.015069,0.015069,0.017554,0.020039,0.026606,0.03525,0.04657,0.0613,0.080307,0.104569,0.135111,0.172899,0.218658,0.272653,0.33445,0.402756,0.475409,0.549591,0.622244,0.69055,0.752347,0.806342,0.852101,0.889889,0.920431,0.944693,0.9637,0.97843,0.98975,0.998394,0.998555,0.998715,0.998876,0.999036,0.999197,0.999358,0.999518,0.999679,0.999839,1,1,1,1,1,1,1,1,1,1,1,1,1,1,1,1,1,1,1,1,1,1,1,1,1,1,1,1,1,1,1,1,1,1,1,1,1,1,1,1,1
RnD industry capital cost reduction,wood products 16,,,0.015069,0.015069,0.015069,0.017554,0.020039,0.026606,0.03525,0.04657,0.0613,0.080307,0.104569,0.135111,0.172899,0.218658,0.272653,0.33445,0.402756,0.475409,0.549591,0.622244,0.69055,0.752347,0.806342,0.852101,0.889889,0.920431,0.944693,0.9637,0.97843,0.98975,0.998394,0.998555,0.998715,0.998876,0.999036,0.999197,0.999358,0.999518,0.999679,0.999839,1,1,1,1,1,1,1,1,1,1,1,1,1,1,1,1,1,1,1,1,1,1,1,1,1,1,1,1,1,1,1,1,1,1,1,1,1,1,1,1,1
RnD industry capital cost reduction,pulp paper and printing 17T18,,,0.015069,0.015069,0.015069,0.017554,0.020039,0.026606,0.03525,0.04657,0.0613,0.080307,0.104569,0.135111,0.172899,0.218658,0.272653,0.33445,0.402756,0.475409,0.549591,0.622244,0.69055,0.752347,0.806342,0.852101,0.889889,0.920431,0.944693,0.9637,0.97843,0.98975,0.998394,0.998555,0.998715,0.998876,0.999036,0.999197,0.999358,0.999518,0.999679,0.999839,1,1,1,1,1,1,1,1,1,1,1,1,1,1,1,1,1,1,1,1,1,1,1,1,1,1,1,1,1,1,1,1,1,1,1,1,1,1,1,1,1
RnD industry capital cost reduction,refined petroleum and coke 19,,,0.015069,0.015069,0.015069,0.017554,0.020039,0.026606,0.03525,0.04657,0.0613,0.080307,0.104569,0.135111,0.172899,0.218658,0.272653,0.33445,0.402756,0.475409,0.549591,0.622244,0.69055,0.752347,0.806342,0.852101,0.889889,0.920431,0.944693,0.9637,0.97843,0.98975,0.998394,0.998555,0.998715,0.998876,0.999036,0.999197,0.999358,0.999518,0.999679,0.999839,1,1,1,1,1,1,1,1,1,1,1,1,1,1,1,1,1,1,1,1,1,1,1,1,1,1,1,1,1,1,1,1,1,1,1,1,1,1,1,1,1
RnD industry capital cost reduction,chemicals 20,,,0.015069,0.015069,0.015069,0.017554,0.020039,0.026606,0.03525,0.04657,0.0613,0.080307,0.104569,0.135111,0.172899,0.218658,0.272653,0.33445,0.402756,0.475409,0.549591,0.622244,0.69055,0.752347,0.806342,0.852101,0.889889,0.920431,0.944693,0.9637,0.97843,0.98975,0.998394,0.998555,0.998715,0.998876,0.999036,0.999197,0.999358,0.999518,0.999679,0.999839,1,1,1,1,1,1,1,1,1,1,1,1,1,1,1,1,1,1,1,1,1,1,1,1,1,1,1,1,1,1,1,1,1,1,1,1,1,1,1,1,1
RnD industry capital cost reduction,rubber and plastic products 22,,,0.015069,0.015069,0.015069,0.017554,0.020039,0.026606,0.03525,0.04657,0.0613,0.080307,0.104569,0.135111,0.172899,0.218658,0.272653,0.33445,0.402756,0.475409,0.549591,0.622244,0.69055,0.752347,0.806342,0.852101,0.889889,0.920431,0.944693,0.9637,0.97843,0.98975,0.998394,0.998555,0.998715,0.998876,0.999036,0.999197,0.999358,0.999518,0.999679,0.999839,1,1,1,1,1,1,1,1,1,1,1,1,1,1,1,1,1,1,1,1,1,1,1,1,1,1,1,1,1,1,1,1,1,1,1,1,1,1,1,1,1
RnD industry capital cost reduction,glass and glass products 231,,,0.015069,0.015069,0.015069,0.017554,0.020039,0.026606,0.03525,0.04657,0.0613,0.080307,0.104569,0.135111,0.172899,0.218658,0.272653,0.33445,0.402756,0.475409,0.549591,0.622244,0.69055,0.752347,0.806342,0.852101,0.889889,0.920431,0.944693,0.9637,0.97843,0.98975,0.998394,0.998555,0.998715,0.998876,0.999036,0.999197,0.999358,0.999518,0.999679,0.999839,1,1,1,1,1,1,1,1,1,1,1,1,1,1,1,1,1,1,1,1,1,1,1,1,1,1,1,1,1,1,1,1,1,1,1,1,1,1,1,1,1
RnD industry capital cost reduction,cement and other nonmetallic minerals 239,,,0.015069,0.015069,0.015069,0.017554,0.020039,0.026606,0.03525,0.04657,0.0613,0.080307,0.104569,0.135111,0.172899,0.218658,0.272653,0.33445,0.402756,0.475409,0.549591,0.622244,0.69055,0.752347,0.806342,0.852101,0.889889,0.920431,0.944693,0.9637,0.97843,0.98975,0.998394,0.998555,0.998715,0.998876,0.999036,0.999197,0.999358,0.999518,0.999679,0.999839,1,1,1,1,1,1,1,1,1,1,1,1,1,1,1,1,1,1,1,1,1,1,1,1,1,1,1,1,1,1,1,1,1,1,1,1,1,1,1,1,1
RnD industry capital cost reduction,iron and steel 241,,,0.015069,0.015069,0.015069,0.017554,0.020039,0.026606,0.03525,0.04657,0.0613,0.080307,0.104569,0.135111,0.172899,0.218658,0.272653,0.33445,0.402756,0.475409,0.549591,0.622244,0.69055,0.752347,0.806342,0.852101,0.889889,0.920431,0.944693,0.9637,0.97843,0.98975,0.998394,0.998555,0.998715,0.998876,0.999036,0.999197,0.999358,0.999518,0.999679,0.999839,1,1,1,1,1,1,1,1,1,1,1,1,1,1,1,1,1,1,1,1,1,1,1,1,1,1,1,1,1,1,1,1,1,1,1,1,1,1,1,1,1
RnD industry capital cost reduction,other metals 242,,,0.015069,0.015069,0.015069,0.017554,0.020039,0.026606,0.03525,0.04657,0.0613,0.080307,0.104569,0.135111,0.172899,0.218658,0.272653,0.33445,0.402756,0.475409,0.549591,0.622244,0.69055,0.752347,0.806342,0.852101,0.889889,0.920431,0.944693,0.9637,0.97843,0.98975,0.998394,0.998555,0.998715,0.998876,0.999036,0.999197,0.999358,0.999518,0.999679,0.999839,1,1,1,1,1,1,1,1,1,1,1,1,1,1,1,1,1,1,1,1,1,1,1,1,1,1,1,1,1,1,1,1,1,1,1,1,1,1,1,1,1
RnD industry capital cost reduction,metal products except machinery and vehicles 25,,,0.015069,0.015069,0.015069,0.017554,0.020039,0.026606,0.03525,0.04657,0.0613,0.080307,0.104569,0.135111,0.172899,0.218658,0.272653,0.33445,0.402756,0.475409,0.549591,0.622244,0.69055,0.752347,0.806342,0.852101,0.889889,0.920431,0.944693,0.9637,0.97843,0.98975,0.998394,0.998555,0.998715,0.998876,0.999036,0.999197,0.999358,0.999518,0.999679,0.999839,1,1,1,1,1,1,1,1,1,1,1,1,1,1,1,1,1,1,1,1,1,1,1,1,1,1,1,1,1,1,1,1,1,1,1,1,1,1,1,1,1
RnD industry capital cost reduction,computers and electronics 26,,,0.015069,0.015069,0.015069,0.017554,0.020039,0.026606,0.03525,0.04657,0.0613,0.080307,0.104569,0.135111,0.172899,0.218658,0.272653,0.33445,0.402756,0.475409,0.549591,0.622244,0.69055,0.752347,0.806342,0.852101,0.889889,0.920431,0.944693,0.9637,0.97843,0.98975,0.998394,0.998555,0.998715,0.998876,0.999036,0.999197,0.999358,0.999518,0.999679,0.999839,1,1,1,1,1,1,1,1,1,1,1,1,1,1,1,1,1,1,1,1,1,1,1,1,1,1,1,1,1,1,1,1,1,1,1,1,1,1,1,1,1
RnD industry capital cost reduction,appliances and electrical equipment 27,,,0.015069,0.015069,0.015069,0.017554,0.020039,0.026606,0.03525,0.04657,0.0613,0.080307,0.104569,0.135111,0.172899,0.218658,0.272653,0.33445,0.402756,0.475409,0.549591,0.622244,0.69055,0.752347,0.806342,0.852101,0.889889,0.920431,0.944693,0.9637,0.97843,0.98975,0.998394,0.998555,0.998715,0.998876,0.999036,0.999197,0.999358,0.999518,0.999679,0.999839,1,1,1,1,1,1,1,1,1,1,1,1,1,1,1,1,1,1,1,1,1,1,1,1,1,1,1,1,1,1,1,1,1,1,1,1,1,1,1,1,1
RnD industry capital cost reduction,other machinery 28,,,0.015069,0.015069,0.015069,0.017554,0.020039,0.026606,0.03525,0.04657,0.0613,0.080307,0.104569,0.135111,0.172899,0.218658,0.272653,0.33445,0.402756,0.475409,0.549591,0.622244,0.69055,0.752347,0.806342,0.852101,0.889889,0.920431,0.944693,0.9637,0.97843,0.98975,0.998394,0.998555,0.998715,0.998876,0.999036,0.999197,0.999358,0.999518,0.999679,0.999839,1,1,1,1,1,1,1,1,1,1,1,1,1,1,1,1,1,1,1,1,1,1,1,1,1,1,1,1,1,1,1,1,1,1,1,1,1,1,1,1,1
RnD industry capital cost reduction,road vehicles 29,,,0.015069,0.015069,0.015069,0.017554,0.020039,0.026606,0.03525,0.04657,0.0613,0.080307,0.104569,0.135111,0.172899,0.218658,0.272653,0.33445,0.402756,0.475409,0.549591,0.622244,0.69055,0.752347,0.806342,0.852101,0.889889,0.920431,0.944693,0.9637,0.97843,0.98975,0.998394,0.998555,0.998715,0.998876,0.999036,0.999197,0.999358,0.999518,0.999679,0.999839,1,1,1,1,1,1,1,1,1,1,1,1,1,1,1,1,1,1,1,1,1,1,1,1,1,1,1,1,1,1,1,1,1,1,1,1,1,1,1,1,1
RnD industry capital cost reduction,nonroad vehicles 30,,,0.015069,0.015069,0.015069,0.017554,0.020039,0.026606,0.03525,0.04657,0.0613,0.080307,0.104569,0.135111,0.172899,0.218658,0.272653,0.33445,0.402756,0.475409,0.549591,0.622244,0.69055,0.752347,0.806342,0.852101,0.889889,0.920431,0.944693,0.9637,0.97843,0.98975,0.998394,0.998555,0.998715,0.998876,0.999036,0.999197,0.999358,0.999518,0.999679,0.999839,1,1,1,1,1,1,1,1,1,1,1,1,1,1,1,1,1,1,1,1,1,1,1,1,1,1,1,1,1,1,1,1,1,1,1,1,1,1,1,1,1
RnD industry capital cost reduction,other manufacturing 31T33,,,0.015069,0.015069,0.015069,0.017554,0.020039,0.026606,0.03525,0.04657,0.0613,0.080307,0.104569,0.135111,0.172899,0.218658,0.272653,0.33445,0.402756,0.475409,0.549591,0.622244,0.69055,0.752347,0.806342,0.852101,0.889889,0.920431,0.944693,0.9637,0.97843,0.98975,0.998394,0.998555,0.998715,0.998876,0.999036,0.999197,0.999358,0.999518,0.999679,0.999839,1,1,1,1,1,1,1,1,1,1,1,1,1,1,1,1,1,1,1,1,1,1,1,1,1,1,1,1,1,1,1,1,1,1,1,1,1,1,1,1,1
RnD industry capital cost reduction,energy pipelines and gas processing 352T353,,,0.015069,0.015069,0.015069,0.017554,0.020039,0.026606,0.03525,0.04657,0.0613,0.080307,0.104569,0.135111,0.172899,0.218658,0.272653,0.33445,0.402756,0.475409,0.549591,0.622244,0.69055,0.752347,0.806342,0.852101,0.889889,0.920431,0.944693,0.9637,0.97843,0.98975,0.998394,0.998555,0.998715,0.998876,0.999036,0.999197,0.999358,0.999518,0.999679,0.999839,1,1,1,1,1,1,1,1,1,1,1,1,1,1,1,1,1,1,1,1,1,1,1,1,1,1,1,1,1,1,1,1,1,1,1,1,1,1,1,1,1
RnD industry capital cost reduction,water and waste 36T39,,,0.015069,0.015069,0.015069,0.017554,0.020039,0.026606,0.03525,0.04657,0.0613,0.080307,0.104569,0.135111,0.172899,0.218658,0.272653,0.33445,0.402756,0.475409,0.549591,0.622244,0.69055,0.752347,0.806342,0.852101,0.889889,0.920431,0.944693,0.9637,0.97843,0.98975,0.998394,0.998555,0.998715,0.998876,0.999036,0.999197,0.999358,0.999518,0.999679,0.999839,1,1,1,1,1,1,1,1,1,1,1,1,1,1,1,1,1,1,1,1,1,1,1,1,1,1,1,1,1,1,1,1,1,1,1,1,1,1,1,1,1
RnD industry capital cost reduction,construction 41T43,,,0.015069,0.015069,0.015069,0.017554,0.020039,0.026606,0.03525,0.04657,0.0613,0.080307,0.104569,0.135111,0.172899,0.218658,0.272653,0.33445,0.402756,0.475409,0.549591,0.622244,0.69055,0.752347,0.806342,0.852101,0.889889,0.920431,0.944693,0.9637,0.97843,0.98975,0.998394,0.998555,0.998715,0.998876,0.999036,0.999197,0.999358,0.999518,0.999679,0.999839,1,1,1,1,1,1,1,1,1,1,1,1,1,1,1,1,1,1,1,1,1,1,1,1,1,1,1,1,1,1,1,1,1,1,1,1,1,1,1,1,1
RnD CCS capital cost reduction,,,,0.015069,0.015069,0.015069,0.017554,0.020039,0.026606,0.03525,0.04657,0.0613,0.080307,0.104569,0.135111,0.172899,0.218658,0.272653,0.33445,0.402756,0.475409,0.549591,0.622244,0.69055,0.752347,0.806342,0.852101,0.889889,0.920431,0.944693,0.9637,0.97843,0.98975,0.998394,0.998555,0.998715,0.998876,0.999036,0.999197,0.999358,0.999518,0.999679,0.999839,1,1,1,1,1,1,1,1,1,1,1,1,1,1,1,1,1,1,1,1,1,1,1,1,1,1,1,1,1,1,1,1,1,1,1,1,1,1,1,1,1
RnD transportation fuel use reduction,battery electric vehicle,,,0.015069,0.015069,0.015069,0.017554,0.020039,0.026606,0.03525,0.04657,0.0613,0.080307,0.104569,0.135111,0.172899,0.218658,0.272653,0.33445,0.402756,0.475409,0.549591,0.622244,0.69055,0.752347,0.806342,0.852101,0.889889,0.920431,0.944693,0.9637,0.97843,0.98975,0.998394,0.998555,0.998715,0.998876,0.999036,0.999197,0.999358,0.999518,0.999679,0.999839,1,1,1,1,1,1,1,1,1,1,1,1,1,1,1,1,1,1,1,1,1,1,1,1,1,1,1,1,1,1,1,1,1,1,1,1,1,1,1,1,1
RnD transportation fuel use reduction,natural gas vehicle,,,0.015069,0.015069,0.015069,0.017554,0.020039,0.026606,0.03525,0.04657,0.0613,0.080307,0.104569,0.135111,0.172899,0.218658,0.272653,0.33445,0.402756,0.475409,0.549591,0.622244,0.69055,0.752347,0.806342,0.852101,0.889889,0.920431,0.944693,0.9637,0.97843,0.98975,0.998394,0.998555,0.998715,0.998876,0.999036,0.999197,0.999358,0.999518,0.999679,0.999839,1,1,1,1,1,1,1,1,1,1,1,1,1,1,1,1,1,1,1,1,1,1,1,1,1,1,1,1,1,1,1,1,1,1,1,1,1,1,1,1,1
RnD transportation fuel use reduction,gasoline vehicle,,,0.015069,0.015069,0.015069,0.017554,0.020039,0.026606,0.03525,0.04657,0.0613,0.080307,0.104569,0.135111,0.172899,0.218658,0.272653,0.33445,0.402756,0.475409,0.549591,0.622244,0.69055,0.752347,0.806342,0.852101,0.889889,0.920431,0.944693,0.9637,0.97843,0.98975,0.998394,0.998555,0.998715,0.998876,0.999036,0.999197,0.999358,0.999518,0.999679,0.999839,1,1,1,1,1,1,1,1,1,1,1,1,1,1,1,1,1,1,1,1,1,1,1,1,1,1,1,1,1,1,1,1,1,1,1,1,1,1,1,1,1
RnD transportation fuel use reduction,diesel vehicle,,,0.015069,0.015069,0.015069,0.017554,0.020039,0.026606,0.03525,0.04657,0.0613,0.080307,0.104569,0.135111,0.172899,0.218658,0.272653,0.33445,0.402756,0.475409,0.549591,0.622244,0.69055,0.752347,0.806342,0.852101,0.889889,0.920431,0.944693,0.9637,0.97843,0.98975,0.998394,0.998555,0.998715,0.998876,0.999036,0.999197,0.999358,0.999518,0.999679,0.999839,1,1,1,1,1,1,1,1,1,1,1,1,1,1,1,1,1,1,1,1,1,1,1,1,1,1,1,1,1,1,1,1,1,1,1,1,1,1,1,1,1
RnD transportation fuel use reduction,plugin hybrid vehicle,,,0.015069,0.015069,0.015069,0.017554,0.020039,0.026606,0.03525,0.04657,0.0613,0.080307,0.104569,0.135111,0.172899,0.218658,0.272653,0.33445,0.402756,0.475409,0.549591,0.622244,0.69055,0.752347,0.806342,0.852101,0.889889,0.920431,0.944693,0.9637,0.97843,0.98975,0.998394,0.998555,0.998715,0.998876,0.999036,0.999197,0.999358,0.999518,0.999679,0.999839,1,1,1,1,1,1,1,1,1,1,1,1,1,1,1,1,1,1,1,1,1,1,1,1,1,1,1,1,1,1,1,1,1,1,1,1,1,1,1,1,1
RnD transportation fuel use reduction,LPG vehicle,,,0.015069,0.015069,0.015069,0.017554,0.020039,0.026606,0.03525,0.04657,0.0613,0.080307,0.104569,0.135111,0.172899,0.218658,0.272653,0.33445,0.402756,0.475409,0.549591,0.622244,0.69055,0.752347,0.806342,0.852101,0.889889,0.920431,0.944693,0.9637,0.97843,0.98975,0.998394,0.998555,0.998715,0.998876,0.999036,0.999197,0.999358,0.999518,0.999679,0.999839,1,1,1,1,1,1,1,1,1,1,1,1,1,1,1,1,1,1,1,1,1,1,1,1,1,1,1,1,1,1,1,1,1,1,1,1,1,1,1,1,1
RnD transportation fuel use reduction,hydrogen vehicle,,,0.015069,0.015069,0.015069,0.017554,0.020039,0.026606,0.03525,0.04657,0.0613,0.080307,0.104569,0.135111,0.172899,0.218658,0.272653,0.33445,0.402756,0.475409,0.549591,0.622244,0.69055,0.752347,0.806342,0.852101,0.889889,0.920431,0.944693,0.9637,0.97843,0.98975,0.998394,0.998555,0.998715,0.998876,0.999036,0.999197,0.999358,0.999518,0.999679,0.999839,1,1,1,1,1,1,1,1,1,1,1,1,1,1,1,1,1,1,1,1,1,1,1,1,1,1,1,1,1,1,1,1,1,1,1,1,1,1,1,1,1
RnD electricity fuel use reduction,hard coal es,,,0,0.1395,0.279,0.4185,0.558,0.6975,0.758,0.8185,0.879,0.9395,1,1,1,1,1,1,1,1,1,1,1,1,1,1,1,1,1,1,1,1,1,1,1,1,1,1,1,1,1,1,1,1,1,1,1,1,1,1,1,1,1,1,1,1,1,1,1,1,1,1,1,1,1,1,1,1,1,1,1,1,1,1,1,1,1,1,1,1,1,1,1
RnD electricity fuel use reduction,natural gas nonpeaker es,,,0.015069,0.015069,0.015069,0.017554,0.020039,0.026606,0.03525,0.04657,0.0613,0.080307,0.104569,0.135111,0.172899,0.218658,0.272653,0.33445,0.402756,0.475409,0.549591,0.622244,0.69055,0.752347,0.806342,0.852101,0.889889,0.920431,0.944693,0.9637,0.97843,0.98975,0.998394,0.998555,0.998715,0.998876,0.999036,0.999197,0.999358,0.999518,0.999679,0.999839,1,1,1,1,1,1,1,1,1,1,1,1,1,1,1,1,1,1,1,1,1,1,1,1,1,1,1,1,1,1,1,1,1,1,1,1,1,1,1,1,1
RnD electricity fuel use reduction,nuclear es,,,0.015069,0.015069,0.015069,0.017554,0.020039,0.026606,0.03525,0.04657,0.0613,0.080307,0.104569,0.135111,0.172899,0.218658,0.272653,0.33445,0.402756,0.475409,0.549591,0.622244,0.69055,0.752347,0.806342,0.852101,0.889889,0.920431,0.944693,0.9637,0.97843,0.98975,0.998394,0.998555,0.998715,0.998876,0.999036,0.999197,0.999358,0.999518,0.999679,0.999839,1,1,1,1,1,1,1,1,1,1,1,1,1,1,1,1,1,1,1,1,1,1,1,1,1,1,1,1,1,1,1,1,1,1,1,1,1,1,1,1,1
RnD electricity fuel use reduction,hydro es,,,0.015069,0.015069,0.015069,0.017554,0.020039,0.026606,0.03525,0.04657,0.0613,0.080307,0.104569,0.135111,0.172899,0.218658,0.272653,0.33445,0.402756,0.475409,0.549591,0.622244,0.69055,0.752347,0.806342,0.852101,0.889889,0.920431,0.944693,0.9637,0.97843,0.98975,0.998394,0.998555,0.998715,0.998876,0.999036,0.999197,0.999358,0.999518,0.999679,0.999839,1,1,1,1,1,1,1,1,1,1,1,1,1,1,1,1,1,1,1,1,1,1,1,1,1,1,1,1,1,1,1,1,1,1,1,1,1,1,1,1,1
RnD electricity fuel use reduction,onshore wind es,,,0.015069,0.015069,0.015069,0.017554,0.020039,0.026606,0.03525,0.04657,0.0613,0.080307,0.104569,0.135111,0.172899,0.218658,0.272653,0.33445,0.402756,0.475409,0.549591,0.622244,0.69055,0.752347,0.806342,0.852101,0.889889,0.920431,0.944693,0.9637,0.97843,0.98975,0.998394,0.998555,0.998715,0.998876,0.999036,0.999197,0.999358,0.999518,0.999679,0.999839,1,1,1,1,1,1,1,1,1,1,1,1,1,1,1,1,1,1,1,1,1,1,1,1,1,1,1,1,1,1,1,1,1,1,1,1,1,1,1,1,1
RnD electricity fuel use reduction,solar PV es,,,0.015069,0.015069,0.015069,0.017554,0.020039,0.026606,0.03525,0.04657,0.0613,0.080307,0.104569,0.135111,0.172899,0.218658,0.272653,0.33445,0.402756,0.475409,0.549591,0.622244,0.69055,0.752347,0.806342,0.852101,0.889889,0.920431,0.944693,0.9637,0.97843,0.98975,0.998394,0.998555,0.998715,0.998876,0.999036,0.999197,0.999358,0.999518,0.999679,0.999839,1,1,1,1,1,1,1,1,1,1,1,1,1,1,1,1,1,1,1,1,1,1,1,1,1,1,1,1,1,1,1,1,1,1,1,1,1,1,1,1,1
RnD electricity fuel use reduction,solar thermal es,,,0.015069,0.015069,0.015069,0.017554,0.020039,0.026606,0.03525,0.04657,0.0613,0.080307,0.104569,0.135111,0.172899,0.218658,0.272653,0.33445,0.402756,0.475409,0.549591,0.622244,0.69055,0.752347,0.806342,0.852101,0.889889,0.920431,0.944693,0.9637,0.97843,0.98975,0.998394,0.998555,0.998715,0.998876,0.999036,0.999197,0.999358,0.999518,0.999679,0.999839,1,1,1,1,1,1,1,1,1,1,1,1,1,1,1,1,1,1,1,1,1,1,1,1,1,1,1,1,1,1,1,1,1,1,1,1,1,1,1,1,1
RnD electricity fuel use reduction,biomass es,,,0.015069,0.015069,0.015069,0.017554,0.020039,0.026606,0.03525,0.04657,0.0613,0.080307,0.104569,0.135111,0.172899,0.218658,0.272653,0.33445,0.402756,0.475409,0.549591,0.622244,0.69055,0.752347,0.806342,0.852101,0.889889,0.920431,0.944693,0.9637,0.97843,0.98975,0.998394,0.998555,0.998715,0.998876,0.999036,0.999197,0.999358,0.999518,0.999679,0.999839,1,1,1,1,1,1,1,1,1,1,1,1,1,1,1,1,1,1,1,1,1,1,1,1,1,1,1,1,1,1,1,1,1,1,1,1,1,1,1,1,1
RnD electricity fuel use reduction,geothermal es,,,0.015069,0.015069,0.015069,0.017554,0.020039,0.026606,0.03525,0.04657,0.0613,0.080307,0.104569,0.135111,0.172899,0.218658,0.272653,0.33445,0.402756,0.475409,0.549591,0.622244,0.69055,0.752347,0.806342,0.852101,0.889889,0.920431,0.944693,0.9637,0.97843,0.98975,0.998394,0.998555,0.998715,0.998876,0.999036,0.999197,0.999358,0.999518,0.999679,0.999839,1,1,1,1,1,1,1,1,1,1,1,1,1,1,1,1,1,1,1,1,1,1,1,1,1,1,1,1,1,1,1,1,1,1,1,1,1,1,1,1,1
RnD electricity fuel use reduction,petroleum es,,,0.015069,0.015069,0.015069,0.017554,0.020039,0.026606,0.03525,0.04657,0.0613,0.080307,0.104569,0.135111,0.172899,0.218658,0.272653,0.33445,0.402756,0.475409,0.549591,0.622244,0.69055,0.752347,0.806342,0.852101,0.889889,0.920431,0.944693,0.9637,0.97843,0.98975,0.998394,0.998555,0.998715,0.998876,0.999036,0.999197,0.999358,0.999518,0.999679,0.999839,1,1,1,1,1,1,1,1,1,1,1,1,1,1,1,1,1,1,1,1,1,1,1,1,1,1,1,1,1,1,1,1,1,1,1,1,1,1,1,1,1
RnD electricity fuel use reduction,natural gas peaker es,,,0.015069,0.015069,0.015069,0.017554,0.020039,0.026606,0.03525,0.04657,0.0613,0.080307,0.104569,0.135111,0.172899,0.218658,0.272653,0.33445,0.402756,0.475409,0.549591,0.622244,0.69055,0.752347,0.806342,0.852101,0.889889,0.920431,0.944693,0.9637,0.97843,0.98975,0.998394,0.998555,0.998715,0.998876,0.999036,0.999197,0.999358,0.999518,0.999679,0.999839,1,1,1,1,1,1,1,1,1,1,1,1,1,1,1,1,1,1,1,1,1,1,1,1,1,1,1,1,1,1,1,1,1,1,1,1,1,1,1,1,1
RnD electricity fuel use reduction,lignite es,,,0,0.1395,0.279,0.4185,0.558,0.6975,0.758,0.8185,0.879,0.9395,1,1,1,1,1,1,1,1,1,1,1,1,1,1,1,1,1,1,1,1,1,1,1,1,1,1,1,1,1,1,1,1,1,1,1,1,1,1,1,1,1,1,1,1,1,1,1,1,1,1,1,1,1,1,1,1,1,1,1,1,1,1,1,1,1,1,1,1,1,1,1
RnD electricity fuel use reduction,offshore wind es,,,0.015069,0.015069,0.015069,0.017554,0.020039,0.026606,0.03525,0.04657,0.0613,0.080307,0.104569,0.135111,0.172899,0.218658,0.272653,0.33445,0.402756,0.475409,0.549591,0.622244,0.69055,0.752347,0.806342,0.852101,0.889889,0.920431,0.944693,0.9637,0.97843,0.98975,0.998394,0.998555,0.998715,0.998876,0.999036,0.999197,0.999358,0.999518,0.999679,0.999839,1,1,1,1,1,1,1,1,1,1,1,1,1,1,1,1,1,1,1,1,1,1,1,1,1,1,1,1,1,1,1,1,1,1,1,1,1,1,1,1,1
RnD electricity fuel use reduction,crude oil es,,,0.015069,0.015069,0.015069,0.017554,0.020039,0.026606,0.03525,0.04657,0.0613,0.080307,0.104569,0.135111,0.172899,0.218658,0.272653,0.33445,0.402756,0.475409,0.549591,0.622244,0.69055,0.752347,0.806342,0.852101,0.889889,0.920431,0.944693,0.9637,0.97843,0.98975,0.998394,0.998555,0.998715,0.998876,0.999036,0.999197,0.999358,0.999518,0.999679,0.999839,1,1,1,1,1,1,1,1,1,1,1,1,1,1,1,1,1,1,1,1,1,1,1,1,1,1,1,1,1,1,1,1,1,1,1,1,1,1,1,1,1
RnD electricity fuel use reduction,heavy or residual fuel oil es,,,0.015069,0.015069,0.015069,0.017554,0.020039,0.026606,0.03525,0.04657,0.0613,0.080307,0.104569,0.135111,0.172899,0.218658,0.272653,0.33445,0.402756,0.475409,0.549591,0.622244,0.69055,0.752347,0.806342,0.852101,0.889889,0.920431,0.944693,0.9637,0.97843,0.98975,0.998394,0.998555,0.998715,0.998876,0.999036,0.999197,0.999358,0.999518,0.999679,0.999839,1,1,1,1,1,1,1,1,1,1,1,1,1,1,1,1,1,1,1,1,1,1,1,1,1,1,1,1,1,1,1,1,1,1,1,1,1,1,1,1,1
RnD electricity fuel use reduction,municipal solid waste es,,,0.015069,0.015069,0.015069,0.017554,0.020039,0.026606,0.03525,0.04657,0.0613,0.080307,0.104569,0.135111,0.172899,0.218658,0.272653,0.33445,0.402756,0.475409,0.549591,0.622244,0.69055,0.752347,0.806342,0.852101,0.889889,0.920431,0.944693,0.9637,0.97843,0.98975,0.998394,0.998555,0.998715,0.998876,0.999036,0.999197,0.999358,0.999518,0.999679,0.999839,1,1,1,1,1,1,1,1,1,1,1,1,1,1,1,1,1,1,1,1,1,1,1,1,1,1,1,1,1,1,1,1,1,1,1,1,1,1,1,1,1
RnD building fuel use reduction,heating,,,0.015069,0.015069,0.015069,0.017554,0.020039,0.026606,0.03525,0.04657,0.0613,0.080307,0.104569,0.135111,0.172899,0.218658,0.272653,0.33445,0.402756,0.475409,0.549591,0.622244,0.69055,0.752347,0.806342,0.852101,0.889889,0.920431,0.944693,0.9637,0.97843,0.98975,0.998394,0.998555,0.998715,0.998876,0.999036,0.999197,0.999358,0.999518,0.999679,0.999839,1,1,1,1,1,1,1,1,1,1,1,1,1,1,1,1,1,1,1,1,1,1,1,1,1,1,1,1,1,1,1,1,1,1,1,1,1,1,1,1,1
RnD building fuel use reduction,cooling and ventilation,,,0.015069,0.015069,0.015069,0.017554,0.020039,0.026606,0.03525,0.04657,0.0613,0.080307,0.104569,0.135111,0.172899,0.218658,0.272653,0.33445,0.402756,0.475409,0.549591,0.622244,0.69055,0.752347,0.806342,0.852101,0.889889,0.920431,0.944693,0.9637,0.97843,0.98975,0.998394,0.998555,0.998715,0.998876,0.999036,0.999197,0.999358,0.999518,0.999679,0.999839,1,1,1,1,1,1,1,1,1,1,1,1,1,1,1,1,1,1,1,1,1,1,1,1,1,1,1,1,1,1,1,1,1,1,1,1,1,1,1,1,1
RnD building fuel use reduction,envelope,,,0.015069,0.015069,0.015069,0.017554,0.020039,0.026606,0.03525,0.04657,0.0613,0.080307,0.104569,0.135111,0.172899,0.218658,0.272653,0.33445,0.402756,0.475409,0.549591,0.622244,0.69055,0.752347,0.806342,0.852101,0.889889,0.920431,0.944693,0.9637,0.97843,0.98975,0.998394,0.998555,0.998715,0.998876,0.999036,0.999197,0.999358,0.999518,0.999679,0.999839,1,1,1,1,1,1,1,1,1,1,1,1,1,1,1,1,1,1,1,1,1,1,1,1,1,1,1,1,1,1,1,1,1,1,1,1,1,1,1,1,1
RnD building fuel use reduction,lighting,,,0.015069,0.015069,0.015069,0.017554,0.020039,0.026606,0.03525,0.04657,0.0613,0.080307,0.104569,0.135111,0.172899,0.218658,0.272653,0.33445,0.402756,0.475409,0.549591,0.622244,0.69055,0.752347,0.806342,0.852101,0.889889,0.920431,0.944693,0.9637,0.97843,0.98975,0.998394,0.998555,0.998715,0.998876,0.999036,0.999197,0.999358,0.999518,0.999679,0.999839,1,1,1,1,1,1,1,1,1,1,1,1,1,1,1,1,1,1,1,1,1,1,1,1,1,1,1,1,1,1,1,1,1,1,1,1,1,1,1,1,1
RnD building fuel use reduction,appliances,,,0.015069,0.015069,0.015069,0.017554,0.020039,0.026606,0.03525,0.04657,0.0613,0.080307,0.104569,0.135111,0.172899,0.218658,0.272653,0.33445,0.402756,0.475409,0.549591,0.622244,0.69055,0.752347,0.806342,0.852101,0.889889,0.920431,0.944693,0.9637,0.97843,0.98975,0.998394,0.998555,0.998715,0.998876,0.999036,0.999197,0.999358,0.999518,0.999679,0.999839,1,1,1,1,1,1,1,1,1,1,1,1,1,1,1,1,1,1,1,1,1,1,1,1,1,1,1,1,1,1,1,1,1,1,1,1,1,1,1,1,1
RnD building fuel use reduction,other component,,,0.015069,0.015069,0.015069,0.017554,0.020039,0.026606,0.03525,0.04657,0.0613,0.080307,0.104569,0.135111,0.172899,0.218658,0.272653,0.33445,0.402756,0.475409,0.549591,0.622244,0.69055,0.752347,0.806342,0.852101,0.889889,0.920431,0.944693,0.9637,0.97843,0.98975,0.998394,0.998555,0.998715,0.998876,0.999036,0.999197,0.999358,0.999518,0.999679,0.999839,1,1,1,1,1,1,1,1,1,1,1,1,1,1,1,1,1,1,1,1,1,1,1,1,1,1,1,1,1,1,1,1,1,1,1,1,1,1,1,1,1
RnD industry fuel use reduction,agriculture and forestry 01T03,,,0.015069,0.015069,0.015069,0.017554,0.020039,0.026606,0.03525,0.04657,0.0613,0.080307,0.104569,0.135111,0.172899,0.218658,0.272653,0.33445,0.402756,0.475409,0.549591,0.622244,0.69055,0.752347,0.806342,0.852101,0.889889,0.920431,0.944693,0.9637,0.97843,0.98975,0.998394,0.998555,0.998715,0.998876,0.999036,0.999197,0.999358,0.999518,0.999679,0.999839,1,1,1,1,1,1,1,1,1,1,1,1,1,1,1,1,1,1,1,1,1,1,1,1,1,1,1,1,1,1,1,1,1,1,1,1,1,1,1,1,1
RnD industry fuel use reduction,coal mining 05,,,0.015069,0.015069,0.015069,0.017554,0.020039,0.026606,0.03525,0.04657,0.0613,0.080307,0.104569,0.135111,0.172899,0.218658,0.272653,0.33445,0.402756,0.475409,0.549591,0.622244,0.69055,0.752347,0.806342,0.852101,0.889889,0.920431,0.944693,0.9637,0.97843,0.98975,0.998394,0.998555,0.998715,0.998876,0.999036,0.999197,0.999358,0.999518,0.999679,0.999839,1,1,1,1,1,1,1,1,1,1,1,1,1,1,1,1,1,1,1,1,1,1,1,1,1,1,1,1,1,1,1,1,1,1,1,1,1,1,1,1,1
RnD industry fuel use reduction,oil and gas extraction 06,,,0.015069,0.015069,0.015069,0.017554,0.020039,0.026606,0.03525,0.04657,0.0613,0.080307,0.104569,0.135111,0.172899,0.218658,0.272653,0.33445,0.402756,0.475409,0.549591,0.622244,0.69055,0.752347,0.806342,0.852101,0.889889,0.920431,0.944693,0.9637,0.97843,0.98975,0.998394,0.998555,0.998715,0.998876,0.999036,0.999197,0.999358,0.999518,0.999679,0.999839,1,1,1,1,1,1,1,1,1,1,1,1,1,1,1,1,1,1,1,1,1,1,1,1,1,1,1,1,1,1,1,1,1,1,1,1,1,1,1,1,1
RnD industry fuel use reduction,other mining and quarrying 07T08,,,0.015069,0.015069,0.015069,0.017554,0.020039,0.026606,0.03525,0.04657,0.0613,0.080307,0.104569,0.135111,0.172899,0.218658,0.272653,0.33445,0.402756,0.475409,0.549591,0.622244,0.69055,0.752347,0.806342,0.852101,0.889889,0.920431,0.944693,0.9637,0.97843,0.98975,0.998394,0.998555,0.998715,0.998876,0.999036,0.999197,0.999358,0.999518,0.999679,0.999839,1,1,1,1,1,1,1,1,1,1,1,1,1,1,1,1,1,1,1,1,1,1,1,1,1,1,1,1,1,1,1,1,1,1,1,1,1,1,1,1,1
RnD industry fuel use reduction,food beverage and tobacco 10T12,,,0.015069,0.015069,0.015069,0.017554,0.020039,0.026606,0.03525,0.04657,0.0613,0.080307,0.104569,0.135111,0.172899,0.218658,0.272653,0.33445,0.402756,0.475409,0.549591,0.622244,0.69055,0.752347,0.806342,0.852101,0.889889,0.920431,0.944693,0.9637,0.97843,0.98975,0.998394,0.998555,0.998715,0.998876,0.999036,0.999197,0.999358,0.999518,0.999679,0.999839,1,1,1,1,1,1,1,1,1,1,1,1,1,1,1,1,1,1,1,1,1,1,1,1,1,1,1,1,1,1,1,1,1,1,1,1,1,1,1,1,1
RnD industry fuel use reduction,textiles apparel and leather 13T15,,,0.015069,0.015069,0.015069,0.017554,0.020039,0.026606,0.03525,0.04657,0.0613,0.080307,0.104569,0.135111,0.172899,0.218658,0.272653,0.33445,0.402756,0.475409,0.549591,0.622244,0.69055,0.752347,0.806342,0.852101,0.889889,0.920431,0.944693,0.9637,0.97843,0.98975,0.998394,0.998555,0.998715,0.998876,0.999036,0.999197,0.999358,0.999518,0.999679,0.999839,1,1,1,1,1,1,1,1,1,1,1,1,1,1,1,1,1,1,1,1,1,1,1,1,1,1,1,1,1,1,1,1,1,1,1,1,1,1,1,1,1
RnD industry fuel use reduction,wood products 16,,,0.015069,0.015069,0.015069,0.017554,0.020039,0.026606,0.03525,0.04657,0.0613,0.080307,0.104569,0.135111,0.172899,0.218658,0.272653,0.33445,0.402756,0.475409,0.549591,0.622244,0.69055,0.752347,0.806342,0.852101,0.889889,0.920431,0.944693,0.9637,0.97843,0.98975,0.998394,0.998555,0.998715,0.998876,0.999036,0.999197,0.999358,0.999518,0.999679,0.999839,1,1,1,1,1,1,1,1,1,1,1,1,1,1,1,1,1,1,1,1,1,1,1,1,1,1,1,1,1,1,1,1,1,1,1,1,1,1,1,1,1
RnD industry fuel use reduction,pulp paper and printing 17T18,,,0.015069,0.015069,0.015069,0.017554,0.020039,0.026606,0.03525,0.04657,0.0613,0.080307,0.104569,0.135111,0.172899,0.218658,0.272653,0.33445,0.402756,0.475409,0.549591,0.622244,0.69055,0.752347,0.806342,0.852101,0.889889,0.920431,0.944693,0.9637,0.97843,0.98975,0.998394,0.998555,0.998715,0.998876,0.999036,0.999197,0.999358,0.999518,0.999679,0.999839,1,1,1,1,1,1,1,1,1,1,1,1,1,1,1,1,1,1,1,1,1,1,1,1,1,1,1,1,1,1,1,1,1,1,1,1,1,1,1,1,1
RnD industry fuel use reduction,refined petroleum and coke 19,,,0.015069,0.015069,0.015069,0.017554,0.020039,0.026606,0.03525,0.04657,0.0613,0.080307,0.104569,0.135111,0.172899,0.218658,0.272653,0.33445,0.402756,0.475409,0.549591,0.622244,0.69055,0.752347,0.806342,0.852101,0.889889,0.920431,0.944693,0.9637,0.97843,0.98975,0.998394,0.998555,0.998715,0.998876,0.999036,0.999197,0.999358,0.999518,0.999679,0.999839,1,1,1,1,1,1,1,1,1,1,1,1,1,1,1,1,1,1,1,1,1,1,1,1,1,1,1,1,1,1,1,1,1,1,1,1,1,1,1,1,1
RnD industry fuel use reduction,chemicals 20,,,0.015069,0.015069,0.015069,0.017554,0.020039,0.026606,0.03525,0.04657,0.0613,0.080307,0.104569,0.135111,0.172899,0.218658,0.272653,0.33445,0.402756,0.475409,0.549591,0.622244,0.69055,0.752347,0.806342,0.852101,0.889889,0.920431,0.944693,0.9637,0.97843,0.98975,0.998394,0.998555,0.998715,0.998876,0.999036,0.999197,0.999358,0.999518,0.999679,0.999839,1,1,1,1,1,1,1,1,1,1,1,1,1,1,1,1,1,1,1,1,1,1,1,1,1,1,1,1,1,1,1,1,1,1,1,1,1,1,1,1,1
RnD industry fuel use reduction,rubber and plastic products 22,,,0.015069,0.015069,0.015069,0.017554,0.020039,0.026606,0.03525,0.04657,0.0613,0.080307,0.104569,0.135111,0.172899,0.218658,0.272653,0.33445,0.402756,0.475409,0.549591,0.622244,0.69055,0.752347,0.806342,0.852101,0.889889,0.920431,0.944693,0.9637,0.97843,0.98975,0.998394,0.998555,0.998715,0.998876,0.999036,0.999197,0.999358,0.999518,0.999679,0.999839,1,1,1,1,1,1,1,1,1,1,1,1,1,1,1,1,1,1,1,1,1,1,1,1,1,1,1,1,1,1,1,1,1,1,1,1,1,1,1,1,1
RnD industry fuel use reduction,glass and glass products 231,,,0.015069,0.015069,0.015069,0.017554,0.020039,0.026606,0.03525,0.04657,0.0613,0.080307,0.104569,0.135111,0.172899,0.218658,0.272653,0.33445,0.402756,0.475409,0.549591,0.622244,0.69055,0.752347,0.806342,0.852101,0.889889,0.920431,0.944693,0.9637,0.97843,0.98975,0.998394,0.998555,0.998715,0.998876,0.999036,0.999197,0.999358,0.999518,0.999679,0.999839,1,1,1,1,1,1,1,1,1,1,1,1,1,1,1,1,1,1,1,1,1,1,1,1,1,1,1,1,1,1,1,1,1,1,1,1,1,1,1,1,1
RnD industry fuel use reduction,cement and other nonmetallic minerals 239,,,0.015069,0.015069,0.015069,0.017554,0.020039,0.026606,0.03525,0.04657,0.0613,0.080307,0.104569,0.135111,0.172899,0.218658,0.272653,0.33445,0.402756,0.475409,0.549591,0.622244,0.69055,0.752347,0.806342,0.852101,0.889889,0.920431,0.944693,0.9637,0.97843,0.98975,0.998394,0.998555,0.998715,0.998876,0.999036,0.999197,0.999358,0.999518,0.999679,0.999839,1,1,1,1,1,1,1,1,1,1,1,1,1,1,1,1,1,1,1,1,1,1,1,1,1,1,1,1,1,1,1,1,1,1,1,1,1,1,1,1,1
RnD industry fuel use reduction,iron and steel 241,,,0.015069,0.015069,0.015069,0.017554,0.020039,0.026606,0.03525,0.04657,0.0613,0.080307,0.104569,0.135111,0.172899,0.218658,0.272653,0.33445,0.402756,0.475409,0.549591,0.622244,0.69055,0.752347,0.806342,0.852101,0.889889,0.920431,0.944693,0.9637,0.97843,0.98975,0.998394,0.998555,0.998715,0.998876,0.999036,0.999197,0.999358,0.999518,0.999679,0.999839,1,1,1,1,1,1,1,1,1,1,1,1,1,1,1,1,1,1,1,1,1,1,1,1,1,1,1,1,1,1,1,1,1,1,1,1,1,1,1,1,1
RnD industry fuel use reduction,other metals 242,,,0.015069,0.015069,0.015069,0.017554,0.020039,0.026606,0.03525,0.04657,0.0613,0.080307,0.104569,0.135111,0.172899,0.218658,0.272653,0.33445,0.402756,0.475409,0.549591,0.622244,0.69055,0.752347,0.806342,0.852101,0.889889,0.920431,0.944693,0.9637,0.97843,0.98975,0.998394,0.998555,0.998715,0.998876,0.999036,0.999197,0.999358,0.999518,0.999679,0.999839,1,1,1,1,1,1,1,1,1,1,1,1,1,1,1,1,1,1,1,1,1,1,1,1,1,1,1,1,1,1,1,1,1,1,1,1,1,1,1,1,1
RnD industry fuel use reduction,metal products except machinery and vehicles 25,,,0.015069,0.015069,0.015069,0.017554,0.020039,0.026606,0.03525,0.04657,0.0613,0.080307,0.104569,0.135111,0.172899,0.218658,0.272653,0.33445,0.402756,0.475409,0.549591,0.622244,0.69055,0.752347,0.806342,0.852101,0.889889,0.920431,0.944693,0.9637,0.97843,0.98975,0.998394,0.998555,0.998715,0.998876,0.999036,0.999197,0.999358,0.999518,0.999679,0.999839,1,1,1,1,1,1,1,1,1,1,1,1,1,1,1,1,1,1,1,1,1,1,1,1,1,1,1,1,1,1,1,1,1,1,1,1,1,1,1,1,1
RnD industry fuel use reduction,computers and electronics 26,,,0.015069,0.015069,0.015069,0.017554,0.020039,0.026606,0.03525,0.04657,0.0613,0.080307,0.104569,0.135111,0.172899,0.218658,0.272653,0.33445,0.402756,0.475409,0.549591,0.622244,0.69055,0.752347,0.806342,0.852101,0.889889,0.920431,0.944693,0.9637,0.97843,0.98975,0.998394,0.998555,0.998715,0.998876,0.999036,0.999197,0.999358,0.999518,0.999679,0.999839,1,1,1,1,1,1,1,1,1,1,1,1,1,1,1,1,1,1,1,1,1,1,1,1,1,1,1,1,1,1,1,1,1,1,1,1,1,1,1,1,1
RnD industry fuel use reduction,appliances and electrical equipment 27,,,0.015069,0.015069,0.015069,0.017554,0.020039,0.026606,0.03525,0.04657,0.0613,0.080307,0.104569,0.135111,0.172899,0.218658,0.272653,0.33445,0.402756,0.475409,0.549591,0.622244,0.69055,0.752347,0.806342,0.852101,0.889889,0.920431,0.944693,0.9637,0.97843,0.98975,0.998394,0.998555,0.998715,0.998876,0.999036,0.999197,0.999358,0.999518,0.999679,0.999839,1,1,1,1,1,1,1,1,1,1,1,1,1,1,1,1,1,1,1,1,1,1,1,1,1,1,1,1,1,1,1,1,1,1,1,1,1,1,1,1,1
RnD industry fuel use reduction,other machinery 28,,,0.015069,0.015069,0.015069,0.017554,0.020039,0.026606,0.03525,0.04657,0.0613,0.080307,0.104569,0.135111,0.172899,0.218658,0.272653,0.33445,0.402756,0.475409,0.549591,0.622244,0.69055,0.752347,0.806342,0.852101,0.889889,0.920431,0.944693,0.9637,0.97843,0.98975,0.998394,0.998555,0.998715,0.998876,0.999036,0.999197,0.999358,0.999518,0.999679,0.999839,1,1,1,1,1,1,1,1,1,1,1,1,1,1,1,1,1,1,1,1,1,1,1,1,1,1,1,1,1,1,1,1,1,1,1,1,1,1,1,1,1
RnD industry fuel use reduction,road vehicles 29,,,0.015069,0.015069,0.015069,0.017554,0.020039,0.026606,0.03525,0.04657,0.0613,0.080307,0.104569,0.135111,0.172899,0.218658,0.272653,0.33445,0.402756,0.475409,0.549591,0.622244,0.69055,0.752347,0.806342,0.852101,0.889889,0.920431,0.944693,0.9637,0.97843,0.98975,0.998394,0.998555,0.998715,0.998876,0.999036,0.999197,0.999358,0.999518,0.999679,0.999839,1,1,1,1,1,1,1,1,1,1,1,1,1,1,1,1,1,1,1,1,1,1,1,1,1,1,1,1,1,1,1,1,1,1,1,1,1,1,1,1,1
RnD industry fuel use reduction,nonroad vehicles 30,,,0.015069,0.015069,0.015069,0.017554,0.020039,0.026606,0.03525,0.04657,0.0613,0.080307,0.104569,0.135111,0.172899,0.218658,0.272653,0.33445,0.402756,0.475409,0.549591,0.622244,0.69055,0.752347,0.806342,0.852101,0.889889,0.920431,0.944693,0.9637,0.97843,0.98975,0.998394,0.998555,0.998715,0.998876,0.999036,0.999197,0.999358,0.999518,0.999679,0.999839,1,1,1,1,1,1,1,1,1,1,1,1,1,1,1,1,1,1,1,1,1,1,1,1,1,1,1,1,1,1,1,1,1,1,1,1,1,1,1,1,1
RnD industry fuel use reduction,other manufacturing 31T33,,,0.015069,0.015069,0.015069,0.017554,0.020039,0.026606,0.03525,0.04657,0.0613,0.080307,0.104569,0.135111,0.172899,0.218658,0.272653,0.33445,0.402756,0.475409,0.549591,0.622244,0.69055,0.752347,0.806342,0.852101,0.889889,0.920431,0.944693,0.9637,0.97843,0.98975,0.998394,0.998555,0.998715,0.998876,0.999036,0.999197,0.999358,0.999518,0.999679,0.999839,1,1,1,1,1,1,1,1,1,1,1,1,1,1,1,1,1,1,1,1,1,1,1,1,1,1,1,1,1,1,1,1,1,1,1,1,1,1,1,1,1
RnD industry fuel use reduction,energy pipelines and gas processing 352T353,,,0.015069,0.015069,0.015069,0.017554,0.020039,0.026606,0.03525,0.04657,0.0613,0.080307,0.104569,0.135111,0.172899,0.218658,0.272653,0.33445,0.402756,0.475409,0.549591,0.622244,0.69055,0.752347,0.806342,0.852101,0.889889,0.920431,0.944693,0.9637,0.97843,0.98975,0.998394,0.998555,0.998715,0.998876,0.999036,0.999197,0.999358,0.999518,0.999679,0.999839,1,1,1,1,1,1,1,1,1,1,1,1,1,1,1,1,1,1,1,1,1,1,1,1,1,1,1,1,1,1,1,1,1,1,1,1,1,1,1,1,1
RnD industry fuel use reduction,water and waste 36T39,,,0.015069,0.015069,0.015069,0.017554,0.020039,0.026606,0.03525,0.04657,0.0613,0.080307,0.104569,0.135111,0.172899,0.218658,0.272653,0.33445,0.402756,0.475409,0.549591,0.622244,0.69055,0.752347,0.806342,0.852101,0.889889,0.920431,0.944693,0.9637,0.97843,0.98975,0.998394,0.998555,0.998715,0.998876,0.999036,0.999197,0.999358,0.999518,0.999679,0.999839,1,1,1,1,1,1,1,1,1,1,1,1,1,1,1,1,1,1,1,1,1,1,1,1,1,1,1,1,1,1,1,1,1,1,1,1,1,1,1,1,1
RnD industry fuel use reduction,construction 41T43,,,0.015069,0.015069,0.015069,0.017554,0.020039,0.026606,0.03525,0.04657,0.0613,0.080307,0.104569,0.135111,0.172899,0.218658,0.272653,0.33445,0.402756,0.475409,0.549591,0.622244,0.69055,0.752347,0.806342,0.852101,0.889889,0.920431,0.944693,0.9637,0.97843,0.98975,0.998394,0.998555,0.998715,0.998876,0.999036,0.999197,0.999358,0.999518,0.999679,0.999839,1,1,1,1,1,1,1,1,1,1,1,1,1,1,1,1,1,1,1,1,1,1,1,1,1,1,1,1,1,1,1,1,1,1,1,1,1,1,1,1,1
RnD CCS fuel use reduction,,,,0.015069,0.015069,0.015069,0.017554,0.020039,0.026606,0.03525,0.04657,0.0613,0.080307,0.104569,0.135111,0.172899,0.218658,0.272653,0.33445,0.402756,0.475409,0.549591,0.622244,0.69055,0.752347,0.806342,0.852101,0.889889,0.920431,0.944693,0.9637,0.97843,0.98975,0.998394,0.998555,0.998715,0.998876,0.999036,0.999197,0.999358,0.999518,0.999679,0.999839,1,1,1,1,1,1,1,1,1,1,1,1,1,1,1,1,1,1,1,1,1,1,1,1,1,1,1,1,1,1,1,1,1,1,1,1,1,1,1,1,1
geoeng direct air capture,,,,0,0,0,0.026316,0.052632,0.078947,0.105263,0.131579,0.157895,0.184211,0.210526,0.236842,0.263158,0.289474,0.315789,0.342105,0.368421,0.394737,0.421053,0.447368,0.473684,0.5,0.526316,0.552632,0.578947,0.605263,0.631579,0.657895,0.684211,0.710526,0.736842,0.763158,0.789474,0.815789,0.842105,0.868421,0.894737,0.921053,0.947368,0.973684,1,1,1,1,1,1,1,1,1,1,1,1,1,1,1,1,1,1,1,1,1,1,1,1,1,1,1,1,1,1,1,1,1,1,1,1,1,1,1,1,1
settings exogenous GDP adjustment,,,,1,1,1,1,1,1,1,1,1,1,1,1,1,1,1,1,1,1,1,1,1,1,1,1,1,1,1,1,1,1,1,1,1,1,1,1,1,1,1,1,1,1,1,1,1,1,1,1,1,1,1,1,1,1,1,1,1,1,1,1,1,1,1,1,1,1,1,1,1,1,1,1,1,1,1,1,1,1,1,1,1
GRA carbon tax revenue,regular spending,,,1,1,1,1,1,1,1,1,1,1,1,1,1,1,1,1,1,1,1,1,1,1,1,1,1,1,1,1,1,1,1,1,1,1,1,1,1,1,1,1,1,1,1,1,1,1,1,1,1,1,1,1,1,1,1,1,1,1,1,1,1,1,1,1,1,1,1,1,1,1,1,1,1,1,1,1,1,1,1,1,1
GRA carbon tax revenue,deficit spending,,,1,1,1,1,1,1,1,1,1,1,1,1,1,1,1,1,1,1,1,1,1,1,1,1,1,1,1,1,1,1,1,1,1,1,1,1,1,1,1,1,1,1,1,1,1,1,1,1,1,1,1,1,1,1,1,1,1,1,1,1,1,1,1,1,1,1,1,1,1,1,1,1,1,1,1,1,1,1,1,1,1
GRA carbon tax revenue,household taxes,,,1,1,1,1,1,1,1,1,1,1,1,1,1,1,1,1,1,1,1,1,1,1,1,1,1,1,1,1,1,1,1,1,1,1,1,1,1,1,1,1,1,1,1,1,1,1,1,1,1,1,1,1,1,1,1,1,1,1,1,1,1,1,1,1,1,1,1,1,1,1,1,1,1,1,1,1,1,1,1,1,1
GRA carbon tax revenue,payroll taxes,,,1,1,1,1,1,1,1,1,1,1,1,1,1,1,1,1,1,1,1,1,1,1,1,1,1,1,1,1,1,1,1,1,1,1,1,1,1,1,1,1,1,1,1,1,1,1,1,1,1,1,1,1,1,1,1,1,1,1,1,1,1,1,1,1,1,1,1,1,1,1,1,1,1,1,1,1,1,1,1,1,1
GRA carbon tax revenue,corporate taxes,,,1,1,1,1,1,1,1,1,1,1,1,1,1,1,1,1,1,1,1,1,1,1,1,1,1,1,1,1,1,1,1,1,1,1,1,1,1,1,1,1,1,1,1,1,1,1,1,1,1,1,1,1,1,1,1,1,1,1,1,1,1,1,1,1,1,1,1,1,1,1,1,1,1,1,1,1,1,1,1,1,1
GRA fuel tax revenue,regular spending,,,1,1,1,1,1,1,1,1,1,1,1,1,1,1,1,1,1,1,1,1,1,1,1,1,1,1,1,1,1,1,1,1,1,1,1,1,1,1,1,1,1,1,1,1,1,1,1,1,1,1,1,1,1,1,1,1,1,1,1,1,1,1,1,1,1,1,1,1,1,1,1,1,1,1,1,1,1,1,1,1,1
GRA fuel tax revenue,deficit spending,,,1,1,1,1,1,1,1,1,1,1,1,1,1,1,1,1,1,1,1,1,1,1,1,1,1,1,1,1,1,1,1,1,1,1,1,1,1,1,1,1,1,1,1,1,1,1,1,1,1,1,1,1,1,1,1,1,1,1,1,1,1,1,1,1,1,1,1,1,1,1,1,1,1,1,1,1,1,1,1,1,1
GRA fuel tax revenue,household taxes,,,1,1,1,1,1,1,1,1,1,1,1,1,1,1,1,1,1,1,1,1,1,1,1,1,1,1,1,1,1,1,1,1,1,1,1,1,1,1,1,1,1,1,1,1,1,1,1,1,1,1,1,1,1,1,1,1,1,1,1,1,1,1,1,1,1,1,1,1,1,1,1,1,1,1,1,1,1,1,1,1,1
GRA fuel tax revenue,payroll taxes,,,1,1,1,1,1,1,1,1,1,1,1,1,1,1,1,1,1,1,1,1,1,1,1,1,1,1,1,1,1,1,1,1,1,1,1,1,1,1,1,1,1,1,1,1,1,1,1,1,1,1,1,1,1,1,1,1,1,1,1,1,1,1,1,1,1,1,1,1,1,1,1,1,1,1,1,1,1,1,1,1,1
GRA fuel tax revenue,corporate taxes,,,1,1,1,1,1,1,1,1,1,1,1,1,1,1,1,1,1,1,1,1,1,1,1,1,1,1,1,1,1,1,1,1,1,1,1,1,1,1,1,1,1,1,1,1,1,1,1,1,1,1,1,1,1,1,1,1,1,1,1,1,1,1,1,1,1,1,1,1,1,1,1,1,1,1,1,1,1,1,1,1,1
GRA EV subsidy,regular spending,,,1,1,1,1,1,1,1,1,1,1,1,1,1,1,1,1,1,1,1,1,1,1,1,1,1,1,1,1,1,1,1,1,1,1,1,1,1,1,1,1,1,1,1,1,1,1,1,1,1,1,1,1,1,1,1,1,1,1,1,1,1,1,1,1,1,1,1,1,1,1,1,1,1,1,1,1,1,1,1,1,1
GRA EV subsidy,deficit spending,,,1,1,1,1,1,1,1,1,1,1,1,1,1,1,1,1,1,1,1,1,1,1,1,1,1,1,1,1,1,1,1,1,1,1,1,1,1,1,1,1,1,1,1,1,1,1,1,1,1,1,1,1,1,1,1,1,1,1,1,1,1,1,1,1,1,1,1,1,1,1,1,1,1,1,1,1,1,1,1,1,1
GRA EV subsidy,household taxes,,,1,1,1,1,1,1,1,1,1,1,1,1,1,1,1,1,1,1,1,1,1,1,1,1,1,1,1,1,1,1,1,1,1,1,1,1,1,1,1,1,1,1,1,1,1,1,1,1,1,1,1,1,1,1,1,1,1,1,1,1,1,1,1,1,1,1,1,1,1,1,1,1,1,1,1,1,1,1,1,1,1
GRA EV subsidy,payroll taxes,,,1,1,1,1,1,1,1,1,1,1,1,1,1,1,1,1,1,1,1,1,1,1,1,1,1,1,1,1,1,1,1,1,1,1,1,1,1,1,1,1,1,1,1,1,1,1,1,1,1,1,1,1,1,1,1,1,1,1,1,1,1,1,1,1,1,1,1,1,1,1,1,1,1,1,1,1,1,1,1,1,1
GRA EV subsidy,corporate taxes,,,1,1,1,1,1,1,1,1,1,1,1,1,1,1,1,1,1,1,1,1,1,1,1,1,1,1,1,1,1,1,1,1,1,1,1,1,1,1,1,1,1,1,1,1,1,1,1,1,1,1,1,1,1,1,1,1,1,1,1,1,1,1,1,1,1,1,1,1,1,1,1,1,1,1,1,1,1,1,1,1,1
GRA elec gen subsidy,regular spending,,,1,1,1,1,1,1,1,1,1,1,1,1,1,1,1,1,1,1,1,1,1,1,1,1,1,1,1,1,1,1,1,1,1,1,1,1,1,1,1,1,1,1,1,1,1,1,1,1,1,1,1,1,1,1,1,1,1,1,1,1,1,1,1,1,1,1,1,1,1,1,1,1,1,1,1,1,1,1,1,1,1
GRA elec gen subsidy,deficit spending,,,1,1,1,1,1,1,1,1,1,1,1,1,1,1,1,1,1,1,1,1,1,1,1,1,1,1,1,1,1,1,1,1,1,1,1,1,1,1,1,1,1,1,1,1,1,1,1,1,1,1,1,1,1,1,1,1,1,1,1,1,1,1,1,1,1,1,1,1,1,1,1,1,1,1,1,1,1,1,1,1,1
GRA elec gen subsidy,household taxes,,,1,1,1,1,1,1,1,1,1,1,1,1,1,1,1,1,1,1,1,1,1,1,1,1,1,1,1,1,1,1,1,1,1,1,1,1,1,1,1,1,1,1,1,1,1,1,1,1,1,1,1,1,1,1,1,1,1,1,1,1,1,1,1,1,1,1,1,1,1,1,1,1,1,1,1,1,1,1,1,1,1
GRA elec gen subsidy,payroll taxes,,,1,1,1,1,1,1,1,1,1,1,1,1,1,1,1,1,1,1,1,1,1,1,1,1,1,1,1,1,1,1,1,1,1,1,1,1,1,1,1,1,1,1,1,1,1,1,1,1,1,1,1,1,1,1,1,1,1,1,1,1,1,1,1,1,1,1,1,1,1,1,1,1,1,1,1,1,1,1,1,1,1
GRA elec gen subsidy,corporate taxes,,,1,1,1,1,1,1,1,1,1,1,1,1,1,1,1,1,1,1,1,1,1,1,1,1,1,1,1,1,1,1,1,1,1,1,1,1,1,1,1,1,1,1,1,1,1,1,1,1,1,1,1,1,1,1,1,1,1,1,1,1,1,1,1,1,1,1,1,1,1,1,1,1,1,1,1,1,1,1,1,1,1
GRA elec cap const subsidy,regular spending,,,1,1,1,1,1,1,1,1,1,1,1,1,1,1,1,1,1,1,1,1,1,1,1,1,1,1,1,1,1,1,1,1,1,1,1,1,1,1,1,1,1,1,1,1,1,1,1,1,1,1,1,1,1,1,1,1,1,1,1,1,1,1,1,1,1,1,1,1,1,1,1,1,1,1,1,1,1,1,1,1,1
GRA elec cap const subsidy,deficit spending,,,1,1,1,1,1,1,1,1,1,1,1,1,1,1,1,1,1,1,1,1,1,1,1,1,1,1,1,1,1,1,1,1,1,1,1,1,1,1,1,1,1,1,1,1,1,1,1,1,1,1,1,1,1,1,1,1,1,1,1,1,1,1,1,1,1,1,1,1,1,1,1,1,1,1,1,1,1,1,1,1,1
GRA elec cap const subsidy,household taxes,,,1,1,1,1,1,1,1,1,1,1,1,1,1,1,1,1,1,1,1,1,1,1,1,1,1,1,1,1,1,1,1,1,1,1,1,1,1,1,1,1,1,1,1,1,1,1,1,1,1,1,1,1,1,1,1,1,1,1,1,1,1,1,1,1,1,1,1,1,1,1,1,1,1,1,1,1,1,1,1,1,1
GRA elec cap const subsidy,payroll taxes,,,1,1,1,1,1,1,1,1,1,1,1,1,1,1,1,1,1,1,1,1,1,1,1,1,1,1,1,1,1,1,1,1,1,1,1,1,1,1,1,1,1,1,1,1,1,1,1,1,1,1,1,1,1,1,1,1,1,1,1,1,1,1,1,1,1,1,1,1,1,1,1,1,1,1,1,1,1,1,1,1,1
GRA elec cap const subsidy,corporate taxes,,,1,1,1,1,1,1,1,1,1,1,1,1,1,1,1,1,1,1,1,1,1,1,1,1,1,1,1,1,1,1,1,1,1,1,1,1,1,1,1,1,1,1,1,1,1,1,1,1,1,1,1,1,1,1,1,1,1,1,1,1,1,1,1,1,1,1,1,1,1,1,1,1,1,1,1,1,1,1,1,1,1
GRA dist solar subsidy,regular spending,,,1,1,1,1,1,1,1,1,1,1,1,1,1,1,1,1,1,1,1,1,1,1,1,1,1,1,1,1,1,1,1,1,1,1,1,1,1,1,1,1,1,1,1,1,1,1,1,1,1,1,1,1,1,1,1,1,1,1,1,1,1,1,1,1,1,1,1,1,1,1,1,1,1,1,1,1,1,1,1,1,1
GRA dist solar subsidy,deficit spending,,,1,1,1,1,1,1,1,1,1,1,1,1,1,1,1,1,1,1,1,1,1,1,1,1,1,1,1,1,1,1,1,1,1,1,1,1,1,1,1,1,1,1,1,1,1,1,1,1,1,1,1,1,1,1,1,1,1,1,1,1,1,1,1,1,1,1,1,1,1,1,1,1,1,1,1,1,1,1,1,1,1
GRA dist solar subsidy,household taxes,,,1,1,1,1,1,1,1,1,1,1,1,1,1,1,1,1,1,1,1,1,1,1,1,1,1,1,1,1,1,1,1,1,1,1,1,1,1,1,1,1,1,1,1,1,1,1,1,1,1,1,1,1,1,1,1,1,1,1,1,1,1,1,1,1,1,1,1,1,1,1,1,1,1,1,1,1,1,1,1,1,1
GRA dist solar subsidy,payroll taxes,,,1,1,1,1,1,1,1,1,1,1,1,1,1,1,1,1,1,1,1,1,1,1,1,1,1,1,1,1,1,1,1,1,1,1,1,1,1,1,1,1,1,1,1,1,1,1,1,1,1,1,1,1,1,1,1,1,1,1,1,1,1,1,1,1,1,1,1,1,1,1,1,1,1,1,1,1,1,1,1,1,1
GRA dist solar subsidy,corporate taxes,,,1,1,1,1,1,1,1,1,1,1,1,1,1,1,1,1,1,1,1,1,1,1,1,1,1,1,1,1,1,1,1,1,1,1,1,1,1,1,1,1,1,1,1,1,1,1,1,1,1,1,1,1,1,1,1,1,1,1,1,1,1,1,1,1,1,1,1,1,1,1,1,1,1,1,1,1,1,1,1,1,1
GRA fuel subsidy,regular spending,,,1,1,1,1,1,1,1,1,1,1,1,1,1,1,1,1,1,1,1,1,1,1,1,1,1,1,1,1,1,1,1,1,1,1,1,1,1,1,1,1,1,1,1,1,1,1,1,1,1,1,1,1,1,1,1,1,1,1,1,1,1,1,1,1,1,1,1,1,1,1,1,1,1,1,1,1,1,1,1,1,1
GRA fuel subsidy,deficit spending,,,1,1,1,1,1,1,1,1,1,1,1,1,1,1,1,1,1,1,1,1,1,1,1,1,1,1,1,1,1,1,1,1,1,1,1,1,1,1,1,1,1,1,1,1,1,1,1,1,1,1,1,1,1,1,1,1,1,1,1,1,1,1,1,1,1,1,1,1,1,1,1,1,1,1,1,1,1,1,1,1,1
GRA fuel subsidy,household taxes,,,1,1,1,1,1,1,1,1,1,1,1,1,1,1,1,1,1,1,1,1,1,1,1,1,1,1,1,1,1,1,1,1,1,1,1,1,1,1,1,1,1,1,1,1,1,1,1,1,1,1,1,1,1,1,1,1,1,1,1,1,1,1,1,1,1,1,1,1,1,1,1,1,1,1,1,1,1,1,1,1,1
GRA fuel subsidy,payroll taxes,,,1,1,1,1,1,1,1,1,1,1,1,1,1,1,1,1,1,1,1,1,1,1,1,1,1,1,1,1,1,1,1,1,1,1,1,1,1,1,1,1,1,1,1,1,1,1,1,1,1,1,1,1,1,1,1,1,1,1,1,1,1,1,1,1,1,1,1,1,1,1,1,1,1,1,1,1,1,1,1,1,1
GRA fuel subsidy,corporate taxes,,,1,1,1,1,1,1,1,1,1,1,1,1,1,1,1,1,1,1,1,1,1,1,1,1,1,1,1,1,1,1,1,1,1,1,1,1,1,1,1,1,1,1,1,1,1,1,1,1,1,1,1,1,1,1,1,1,1,1,1,1,1,1,1,1,1,1,1,1,1,1,1,1,1,1,1,1,1,1,1,1,1
GRA national debt interest,regular spending,,,1,1,1,1,1,1,1,1,1,1,1,1,1,1,1,1,1,1,1,1,1,1,1,1,1,1,1,1,1,1,1,1,1,1,1,1,1,1,1,1,1,1,1,1,1,1,1,1,1,1,1,1,1,1,1,1,1,1,1,1,1,1,1,1,1,1,1,1,1,1,1,1,1,1,1,1,1,1,1,1,1
GRA national debt interest,deficit spending,,,1,1,1,1,1,1,1,1,1,1,1,1,1,1,1,1,1,1,1,1,1,1,1,1,1,1,1,1,1,1,1,1,1,1,1,1,1,1,1,1,1,1,1,1,1,1,1,1,1,1,1,1,1,1,1,1,1,1,1,1,1,1,1,1,1,1,1,1,1,1,1,1,1,1,1,1,1,1,1,1,1
GRA national debt interest,household taxes,,,1,1,1,1,1,1,1,1,1,1,1,1,1,1,1,1,1,1,1,1,1,1,1,1,1,1,1,1,1,1,1,1,1,1,1,1,1,1,1,1,1,1,1,1,1,1,1,1,1,1,1,1,1,1,1,1,1,1,1,1,1,1,1,1,1,1,1,1,1,1,1,1,1,1,1,1,1,1,1,1,1
GRA national debt interest,payroll taxes,,,1,1,1,1,1,1,1,1,1,1,1,1,1,1,1,1,1,1,1,1,1,1,1,1,1,1,1,1,1,1,1,1,1,1,1,1,1,1,1,1,1,1,1,1,1,1,1,1,1,1,1,1,1,1,1,1,1,1,1,1,1,1,1,1,1,1,1,1,1,1,1,1,1,1,1,1,1,1,1,1,1
GRA national debt interest,corporate taxes,,,1,1,1,1,1,1,1,1,1,1,1,1,1,1,1,1,1,1,1,1,1,1,1,1,1,1,1,1,1,1,1,1,1,1,1,1,1,1,1,1,1,1,1,1,1,1,1,1,1,1,1,1,1,1,1,1,1,1,1,1,1,1,1,1,1,1,1,1,1,1,1,1,1,1,1,1,1,1,1,1,1
GRA remaining cash flow changes,regular spending,,,1,1,1,1,1,1,1,1,1,1,1,1,1,1,1,1,1,1,1,1,1,1,1,1,1,1,1,1,1,1,1,1,1,1,1,1,1,1,1,1,1,1,1,1,1,1,1,1,1,1,1,1,1,1,1,1,1,1,1,1,1,1,1,1,1,1,1,1,1,1,1,1,1,1,1,1,1,1,1,1,1
GRA remaining cash flow changes,deficit spending,,,1,1,1,1,1,1,1,1,1,1,1,1,1,1,1,1,1,1,1,1,1,1,1,1,1,1,1,1,1,1,1,1,1,1,1,1,1,1,1,1,1,1,1,1,1,1,1,1,1,1,1,1,1,1,1,1,1,1,1,1,1,1,1,1,1,1,1,1,1,1,1,1,1,1,1,1,1,1,1,1,1
GRA remaining cash flow changes,household taxes,,,1,1,1,1,1,1,1,1,1,1,1,1,1,1,1,1,1,1,1,1,1,1,1,1,1,1,1,1,1,1,1,1,1,1,1,1,1,1,1,1,1,1,1,1,1,1,1,1,1,1,1,1,1,1,1,1,1,1,1,1,1,1,1,1,1,1,1,1,1,1,1,1,1,1,1,1,1,1,1,1,1
GRA remaining cash flow changes,payroll taxes,,,1,1,1,1,1,1,1,1,1,1,1,1,1,1,1,1,1,1,1,1,1,1,1,1,1,1,1,1,1,1,1,1,1,1,1,1,1,1,1,1,1,1,1,1,1,1,1,1,1,1,1,1,1,1,1,1,1,1,1,1,1,1,1,1,1,1,1,1,1,1,1,1,1,1,1,1,1,1,1,1,1
GRA remaining cash flow changes,corporate taxes,,,1,1,1,1,1,1,1,1,1,1,1,1,1,1,1,1,1,1,1,1,1,1,1,1,1,1,1,1,1,1,1,1,1,1,1,1,1,1,1,1,1,1,1,1,1,1,1,1,1,1,1,1,1,1,1,1,1,1,1,1,1,1,1,1,1,1,1,1,1,1,1,1,1,1,1,1,1,1,1,1,1
